0 0 0
0 0 1
0 0 2
0 0 3
0 0 4
0 0 5
0 0 6
0 0 7
0 0 8
0 0 9
0 0 10
0 0 11
0 0 12
0 0 13
0 0 14
0 0 15
0 0 16
0 0 17
0 0 18
0 0 19
0 0 20
0 0 21
0 0 22
0 0 23
0 0 24
0 0 25
0 0 26
0 0 27
0 0 28
0 0 29
0 0 30
0 0 31
0 0 32
0 0 33
0 0 34
0 0 35
0 0 36
0 0 37
0 0 38
0 0 39
0 1 0
0 1 1
0 1 2
0 1 3
0 1 4
0 1 5
0 1 6
0 1 7
0 1 8
0 1 9
0 1 10
0 1 11
0 1 12
0 1 13
0 1 14
0 1 15
0 1 16
0 1 17
0 1 18
0 1 19
0 1 20
0 1 21
0 1 22
0 1 23
0 1 24
0 1 25
0 1 26
0 1 27
0 1 28
0 1 29
0 1 30
0 1 31
0 1 32
0 1 33
0 1 34
0 1 35
0 1 36
0 1 37
0 1 38
0 1 39
0 2 0
0 2 1
0 2 2
0 2 3
0 2 4
0 2 5
0 2 6
0 2 7
0 2 8
0 2 9
0 2 10
0 2 11
0 2 12
0 2 13
0 2 14
0 2 15
0 2 16
0 2 17
0 2 18
0 2 19
0 2 20
0 2 21
0 2 22
0 2 23
0 2 24
0 2 25
0 2 26
0 2 27
0 2 28
0 2 29
0 2 30
0 2 31
0 2 32
0 2 33
0 2 34
0 2 35
0 2 36
0 2 37
0 2 38
0 2 39
0 3 0
0 3 1
0 3 2
0 3 3
0 3 4
0 3 5
0 3 6
0 3 7
0 3 8
0 3 9
0 3 10
0 3 11
0 3 12
0 3 13
0 3 14
0 3 15
0 3 16
0 3 17
0 3 18
0 3 19
0 3 20
0 3 21
0 3 22
0 3 23
0 3 24
0 3 25
0 3 26
0 3 27
0 3 28
0 3 29
0 3 30
0 3 31
0 3 32
0 3 33
0 3 34
0 3 35
0 3 36
0 3 37
0 3 38
0 3 39
0 4 0
0 4 1
0 4 2
0 4 3
0 4 4
0 4 5
0 4 6
0 4 7
0 4 8
0 4 9
0 4 10
0 4 11
0 4 12
0 4 13
0 4 14
0 4 15
0 4 16
0 4 17
0 4 18
0 4 19
0 4 20
0 4 21
0 4 22
0 4 23
0 4 24
0 4 25
0 4 26
0 4 27
0 4 28
0 4 29
0 4 30
0 4 31
0 4 32
0 4 33
0 4 34
0 4 35
0 4 36
0 4 37
0 4 38
0 4 39
0 5 0
0 5 1
0 5 2
0 5 3
0 5 4
0 5 5
0 5 6
0 5 7
0 5 8
0 5 9
0 5 10
0 5 11
0 5 12
0 5 13
0 5 14
0 5 15
0 5 16
0 5 17
0 5 18
0 5 19
0 5 20
0 5 21
0 5 22
0 5 23
0 5 24
0 5 25
0 5 26
0 5 27
0 5 28
0 5 29
0 5 30
0 5 31
0 5 32
0 5 33
0 5 34
0 5 35
0 5 36
0 5 37
0 5 38
0 5 39
0 6 0
0 6 1
0 6 2
0 6 3
0 6 4
0 6 5
0 6 6
0 6 7
0 6 8
0 6 9
0 6 10
0 6 11
0 6 12
0 6 13
0 6 14
0 6 15
0 6 16
0 6 17
0 6 18
0 6 19
0 6 20
0 6 21
0 6 22
0 6 23
0 6 24
0 6 25
0 6 26
0 6 27
0 6 28
0 6 29
0 6 30
0 6 31
0 6 32
0 6 33
0 6 34
0 6 35
0 6 36
0 6 37
0 6 38
0 6 39
0 7 0
0 7 1
0 7 2
0 7 3
0 7 4
0 7 5
0 7 6
0 7 7
0 7 8
0 7 9
0 7 10
0 7 11
0 7 12
0 7 13
0 7 14
0 7 15
0 7 16
0 7 17
0 7 18
0 7 19
0 7 20
0 7 21
0 7 22
0 7 23
0 7 24
0 7 25
0 7 26
0 7 27
0 7 28
0 7 29
0 7 30
0 7 31
0 7 32
0 7 33
0 7 34
0 7 35
0 7 36
0 7 37
0 7 38
0 7 39
0 8 0
0 8 1
0 8 2
0 8 3
0 8 4
0 8 5
0 8 6
0 8 7
0 8 8
0 8 9
0 8 10
0 8 11
0 8 12
0 8 13
0 8 14
0 8 15
0 8 16
0 8 17
0 8 18
0 8 19
0 8 20
0 8 21
0 8 22
0 8 23
0 8 24
0 8 25
0 8 26
0 8 27
0 8 28
0 8 29
0 8 30
0 8 31
0 8 32
0 8 33
0 8 34
0 8 35
0 8 36
0 8 37
0 8 38
0 8 39
0 9 0
0 9 1
0 9 2
0 9 3
0 9 4
0 9 5
0 9 6
0 9 7
0 9 8
0 9 9
0 9 10
0 9 11
0 9 12
0 9 13
0 9 14
0 9 15
0 9 16
0 9 17
0 9 18
0 9 19
0 9 20
0 9 21
0 9 22
0 9 23
0 9 24
0 9 25
0 9 26
0 9 27
0 9 28
0 9 29
0 9 30
0 9 31
0 9 32
0 9 33
0 9 34
0 9 35
0 9 36
0 9 37
0 9 38
0 9 39
0 10 0
0 10 1
0 10 2
0 10 3
0 10 4
0 10 5
0 10 6
0 10 7
0 10 8
0 10 9
0 10 10
0 10 11
0 10 12
0 10 13
0 10 14
0 10 15
0 10 16
0 10 17
0 10 18
0 10 19
0 10 20
0 10 21
0 10 22
0 10 23
0 10 24
0 10 25
0 10 26
0 10 27
0 10 28
0 10 29
0 10 30
0 10 31
0 10 32
0 10 33
0 10 34
0 10 35
0 10 36
0 10 37
0 10 38
0 10 39
0 11 0
0 11 1
0 11 2
0 11 3
0 11 4
0 11 5
0 11 6
0 11 7
0 11 8
0 11 9
0 11 10
0 11 11
0 11 12
0 11 13
0 11 14
0 11 15
0 11 16
0 11 17
0 11 18
0 11 19
0 11 20
0 11 21
0 11 22
0 11 23
0 11 24
0 11 25
0 11 26
0 11 27
0 11 28
0 11 29
0 11 30
0 11 31
0 11 32
0 11 33
0 11 34
0 11 35
0 11 36
0 11 37
0 11 38
0 11 39
0 12 0
0 12 1
0 12 2
0 12 3
0 12 4
0 12 5
0 12 6
0 12 7
0 12 8
0 12 9
0 12 10
0 12 11
0 12 12
0 12 13
0 12 14
0 12 15
0 12 16
0 12 17
0 12 18
0 12 19
0 12 20
0 12 21
0 12 22
0 12 23
0 12 24
0 12 25
0 12 26
0 12 27
0 12 28
0 12 29
0 12 30
0 12 31
0 12 32
0 12 33
0 12 34
0 12 35
0 12 36
0 12 37
0 12 38
0 12 39
0 13 0
0 13 1
0 13 2
0 13 3
0 13 4
0 13 5
0 13 6
0 13 7
0 13 8
0 13 9
0 13 10
0 13 11
0 13 12
0 13 13
0 13 14
0 13 15
0 13 16
0 13 17
0 13 18
0 13 19
0 13 20
0 13 21
0 13 22
0 13 23
0 13 24
0 13 25
0 13 26
0 13 27
0 13 28
0 13 29
0 13 30
0 13 31
0 13 32
0 13 33
0 13 34
0 13 35
0 13 36
0 13 37
0 13 38
0 13 39
0 14 0
0 14 1
0 14 2
0 14 3
0 14 4
0 14 5
0 14 6
0 14 7
0 14 8
0 14 9
0 14 10
0 14 11
0 14 12
0 14 13
0 14 14
0 14 15
0 14 16
0 14 17
0 14 18
0 14 19
0 14 20
0 14 21
0 14 22
0 14 23
0 14 24
0 14 25
0 14 26
0 14 27
0 14 28
0 14 29
0 14 30
0 14 31
0 14 32
0 14 33
0 14 34
0 14 35
0 14 36
0 14 37
0 14 38
0 14 39
0 15 0
0 15 1
0 15 2
0 15 3
0 15 4
0 15 5
0 15 6
0 15 7
0 15 8
0 15 9
0 15 10
0 15 11
0 15 12
0 15 13
0 15 14
0 15 15
0 15 16
0 15 17
0 15 18
0 15 19
0 15 20
0 15 21
0 15 22
0 15 23
0 15 24
0 15 25
0 15 26
0 15 27
0 15 28
0 15 29
0 15 30
0 15 31
0 15 32
0 15 33
0 15 34
0 15 35
0 15 36
0 15 37
0 15 38
0 15 39
0 16 0
0 16 1
0 16 2
0 16 3
0 16 4
0 16 5
0 16 6
0 16 7
0 16 8
0 16 9
0 16 10
0 16 11
0 16 12
0 16 13
0 16 14
0 16 15
0 16 16
0 16 17
0 16 18
0 16 19
0 16 20
0 16 21
0 16 22
0 16 23
0 16 24
0 16 25
0 16 26
0 16 27
0 16 28
0 16 29
0 16 30
0 16 31
0 16 32
0 16 33
0 16 34
0 16 35
0 16 36
0 16 37
0 16 38
0 16 39
0 17 0
0 17 1
0 17 2
0 17 3
0 17 4
0 17 5
0 17 6
0 17 7
0 17 8
0 17 9
0 17 10
0 17 11
0 17 12
0 17 13
0 17 14
0 17 15
0 17 16
0 17 17
0 17 18
0 17 19
0 17 20
0 17 21
0 17 22
0 17 23
0 17 24
0 17 25
0 17 26
0 17 27
0 17 28
0 17 29
0 17 30
0 17 31
0 17 32
0 17 33
0 17 34
0 17 35
0 17 36
0 17 37
0 17 38
0 17 39
0 18 0
0 18 1
0 18 2
0 18 3
0 18 4
0 18 5
0 18 6
0 18 7
0 18 8
0 18 9
0 18 10
0 18 11
0 18 12
0 18 13
0 18 14
0 18 15
0 18 16
0 18 17
0 18 18
0 18 19
0 18 20
0 18 21
0 18 22
0 18 23
0 18 24
0 18 25
0 18 26
0 18 27
0 18 28
0 18 29
0 18 30
0 18 31
0 18 32
0 18 33
0 18 34
0 18 35
0 18 36
0 18 37
0 18 38
0 18 39
0 19 0
0 19 1
0 19 2
0 19 3
0 19 4
0 19 5
0 19 6
0 19 7
0 19 8
0 19 9
0 19 10
0 19 11
0 19 12
0 19 13
0 19 14
0 19 15
0 19 16
0 19 17
0 19 18
0 19 19
0 19 20
0 19 21
0 19 22
0 19 23
0 19 24
0 19 25
0 19 26
0 19 27
0 19 28
0 19 29
0 19 30
0 19 31
0 19 32
0 19 33
0 19 34
0 19 35
0 19 36
0 19 37
0 19 38
0 19 39
0 20 0
0 20 1
0 20 2
0 20 3
0 20 4
0 20 5
0 20 6
0 20 7
0 20 8
0 20 9
0 20 10
0 20 11
0 20 12
0 20 13
0 20 14
0 20 15
0 20 16
0 20 17
0 20 18
0 20 19
0 20 20
0 20 21
0 20 22
0 20 23
0 20 24
0 20 25
0 20 26
0 20 27
0 20 28
0 20 29
0 20 30
0 20 31
0 20 32
0 20 33
0 20 34
0 20 35
0 20 36
0 20 37
0 20 38
0 20 39
0 21 0
0 21 1
0 21 2
0 21 3
0 21 4
0 21 5
0 21 6
0 21 7
0 21 8
0 21 9
0 21 10
0 21 11
0 21 12
0 21 13
0 21 14
0 21 15
0 21 16
0 21 17
0 21 18
0 21 19
0 21 20
0 21 21
0 21 22
0 21 23
0 21 24
0 21 25
0 21 26
0 21 27
0 21 28
0 21 29
0 21 30
0 21 31
0 21 32
0 21 33
0 21 34
0 21 35
0 21 36
0 21 37
0 21 38
0 21 39
0 22 0
0 22 1
0 22 2
0 22 3
0 22 4
0 22 5
0 22 6
0 22 7
0 22 8
0 22 9
0 22 10
0 22 11
0 22 12
0 22 13
0 22 14
0 22 15
0 22 16
0 22 17
0 22 18
0 22 19
0 22 20
0 22 21
0 22 22
0 22 23
0 22 24
0 22 25
0 22 26
0 22 27
0 22 28
0 22 29
0 22 30
0 22 31
0 22 32
0 22 33
0 22 34
0 22 35
0 22 36
0 22 37
0 22 38
0 22 39
0 23 0
0 23 1
0 23 2
0 23 3
0 23 4
0 23 5
0 23 6
0 23 7
0 23 8
0 23 9
0 23 10
0 23 11
0 23 12
0 23 13
0 23 14
0 23 15
0 23 16
0 23 17
0 23 18
0 23 19
0 23 20
0 23 21
0 23 22
0 23 23
0 23 24
0 23 25
0 23 26
0 23 27
0 23 28
0 23 29
0 23 30
0 23 31
0 23 32
0 23 33
0 23 34
0 23 35
0 23 36
0 23 37
0 23 38
0 23 39
0 24 0
0 24 1
0 24 2
0 24 3
0 24 4
0 24 5
0 24 6
0 24 7
0 24 8
0 24 9
0 24 10
0 24 11
0 24 12
0 24 13
0 24 14
0 24 15
0 24 16
0 24 17
0 24 18
0 24 19
0 24 20
0 24 21
0 24 22
0 24 23
0 24 24
0 24 25
0 24 26
0 24 27
0 24 28
0 24 29
0 24 30
0 24 31
0 24 32
0 24 33
0 24 34
0 24 35
0 24 36
0 24 37
0 24 38
0 24 39
0 25 0
0 25 1
0 25 2
0 25 3
0 25 4
0 25 5
0 25 6
0 25 7
0 25 8
0 25 9
0 25 10
0 25 11
0 25 12
0 25 13
0 25 14
0 25 15
0 25 16
0 25 17
0 25 18
0 25 19
0 25 20
0 25 21
0 25 22
0 25 23
0 25 24
0 25 25
0 25 26
0 25 27
0 25 28
0 25 29
0 25 30
0 25 31
0 25 32
0 25 33
0 25 34
0 25 35
0 25 36
0 25 37
0 25 38
0 25 39
0 26 0
0 26 1
0 26 2
0 26 3
0 26 4
0 26 5
0 26 6
0 26 7
0 26 8
0 26 9
0 26 10
0 26 11
0 26 12
0 26 13
0 26 14
0 26 15
0 26 16
0 26 17
0 26 18
0 26 19
0 26 20
0 26 21
0 26 22
0 26 23
0 26 24
0 26 25
0 26 26
0 26 27
0 26 28
0 26 29
0 26 30
0 26 31
0 26 32
0 26 33
0 26 34
0 26 35
0 26 36
0 26 37
0 26 38
0 26 39
0 27 0
0 27 1
0 27 2
0 27 3
0 27 4
0 27 5
0 27 6
0 27 7
0 27 8
0 27 9
0 27 10
0 27 11
0 27 12
0 27 13
0 27 14
0 27 15
0 27 16
0 27 17
0 27 18
0 27 19
0 27 20
0 27 21
0 27 22
0 27 23
0 27 24
0 27 25
0 27 26
0 27 27
0 27 28
0 27 29
0 27 30
0 27 31
0 27 32
0 27 33
0 27 34
0 27 35
0 27 36
0 27 37
0 27 38
0 27 39
0 28 0
0 28 1
0 28 2
0 28 3
0 28 4
0 28 5
0 28 6
0 28 7
0 28 8
0 28 9
0 28 10
0 28 11
0 28 12
0 28 13
0 28 14
0 28 15
0 28 16
0 28 17
0 28 18
0 28 19
0 28 20
0 28 21
0 28 22
0 28 23
0 28 24
0 28 25
0 28 26
0 28 27
0 28 28
0 28 29
0 28 30
0 28 31
0 28 32
0 28 33
0 28 34
0 28 35
0 28 36
0 28 37
0 28 38
0 28 39
0 29 0
0 29 1
0 29 2
0 29 3
0 29 4
0 29 5
0 29 6
0 29 7
0 29 8
0 29 9
0 29 10
0 29 11
0 29 12
0 29 13
0 29 14
0 29 15
0 29 16
0 29 17
0 29 18
0 29 19
0 29 20
0 29 21
0 29 22
0 29 23
0 29 24
0 29 25
0 29 26
0 29 27
0 29 28
0 29 29
0 29 30
0 29 31
0 29 32
0 29 33
0 29 34
0 29 35
0 29 36
0 29 37
0 29 38
0 29 39
0 30 0
0 30 1
0 30 2
0 30 3
0 30 4
0 30 5
0 30 6
0 30 7
0 30 8
0 30 9
0 30 10
0 30 11
0 30 12
0 30 13
0 30 14
0 30 15
0 30 16
0 30 17
0 30 18
0 30 19
0 30 20
0 30 21
0 30 22
0 30 23
0 30 24
0 30 25
0 30 26
0 30 27
0 30 28
0 30 29
0 30 30
0 30 31
0 30 32
0 30 33
0 30 34
0 30 35
0 30 36
0 30 37
0 30 38
0 30 39
0 31 0
0 31 1
0 31 2
0 31 3
0 31 4
0 31 5
0 31 6
0 31 7
0 31 8
0 31 9
0 31 10
0 31 11
0 31 12
0 31 13
0 31 14
0 31 15
0 31 16
0 31 17
0 31 18
0 31 19
0 31 20
0 31 21
0 31 22
0 31 23
0 31 24
0 31 25
0 31 26
0 31 27
0 31 28
0 31 29
0 31 30
0 31 31
0 31 32
0 31 33
0 31 34
0 31 35
0 31 36
0 31 37
0 31 38
0 31 39
0 32 0
0 32 1
0 32 2
0 32 3
0 32 4
0 32 5
0 32 6
0 32 7
0 32 8
0 32 9
0 32 10
0 32 11
0 32 12
0 32 13
0 32 14
0 32 15
0 32 16
0 32 17
0 32 18
0 32 19
0 32 20
0 32 21
0 32 22
0 32 23
0 32 24
0 32 25
0 32 26
0 32 27
0 32 28
0 32 29
0 32 30
0 32 31
0 32 32
0 32 33
0 32 34
0 32 35
0 32 36
0 32 37
0 32 38
0 32 39
0 33 0
0 33 1
0 33 2
0 33 3
0 33 4
0 33 5
0 33 6
0 33 7
0 33 8
0 33 9
0 33 10
0 33 11
0 33 12
0 33 13
0 33 14
0 33 15
0 33 16
0 33 17
0 33 18
0 33 19
0 33 20
0 33 21
0 33 22
0 33 23
0 33 24
0 33 25
0 33 26
0 33 27
0 33 28
0 33 29
0 33 30
0 33 31
0 33 32
0 33 33
0 33 34
0 33 35
0 33 36
0 33 37
0 33 38
0 33 39
0 34 0
0 34 1
0 34 2
0 34 3
0 34 4
0 34 5
0 34 6
0 34 7
0 34 8
0 34 9
0 34 10
0 34 11
0 34 12
0 34 13
0 34 14
0 34 15
0 34 16
0 34 17
0 34 18
0 34 19
0 34 20
0 34 21
0 34 22
0 34 23
0 34 24
0 34 25
0 34 26
0 34 27
0 34 28
0 34 29
0 34 30
0 34 31
0 34 32
0 34 33
0 34 34
0 34 35
0 34 36
0 34 37
0 34 38
0 34 39
0 35 0
0 35 1
0 35 2
0 35 3
0 35 4
0 35 5
0 35 6
0 35 7
0 35 8
0 35 9
0 35 10
0 35 11
0 35 12
0 35 13
0 35 14
0 35 15
0 35 16
0 35 17
0 35 18
0 35 19
0 35 20
0 35 21
0 35 22
0 35 23
0 35 24
0 35 25
0 35 26
0 35 27
0 35 28
0 35 29
0 35 30
0 35 31
0 35 32
0 35 33
0 35 34
0 35 35
0 35 36
0 35 37
0 35 38
0 35 39
0 36 0
0 36 1
0 36 2
0 36 3
0 36 4
0 36 5
0 36 6
0 36 7
0 36 8
0 36 9
0 36 10
0 36 11
0 36 12
0 36 13
0 36 14
0 36 15
0 36 16
0 36 17
0 36 18
0 36 19
0 36 20
0 36 21
0 36 22
0 36 23
0 36 24
0 36 25
0 36 26
0 36 27
0 36 28
0 36 29
0 36 30
0 36 31
0 36 32
0 36 33
0 36 34
0 36 35
0 36 36
0 36 37
0 36 38
0 36 39
0 37 0
0 37 1
0 37 2
0 37 3
0 37 4
0 37 5
0 37 6
0 37 7
0 37 8
0 37 9
0 37 10
0 37 11
0 37 12
0 37 13
0 37 14
0 37 15
0 37 16
0 37 17
0 37 18
0 37 19
0 37 20
0 37 21
0 37 22
0 37 23
0 37 24
0 37 25
0 37 26
0 37 27
0 37 28
0 37 29
0 37 30
0 37 31
0 37 32
0 37 33
0 37 34
0 37 35
0 37 36
0 37 37
0 37 38
0 37 39
0 38 0
0 38 1
0 38 2
0 38 3
0 38 4
0 38 5
0 38 6
0 38 7
0 38 8
0 38 9
0 38 10
0 38 11
0 38 12
0 38 13
0 38 14
0 38 15
0 38 16
0 38 17
0 38 18
0 38 19
0 38 20
0 38 21
0 38 22
0 38 23
0 38 24
0 38 25
0 38 26
0 38 27
0 38 28
0 38 29
0 38 30
0 38 31
0 38 32
0 38 33
0 38 34
0 38 35
0 38 36
0 38 37
0 38 38
0 38 39
0 39 0
0 39 1
0 39 2
0 39 3
0 39 4
0 39 5
0 39 6
0 39 7
0 39 8
0 39 9
0 39 10
0 39 11
0 39 12
0 39 13
0 39 14
0 39 15
0 39 16
0 39 17
0 39 18
0 39 19
0 39 20
0 39 21
0 39 22
0 39 23
0 39 24
0 39 25
0 39 26
0 39 27
0 39 28
0 39 29
0 39 30
0 39 31
0 39 32
0 39 33
0 39 34
0 39 35
0 39 36
0 39 37
0 39 38
0 39 39
0 40 0
0 40 1
0 40 2
0 40 3
0 40 4
0 40 5
0 40 6
0 40 7
0 40 8
0 40 9
0 40 10
0 40 11
0 40 12
0 40 13
0 40 14
0 40 15
0 40 16
0 40 17
0 40 18
0 40 19
0 40 20
0 40 21
0 40 22
0 40 23
0 40 24
0 40 25
0 40 26
0 40 27
0 40 28
0 40 29
0 40 30
0 40 31
0 40 32
0 40 33
0 40 34
0 40 35
0 40 36
0 40 37
0 40 38
0 40 39
0 41 0
0 41 1
0 41 2
0 41 3
0 41 4
0 41 5
0 41 6
0 41 7
0 41 8
0 41 9
0 41 10
0 41 11
0 41 12
0 41 13
0 41 14
0 41 15
0 41 16
0 41 17
0 41 18
0 41 19
0 41 20
0 41 21
0 41 22
0 41 23
0 41 24
0 41 25
0 41 26
0 41 27
0 41 28
0 41 29
0 41 30
0 41 31
0 41 32
0 41 33
0 41 34
0 41 35
0 41 36
0 41 37
0 41 38
0 41 39
0 42 0
0 42 1
0 42 2
0 42 3
0 42 4
0 42 5
0 42 6
0 42 7
0 42 8
0 42 9
0 42 10
0 42 11
0 42 12
0 42 13
0 42 14
0 42 15
0 42 16
0 42 17
0 42 18
0 42 19
0 42 20
0 42 21
0 42 22
0 42 23
0 42 24
0 42 25
0 42 26
0 42 27
0 42 28
0 42 29
0 42 30
0 42 31
0 42 32
0 42 33
0 42 34
0 42 35
0 42 36
0 42 37
0 42 38
0 42 39
0 43 0
0 43 1
0 43 2
0 43 3
0 43 4
0 43 5
0 43 6
0 43 7
0 43 8
0 43 9
0 43 10
0 43 11
0 43 12
0 43 13
0 43 14
0 43 15
0 43 16
0 43 17
0 43 18
0 43 19
0 43 20
0 43 21
0 43 22
0 43 23
0 43 24
0 43 25
0 43 26
0 43 27
0 43 28
0 43 29
0 43 30
0 43 31
0 43 32
0 43 33
0 43 34
0 43 35
0 43 36
0 43 37
0 43 38
0 43 39
0 44 0
0 44 1
0 44 2
0 44 3
0 44 4
0 44 5
0 44 6
0 44 7
0 44 8
0 44 9
0 44 10
0 44 11
0 44 12
0 44 13
0 44 14
0 44 15
0 44 16
0 44 17
0 44 18
0 44 19
0 44 20
0 44 21
0 44 22
0 44 23
0 44 24
0 44 25
0 44 26
0 44 27
0 44 28
0 44 29
0 44 30
0 44 31
0 44 32
0 44 33
0 44 34
0 44 35
0 44 36
0 44 37
0 44 38
0 44 39
0 45 0
0 45 1
0 45 2
0 45 3
0 45 4
0 45 5
0 45 6
0 45 7
0 45 8
0 45 9
0 45 10
0 45 11
0 45 12
0 45 13
0 45 14
0 45 15
0 45 16
0 45 17
0 45 18
0 45 19
0 45 20
0 45 21
0 45 22
0 45 23
0 45 24
0 45 25
0 45 26
0 45 27
0 45 28
0 45 29
0 45 30
0 45 31
0 45 32
0 45 33
0 45 34
0 45 35
0 45 36
0 45 37
0 45 38
0 45 39
0 46 0
0 46 1
0 46 2
0 46 3
0 46 4
0 46 5
0 46 6
0 46 7
0 46 8
0 46 9
0 46 10
0 46 11
0 46 12
0 46 13
0 46 14
0 46 15
0 46 16
0 46 17
0 46 18
0 46 19
0 46 20
0 46 21
0 46 22
0 46 23
0 46 24
0 46 25
0 46 26
0 46 27
0 46 28
0 46 29
0 46 30
0 46 31
0 46 32
0 46 33
0 46 34
0 46 35
0 46 36
0 46 37
0 46 38
0 46 39
0 47 0
0 47 1
0 47 2
0 47 3
0 47 4
0 47 5
0 47 6
0 47 7
0 47 8
0 47 9
0 47 10
0 47 11
0 47 12
0 47 13
0 47 14
0 47 15
0 47 16
0 47 17
0 47 18
0 47 19
0 47 20
0 47 21
0 47 22
0 47 23
0 47 24
0 47 25
0 47 26
0 47 27
0 47 28
0 47 29
0 47 30
0 47 31
0 47 32
0 47 33
0 47 34
0 47 35
0 47 36
0 47 37
0 47 38
0 47 39
0 48 0
0 48 1
0 48 2
0 48 3
0 48 4
0 48 5
0 48 6
0 48 7
0 48 8
0 48 9
0 48 10
0 48 11
0 48 12
0 48 13
0 48 14
0 48 15
0 48 16
0 48 17
0 48 18
0 48 19
0 48 20
0 48 21
0 48 22
0 48 23
0 48 24
0 48 25
0 48 26
0 48 27
0 48 28
0 48 29
0 48 30
0 48 31
0 48 32
0 48 33
0 48 34
0 48 35
0 48 36
0 48 37
0 48 38
0 48 39
0 49 0
0 49 1
0 49 2
0 49 3
0 49 4
0 49 5
0 49 6
0 49 7
0 49 8
0 49 9
0 49 10
0 49 11
0 49 12
0 49 13
0 49 14
0 49 15
0 49 16
0 49 17
0 49 18
0 49 19
0 49 20
0 49 21
0 49 22
0 49 23
0 49 24
0 49 25
0 49 26
0 49 27
0 49 28
0 49 29
0 49 30
0 49 31
0 49 32
0 49 33
0 49 34
0 49 35
0 49 36
0 49 37
0 49 38
0 49 39
0 50 0
0 50 1
0 50 2
0 50 3
0 50 4
0 50 5
0 50 6
0 50 7
0 50 8
0 50 9
0 50 10
0 50 11
0 50 12
0 50 13
0 50 14
0 50 15
0 50 16
0 50 17
0 50 18
0 50 19
0 50 20
0 50 21
0 50 22
0 50 23
0 50 24
0 50 25
0 50 26
0 50 27
0 50 28
0 50 29
0 50 30
0 50 31
0 50 32
0 50 33
0 50 34
0 50 35
0 50 36
0 50 37
0 50 38
0 50 39
0 51 0
0 51 1
0 51 2
0 51 3
0 51 4
0 51 5
0 51 6
0 51 7
0 51 8
0 51 9
0 51 10
0 51 11
0 51 12
0 51 13
0 51 14
0 51 15
0 51 16
0 51 17
0 51 18
0 51 19
0 51 20
0 51 21
0 51 22
0 51 23
0 51 24
0 51 25
0 51 26
0 51 27
0 51 28
0 51 29
0 51 30
0 51 31
0 51 32
0 51 33
0 51 34
0 51 35
0 51 36
0 51 37
0 51 38
0 51 39
0 52 0
0 52 1
0 52 2
0 52 3
0 52 4
0 52 5
0 52 6
0 52 7
0 52 8
0 52 9
0 52 10
0 52 11
0 52 12
0 52 13
0 52 14
0 52 15
0 52 16
0 52 17
0 52 18
0 52 19
0 52 20
0 52 21
0 52 22
0 52 23
0 52 24
0 52 25
0 52 26
0 52 27
0 52 28
0 52 29
0 52 30
0 52 31
0 52 32
0 52 33
0 52 34
0 52 35
0 52 36
0 52 37
0 52 38
0 52 39
0 53 0
0 53 1
0 53 2
0 53 3
0 53 4
0 53 5
0 53 6
0 53 7
0 53 8
0 53 9
0 53 10
0 53 11
0 53 12
0 53 13
0 53 14
0 53 15
0 53 16
0 53 17
0 53 18
0 53 19
0 53 20
0 53 21
0 53 22
0 53 23
0 53 24
0 53 25
0 53 26
0 53 27
0 53 28
0 53 29
0 53 30
0 53 31
0 53 32
0 53 33
0 53 34
0 53 35
0 53 36
0 53 37
0 53 38
0 53 39
0 54 0
0 54 1
0 54 2
0 54 3
0 54 4
0 54 5
0 54 6
0 54 7
0 54 8
0 54 9
0 54 10
0 54 11
0 54 12
0 54 13
0 54 14
0 54 15
0 54 16
0 54 17
0 54 18
0 54 19
0 54 20
0 54 21
0 54 22
0 54 23
0 54 24
0 54 25
0 54 26
0 54 27
0 54 28
0 54 29
0 54 30
0 54 31
0 54 32
0 54 33
0 54 34
0 54 35
0 54 36
0 54 37
0 54 38
0 54 39
0 55 0
0 55 1
0 55 2
0 55 3
0 55 4
0 55 5
0 55 6
0 55 7
0 55 8
0 55 9
0 55 10
0 55 11
0 55 12
0 55 13
0 55 14
0 55 15
0 55 16
0 55 17
0 55 18
0 55 19
0 55 20
0 55 21
0 55 22
0 55 23
0 55 24
0 55 25
0 55 26
0 55 27
0 55 28
0 55 29
0 55 30
0 55 31
0 55 32
0 55 33
0 55 34
0 55 35
0 55 36
0 55 37
0 55 38
0 55 39
0 56 0
0 56 1
0 56 2
0 56 3
0 56 4
0 56 5
0 56 6
0 56 7
0 56 8
0 56 9
0 56 10
0 56 11
0 56 12
0 56 13
0 56 14
0 56 15
0 56 16
0 56 17
0 56 18
0 56 19
0 56 20
0 56 21
0 56 22
0 56 23
0 56 24
0 56 25
0 56 26
0 56 27
0 56 28
0 56 29
0 56 30
0 56 31
0 56 32
0 56 33
0 56 34
0 56 35
0 56 36
0 56 37
0 56 38
0 56 39
0 57 0
0 57 1
0 57 2
0 57 3
0 57 4
0 57 5
0 57 6
0 57 7
0 57 8
0 57 9
0 57 10
0 57 11
0 57 12
0 57 13
0 57 14
0 57 15
0 57 16
0 57 17
0 57 18
0 57 19
0 57 20
0 57 21
0 57 22
0 57 23
0 57 24
0 57 25
0 57 26
0 57 27
0 57 28
0 57 29
0 57 30
0 57 31
0 57 32
0 57 33
0 57 34
0 57 35
0 57 36
0 57 37
0 57 38
0 57 39
0 58 0
0 58 1
0 58 2
0 58 3
0 58 4
0 58 5
0 58 6
0 58 7
0 58 8
0 58 9
0 58 10
0 58 11
0 58 12
0 58 13
0 58 14
0 58 15
0 58 16
0 58 17
0 58 18
0 58 19
0 58 20
0 58 21
0 58 22
0 58 23
0 58 24
0 58 25
0 58 26
0 58 27
0 58 28
0 58 29
0 58 30
0 58 31
0 58 32
0 58 33
0 58 34
0 58 35
0 58 36
0 58 37
0 58 38
0 58 39
0 59 0
0 59 1
0 59 2
0 59 3
0 59 4
0 59 5
0 59 6
0 59 7
0 59 8
0 59 9
0 59 10
0 59 11
0 59 12
0 59 13
0 59 14
0 59 15
0 59 16
0 59 17
0 59 18
0 59 19
0 59 20
0 59 21
0 59 22
0 59 23
0 59 24
0 59 25
0 59 26
0 59 27
0 59 28
0 59 29
0 59 30
0 59 31
0 59 32
0 59 33
0 59 34
0 59 35
0 59 36
0 59 37
0 59 38
0 59 39
0 60 0
0 60 1
0 60 2
0 60 3
0 60 4
0 60 5
0 60 6
0 60 7
0 60 8
0 60 9
0 60 10
0 60 11
0 60 12
0 60 13
0 60 14
0 60 15
0 60 16
0 60 17
0 60 18
0 60 19
0 60 20
0 60 21
0 60 22
0 60 23
0 60 24
0 60 25
0 60 26
0 60 27
0 60 28
0 60 29
0 60 30
0 60 31
0 60 32
0 60 33
0 60 34
0 60 35
0 60 36
0 60 37
0 60 38
0 60 39
0 61 0
0 61 1
0 61 2
0 61 3
0 61 4
0 61 5
0 61 6
0 61 7
0 61 8
0 61 9
0 61 10
0 61 11
0 61 12
0 61 13
0 61 14
0 61 15
0 61 16
0 61 17
0 61 18
0 61 19
0 61 20
0 61 21
0 61 22
0 61 23
0 61 24
0 61 25
0 61 26
0 61 27
0 61 28
0 61 29
0 61 30
0 61 31
0 61 32
0 61 33
0 61 34
0 61 35
0 61 36
0 61 37
0 61 38
0 61 39
0 62 0
0 62 1
0 62 2
0 62 3
0 62 4
0 62 5
0 62 6
0 62 7
0 62 8
0 62 9
0 62 10
0 62 11
0 62 12
0 62 13
0 62 14
0 62 15
0 62 16
0 62 17
0 62 18
0 62 19
0 62 20
0 62 21
0 62 22
0 62 23
0 62 24
0 62 25
0 62 26
0 62 27
0 62 28
0 62 29
0 62 30
0 62 31
0 62 32
0 62 33
0 62 34
0 62 35
0 62 36
0 62 37
0 62 38
0 62 39
0 63 0
0 63 1
0 63 2
0 63 3
0 63 4
0 63 5
0 63 6
0 63 7
0 63 8
0 63 9
0 63 10
0 63 11
0 63 12
0 63 13
0 63 14
0 63 15
0 63 16
0 63 17
0 63 18
0 63 19
0 63 20
0 63 21
0 63 22
0 63 23
0 63 24
0 63 25
0 63 26
0 63 27
0 63 28
0 63 29
0 63 30
0 63 31
0 63 32
0 63 33
0 63 34
0 63 35
0 63 36
0 63 37
0 63 38
0 63 39
0 64 0
0 64 1
0 64 2
0 64 3
0 64 4
0 64 5
0 64 6
0 64 7
0 64 8
0 64 9
0 64 10
0 64 11
0 64 12
0 64 13
0 64 14
0 64 15
0 64 16
0 64 17
0 64 18
0 64 19
0 64 20
0 64 21
0 64 22
0 64 23
0 64 24
0 64 25
0 64 26
0 64 27
0 64 28
0 64 29
0 64 30
0 64 31
0 64 32
0 64 33
0 64 34
0 64 35
0 64 36
0 64 37
0 64 38
0 64 39
0 65 0
0 65 1
0 65 2
0 65 3
0 65 4
0 65 5
0 65 6
0 65 7
0 65 8
0 65 9
0 65 10
0 65 11
0 65 12
0 65 13
0 65 14
0 65 15
0 65 16
0 65 17
0 65 18
0 65 19
0 65 20
0 65 21
0 65 22
0 65 23
0 65 24
0 65 25
0 65 26
0 65 27
0 65 28
0 65 29
0 65 30
0 65 31
0 65 32
0 65 33
0 65 34
0 65 35
0 65 36
0 65 37
0 65 38
0 65 39
0 66 0
0 66 1
0 66 2
0 66 3
0 66 4
0 66 5
0 66 6
0 66 7
0 66 8
0 66 9
0 66 10
0 66 11
0 66 12
0 66 13
0 66 14
0 66 15
0 66 16
0 66 17
0 66 18
0 66 19
0 66 20
0 66 21
0 66 22
0 66 23
0 66 24
0 66 25
0 66 26
0 66 27
0 66 28
0 66 29
0 66 30
0 66 31
0 66 32
0 66 33
0 66 34
0 66 35
0 66 36
0 66 37
0 66 38
0 66 39
0 67 0
0 67 1
0 67 2
0 67 3
0 67 4
0 67 5
0 67 6
0 67 7
0 67 8
0 67 9
0 67 10
0 67 11
0 67 12
0 67 13
0 67 14
0 67 15
0 67 16
0 67 17
0 67 18
0 67 19
0 67 20
0 67 21
0 67 22
0 67 23
0 67 24
0 67 25
0 67 26
0 67 27
0 67 28
0 67 29
0 67 30
0 67 31
0 67 32
0 67 33
0 67 34
0 67 35
0 67 36
0 67 37
0 67 38
0 67 39
0 68 0
0 68 1
0 68 2
0 68 3
0 68 4
0 68 5
0 68 6
0 68 7
0 68 8
0 68 9
0 68 10
0 68 11
0 68 12
0 68 13
0 68 14
0 68 15
0 68 16
0 68 17
0 68 18
0 68 19
0 68 20
0 68 21
0 68 22
0 68 23
0 68 24
0 68 25
0 68 26
0 68 27
0 68 28
0 68 29
0 68 30
0 68 31
0 68 32
0 68 33
0 68 34
0 68 35
0 68 36
0 68 37
0 68 38
0 68 39
0 69 0
0 69 1
0 69 2
0 69 3
0 69 4
0 69 5
0 69 6
0 69 7
0 69 8
0 69 9
0 69 10
0 69 11
0 69 12
0 69 13
0 69 14
0 69 15
0 69 16
0 69 17
0 69 18
0 69 19
0 69 20
0 69 21
0 69 22
0 69 23
0 69 24
0 69 25
0 69 26
0 69 27
0 69 28
0 69 29
0 69 30
0 69 31
0 69 32
0 69 33
0 69 34
0 69 35
0 69 36
0 69 37
0 69 38
0 69 39
0 70 0
0 70 1
0 70 2
0 70 3
0 70 4
0 70 5
0 70 6
0 70 7
0 70 8
0 70 9
0 70 10
0 70 11
0 70 12
0 70 13
0 70 14
0 70 15
0 70 16
0 70 17
0 70 18
0 70 19
0 70 20
0 70 21
0 70 22
0 70 23
0 70 24
0 70 25
0 70 26
0 70 27
0 70 28
0 70 29
0 70 30
0 70 31
0 70 32
0 70 33
0 70 34
0 70 35
0 70 36
0 70 37
0 70 38
0 70 39
0 71 0
0 71 1
0 71 2
0 71 3
0 71 4
0 71 5
0 71 6
0 71 7
0 71 8
0 71 9
0 71 10
0 71 11
0 71 12
0 71 13
0 71 14
0 71 15
0 71 16
0 71 17
0 71 18
0 71 19
0 71 20
0 71 21
0 71 22
0 71 23
0 71 24
0 71 25
0 71 26
0 71 27
0 71 28
0 71 29
0 71 30
0 71 31
0 71 32
0 71 33
0 71 34
0 71 35
0 71 36
0 71 37
0 71 38
0 71 39
0 72 0
0 72 1
0 72 2
0 72 3
0 72 4
0 72 5
0 72 6
0 72 7
0 72 8
0 72 9
0 72 10
0 72 11
0 72 12
0 72 13
0 72 14
0 72 15
0 72 16
0 72 17
0 72 18
0 72 19
0 72 20
0 72 21
0 72 22
0 72 23
0 72 24
0 72 25
0 72 26
0 72 27
0 72 28
0 72 29
0 72 30
0 72 31
0 72 32
0 72 33
0 72 34
0 72 35
0 72 36
0 72 37
0 72 38
0 72 39
0 73 0
0 73 1
0 73 2
0 73 3
0 73 4
0 73 5
0 73 6
0 73 7
0 73 8
0 73 9
0 73 10
0 73 11
0 73 12
0 73 13
0 73 14
0 73 15
0 73 16
0 73 17
0 73 18
0 73 19
0 73 20
0 73 21
0 73 22
0 73 23
0 73 24
0 73 25
0 73 26
0 73 27
0 73 28
0 73 29
0 73 30
0 73 31
0 73 32
0 73 33
0 73 34
0 73 35
0 73 36
0 73 37
0 73 38
0 73 39
0 74 0
0 74 1
0 74 2
0 74 3
0 74 4
0 74 5
0 74 6
0 74 7
0 74 8
0 74 9
0 74 10
0 74 11
0 74 12
0 74 13
0 74 14
0 74 15
0 74 16
0 74 17
0 74 18
0 74 19
0 74 20
0 74 21
0 74 22
0 74 23
0 74 24
0 74 25
0 74 26
0 74 27
0 74 28
0 74 29
0 74 30
0 74 31
0 74 32
0 74 33
0 74 34
0 74 35
0 74 36
0 74 37
0 74 38
0 74 39
0 75 0
0 75 1
0 75 2
0 75 3
0 75 4
0 75 5
0 75 6
0 75 7
0 75 8
0 75 9
0 75 10
0 75 11
0 75 12
0 75 13
0 75 14
0 75 15
0 75 16
0 75 17
0 75 18
0 75 19
0 75 20
0 75 21
0 75 22
0 75 23
0 75 24
0 75 25
0 75 26
0 75 27
0 75 28
0 75 29
0 75 30
0 75 31
0 75 32
0 75 33
0 75 34
0 75 35
0 75 36
0 75 37
0 75 38
0 75 39
0 76 0
0 76 1
0 76 2
0 76 3
0 76 4
0 76 5
0 76 6
0 76 7
0 76 8
0 76 9
0 76 10
0 76 11
0 76 12
0 76 13
0 76 14
0 76 15
0 76 16
0 76 17
0 76 18
0 76 19
0 76 20
0 76 21
0 76 22
0 76 23
0 76 24
0 76 25
0 76 26
0 76 27
0 76 28
0 76 29
0 76 30
0 76 31
0 76 32
0 76 33
0 76 34
0 76 35
0 76 36
0 76 37
0 76 38
0 76 39
0 77 0
0 77 1
0 77 2
0 77 3
0 77 4
0 77 5
0 77 6
0 77 7
0 77 8
0 77 9
0 77 10
0 77 11
0 77 12
0 77 13
0 77 14
0 77 15
0 77 16
0 77 17
0 77 18
0 77 19
0 77 20
0 77 21
0 77 22
0 77 23
0 77 24
0 77 25
0 77 26
0 77 27
0 77 28
0 77 29
0 77 30
0 77 31
0 77 32
0 77 33
0 77 34
0 77 35
0 77 36
0 77 37
0 77 38
0 77 39
0 78 0
0 78 1
0 78 2
0 78 3
0 78 4
0 78 5
0 78 6
0 78 7
0 78 8
0 78 9
0 78 10
0 78 11
0 78 12
0 78 13
0 78 14
0 78 15
0 78 16
0 78 17
0 78 18
0 78 19
0 78 20
0 78 21
0 78 22
0 78 23
0 78 24
0 78 25
0 78 26
0 78 27
0 78 28
0 78 29
0 78 30
0 78 31
0 78 32
0 78 33
0 78 34
0 78 35
0 78 36
0 78 37
0 78 38
0 78 39
0 79 0
0 79 1
0 79 2
0 79 3
0 79 4
0 79 5
0 79 6
0 79 7
0 79 8
0 79 9
0 79 10
0 79 11
0 79 12
0 79 13
0 79 14
0 79 15
0 79 16
0 79 17
0 79 18
0 79 19
0 79 20
0 79 21
0 79 22
0 79 23
0 79 24
0 79 25
0 79 26
0 79 27
0 79 28
0 79 29
0 79 30
0 79 31
0 79 32
0 79 33
0 79 34
0 79 35
0 79 36
0 79 37
0 79 38
0 79 39
0 80 0
0 80 1
0 80 2
0 80 3
0 80 4
0 80 5
0 80 6
0 80 7
0 80 8
0 80 9
0 80 10
0 80 11
0 80 12
0 80 13
0 80 14
0 80 15
0 80 16
0 80 17
0 80 18
0 80 19
0 80 20
0 80 21
0 80 22
0 80 23
0 80 24
0 80 25
0 80 26
0 80 27
0 80 28
0 80 29
0 80 30
0 80 31
0 80 32
0 80 33
0 80 34
0 80 35
0 80 36
0 80 37
0 80 38
0 80 39
0 81 0
0 81 1
0 81 2
0 81 3
0 81 4
0 81 5
0 81 6
0 81 7
0 81 8
0 81 9
0 81 10
0 81 11
0 81 12
0 81 13
0 81 14
0 81 15
0 81 16
0 81 17
0 81 18
0 81 19
0 81 20
0 81 21
0 81 22
0 81 23
0 81 24
0 81 25
0 81 26
0 81 27
0 81 28
0 81 29
0 81 30
0 81 31
0 81 32
0 81 33
0 81 34
0 81 35
0 81 36
0 81 37
0 81 38
0 81 39
0 82 0
0 82 1
0 82 2
0 82 3
0 82 4
0 82 5
0 82 6
0 82 7
0 82 8
0 82 9
0 82 10
0 82 11
0 82 12
0 82 13
0 82 14
0 82 15
0 82 16
0 82 17
0 82 18
0 82 19
0 82 20
0 82 21
0 82 22
0 82 23
0 82 24
0 82 25
0 82 26
0 82 27
0 82 28
0 82 29
0 82 30
0 82 31
0 82 32
0 82 33
0 82 34
0 82 35
0 82 36
0 82 37
0 82 38
0 82 39
0 83 0
0 83 1
0 83 2
0 83 3
0 83 4
0 83 5
0 83 6
0 83 7
0 83 8
0 83 9
0 83 10
0 83 11
0 83 12
0 83 13
0 83 14
0 83 15
0 83 16
0 83 17
0 83 18
0 83 19
0 83 20
0 83 21
0 83 22
0 83 23
0 83 24
0 83 25
0 83 26
0 83 27
0 83 28
0 83 29
0 83 30
0 83 31
0 83 32
0 83 33
0 83 34
0 83 35
0 83 36
0 83 37
0 83 38
0 83 39
0 84 0
0 84 1
0 84 2
0 84 3
0 84 4
0 84 5
0 84 6
0 84 7
0 84 8
0 84 9
0 84 10
0 84 11
0 84 12
0 84 13
0 84 14
0 84 15
0 84 16
0 84 17
0 84 18
0 84 19
0 84 20
0 84 21
0 84 22
0 84 23
0 84 24
0 84 25
0 84 26
0 84 27
0 84 28
0 84 29
0 84 30
0 84 31
0 84 32
0 84 33
0 84 34
0 84 35
0 84 36
0 84 37
0 84 38
0 84 39
0 85 0
0 85 1
0 85 2
0 85 3
0 85 4
0 85 5
0 85 6
0 85 7
0 85 8
0 85 9
0 85 10
0 85 11
0 85 12
0 85 13
0 85 14
0 85 15
0 85 16
0 85 17
0 85 18
0 85 19
0 85 20
0 85 21
0 85 22
0 85 23
0 85 24
0 85 25
0 85 26
0 85 27
0 85 28
0 85 29
0 85 30
0 85 31
0 85 32
0 85 33
0 85 34
0 85 35
0 85 36
0 85 37
0 85 38
0 85 39
0 86 0
0 86 1
0 86 2
0 86 3
0 86 4
0 86 5
0 86 6
0 86 7
0 86 8
0 86 9
0 86 10
0 86 11
0 86 12
0 86 13
0 86 14
0 86 15
0 86 16
0 86 17
0 86 18
0 86 19
0 86 20
0 86 21
0 86 22
0 86 23
0 86 24
0 86 25
0 86 26
0 86 27
0 86 28
0 86 29
0 86 30
0 86 31
0 86 32
0 86 33
0 86 34
0 86 35
0 86 36
0 86 37
0 86 38
0 86 39
0 87 0
0 87 1
0 87 2
0 87 3
0 87 4
0 87 5
0 87 6
0 87 7
0 87 8
0 87 9
0 87 10
0 87 11
0 87 12
0 87 13
0 87 14
0 87 15
0 87 16
0 87 17
0 87 18
0 87 19
0 87 20
0 87 21
0 87 22
0 87 23
0 87 24
0 87 25
0 87 26
0 87 27
0 87 28
0 87 29
0 87 30
0 87 31
0 87 32
0 87 33
0 87 34
0 87 35
0 87 36
0 87 37
0 87 38
0 87 39
0 88 0
0 88 1
0 88 2
0 88 3
0 88 4
0 88 5
0 88 6
0 88 7
0 88 8
0 88 9
0 88 10
0 88 11
0 88 12
0 88 13
0 88 14
0 88 15
0 88 16
0 88 17
0 88 18
0 88 19
0 88 20
0 88 21
0 88 22
0 88 23
0 88 24
0 88 25
0 88 26
0 88 27
0 88 28
0 88 29
0 88 30
0 88 31
0 88 32
0 88 33
0 88 34
0 88 35
0 88 36
0 88 37
0 88 38
0 88 39
0 89 0
0 89 1
0 89 2
0 89 3
0 89 4
0 89 5
0 89 6
0 89 7
0 89 8
0 89 9
0 89 10
0 89 11
0 89 12
0 89 13
0 89 14
0 89 15
0 89 16
0 89 17
0 89 18
0 89 19
0 89 20
0 89 21
0 89 22
0 89 23
0 89 24
0 89 25
0 89 26
0 89 27
0 89 28
0 89 29
0 89 30
0 89 31
0 89 32
0 89 33
0 89 34
0 89 35
0 89 36
0 89 37
0 89 38
0 89 39
0 90 0
0 90 1
0 90 2
0 90 3
0 90 4
0 90 5
0 90 6
0 90 7
0 90 8
0 90 9
0 90 10
0 90 11
0 90 12
0 90 13
0 90 14
0 90 15
0 90 16
0 90 17
0 90 18
0 90 19
0 90 20
0 90 21
0 90 22
0 90 23
0 90 24
0 90 25
0 90 26
0 90 27
0 90 28
0 90 29
0 90 30
0 90 31
0 90 32
0 90 33
0 90 34
0 90 35
0 90 36
0 90 37
0 90 38
0 90 39
0 91 0
0 91 1
0 91 2
0 91 3
0 91 4
0 91 5
0 91 6
0 91 7
0 91 8
0 91 9
0 91 10
0 91 11
0 91 12
0 91 13
0 91 14
0 91 15
0 91 16
0 91 17
0 91 18
0 91 19
0 91 20
0 91 21
0 91 22
0 91 23
0 91 24
0 91 25
0 91 26
0 91 27
0 91 28
0 91 29
0 91 30
0 91 31
0 91 32
0 91 33
0 91 34
0 91 35
0 91 36
0 91 37
0 91 38
0 91 39
0 92 0
0 92 1
0 92 2
0 92 3
0 92 4
0 92 5
0 92 6
0 92 7
0 92 8
0 92 9
0 92 10
0 92 11
0 92 12
0 92 13
0 92 14
0 92 15
0 92 16
0 92 17
0 92 18
0 92 19
0 92 20
0 92 21
0 92 22
0 92 23
0 92 24
0 92 25
0 92 26
0 92 27
0 92 28
0 92 29
0 92 30
0 92 31
0 92 32
0 92 33
0 92 34
0 92 35
0 92 36
0 92 37
0 92 38
0 92 39
0 93 0
0 93 1
0 93 2
0 93 3
0 93 4
0 93 5
0 93 6
0 93 7
0 93 8
0 93 9
0 93 10
0 93 11
0 93 12
0 93 13
0 93 14
0 93 15
0 93 16
0 93 17
0 93 18
0 93 19
0 93 20
0 93 21
0 93 22
0 93 23
0 93 24
0 93 25
0 93 26
0 93 27
0 93 28
0 93 29
0 93 30
0 93 31
0 93 32
0 93 33
0 93 34
0 93 35
0 93 36
0 93 37
0 93 38
0 93 39
0 94 0
0 94 1
0 94 2
0 94 3
0 94 4
0 94 5
0 94 6
0 94 7
0 94 8
0 94 9
0 94 10
0 94 11
0 94 12
0 94 13
0 94 14
0 94 15
0 94 16
0 94 17
0 94 18
0 94 19
0 94 20
0 94 21
0 94 22
0 94 23
0 94 24
0 94 25
0 94 26
0 94 27
0 94 28
0 94 29
0 94 30
0 94 31
0 94 32
0 94 33
0 94 34
0 94 35
0 94 36
0 94 37
0 94 38
0 94 39
0 95 0
0 95 1
0 95 2
0 95 3
0 95 4
0 95 5
0 95 6
0 95 7
0 95 8
0 95 9
0 95 10
0 95 11
0 95 12
0 95 13
0 95 14
0 95 15
0 95 16
0 95 17
0 95 18
0 95 19
0 95 20
0 95 21
0 95 22
0 95 23
0 95 24
0 95 25
0 95 26
0 95 27
0 95 28
0 95 29
0 95 30
0 95 31
0 95 32
0 95 33
0 95 34
0 95 35
0 95 36
0 95 37
0 95 38
0 95 39
0 96 0
0 96 1
0 96 2
0 96 3
0 96 4
0 96 5
0 96 6
0 96 7
0 96 8
0 96 9
0 96 10
0 96 11
0 96 12
0 96 13
0 96 14
0 96 15
0 96 16
0 96 17
0 96 18
0 96 19
0 96 20
0 96 21
0 96 22
0 96 23
0 96 24
0 96 25
0 96 26
0 96 27
0 96 28
0 96 29
0 96 30
0 96 31
0 96 32
0 96 33
0 96 34
0 96 35
0 96 36
0 96 37
0 96 38
0 96 39
0 97 0
0 97 1
0 97 2
0 97 3
0 97 4
0 97 5
0 97 6
0 97 7
0 97 8
0 97 9
0 97 10
0 97 11
0 97 12
0 97 13
0 97 14
0 97 15
0 97 16
0 97 17
0 97 18
0 97 19
0 97 20
0 97 21
0 97 22
0 97 23
0 97 24
0 97 25
0 97 26
0 97 27
0 97 28
0 97 29
0 97 30
0 97 31
0 97 32
0 97 33
0 97 34
0 97 35
0 97 36
0 97 37
0 97 38
0 97 39
0 98 0
0 98 1
0 98 2
0 98 3
0 98 4
0 98 5
0 98 6
0 98 7
0 98 8
0 98 9
0 98 10
0 98 11
0 98 12
0 98 13
0 98 14
0 98 15
0 98 16
0 98 17
0 98 18
0 98 19
0 98 20
0 98 21
0 98 22
0 98 23
0 98 24
0 98 25
0 98 26
0 98 27
0 98 28
0 98 29
0 98 30
0 98 31
0 98 32
0 98 33
0 98 34
0 98 35
0 98 36
0 98 37
0 98 38
0 98 39
0 99 0
0 99 1
0 99 2
0 99 3
0 99 4
0 99 5
0 99 6
0 99 7
0 99 8
0 99 9
0 99 10
0 99 11
0 99 12
0 99 13
0 99 14
0 99 15
0 99 16
0 99 17
0 99 18
0 99 19
0 99 20
0 99 21
0 99 22
0 99 23
0 99 24
0 99 25
0 99 26
0 99 27
0 99 28
0 99 29
0 99 30
0 99 31
0 99 32
0 99 33
0 99 34
0 99 35
0 99 36
0 99 37
0 99 38
0 99 39
1 0 0
1 0 1
1 0 2
1 0 3
1 0 4
1 0 5
1 0 6
1 0 7
1 0 8
1 0 9
1 0 10
1 0 11
1 0 12
1 0 13
1 0 14
1 0 15
1 0 16
1 0 17
1 0 18
1 0 19
1 0 20
1 0 21
1 0 22
1 0 23
1 0 24
1 0 25
1 0 26
1 0 27
1 0 28
1 0 29
1 0 30
1 0 31
1 0 32
1 0 33
1 0 34
1 0 35
1 0 36
1 0 37
1 0 38
1 0 39
1 1 0
1 1 39
1 2 0
1 2 1
1 2 2
1 2 3
1 2 4
1 2 5
1 2 6
1 2 7
1 2 8
1 2 9
1 2 10
1 2 11
1 2 12
1 2 13
1 2 14
1 2 15
1 2 16
1 2 17
1 2 18
1 2 19
1 2 20
1 2 21
1 2 22
1 2 23
1 2 24
1 2 25
1 2 26
1 2 27
1 2 28
1 2 29
1 2 30
1 2 31
1 2 32
1 2 33
1 2 34
1 2 35
1 2 36
1 2 37
1 2 38
1 2 39
1 3 0
1 3 39
1 4 0
1 4 39
1 5 0
1 5 39
1 6 0
1 6 39
1 7 0
1 7 39
1 8 0
1 8 39
1 9 0
1 9 39
1 10 0
1 10 39
1 11 0
1 11 39
1 12 0
1 12 39
1 13 0
1 13 39
1 14 0
1 14 39
1 15 0
1 15 39
1 16 0
1 16 39
1 17 0
1 17 39
1 18 0
1 18 39
1 19 0
1 19 39
1 20 0
1 20 39
1 21 0
1 21 1
1 21 2
1 21 3
1 21 4
1 21 5
1 21 6
1 21 7
1 21 8
1 21 9
1 21 10
1 21 11
1 21 12
1 21 13
1 21 14
1 21 15
1 21 16
1 21 17
1 21 18
1 21 19
1 21 20
1 21 21
1 21 22
1 21 23
1 21 24
1 21 25
1 21 26
1 21 27
1 21 28
1 21 29
1 21 30
1 21 31
1 21 32
1 21 33
1 21 34
1 21 35
1 21 36
1 21 37
1 21 38
1 21 39
1 22 0
1 22 39
1 23 0
1 23 39
1 24 0
1 24 39
1 25 0
1 25 39
1 26 0
1 26 39
1 27 0
1 27 39
1 28 0
1 28 39
1 29 0
1 29 39
1 30 0
1 30 39
1 31 0
1 31 39
1 32 0
1 32 39
1 33 0
1 33 39
1 34 0
1 34 39
1 35 0
1 35 39
1 36 0
1 36 39
1 37 0
1 37 39
1 38 0
1 38 39
1 39 0
1 39 39
1 40 0
1 40 39
1 41 0
1 41 39
1 42 0
1 42 39
1 43 0
1 43 39
1 44 0
1 44 39
1 45 0
1 45 39
1 46 0
1 46 39
1 47 0
1 47 39
1 48 0
1 48 39
1 49 0
1 49 39
1 50 0
1 50 39
1 51 0
1 51 39
1 52 0
1 52 39
1 53 0
1 53 39
1 54 0
1 54 39
1 55 0
1 55 39
1 56 0
1 56 39
1 57 0
1 57 39
1 58 0
1 58 39
1 59 0
1 59 39
1 60 0
1 60 39
1 61 0
1 61 39
1 62 0
1 62 39
1 63 0
1 63 39
1 64 0
1 64 39
1 65 0
1 65 39
1 66 0
1 66 1
1 66 2
1 66 3
1 66 4
1 66 5
1 66 6
1 66 7
1 66 8
1 66 9
1 66 10
1 66 11
1 66 12
1 66 13
1 66 14
1 66 15
1 66 16
1 66 17
1 66 18
1 66 19
1 66 20
1 66 21
1 66 22
1 66 23
1 66 24
1 66 25
1 66 26
1 66 27
1 66 28
1 66 29
1 66 30
1 66 31
1 66 32
1 66 33
1 66 34
1 66 35
1 66 36
1 66 37
1 66 38
1 66 39
1 67 0
1 67 1
1 67 2
1 67 3
1 67 4
1 67 5
1 67 6
1 67 7
1 67 8
1 67 9
1 67 10
1 67 11
1 67 12
1 67 13
1 67 14
1 67 15
1 67 16
1 67 17
1 67 18
1 67 19
1 67 20
1 67 21
1 67 22
1 67 23
1 67 24
1 67 25
1 67 26
1 67 27
1 67 28
1 67 29
1 67 30
1 67 31
1 67 32
1 67 33
1 67 34
1 67 35
1 67 36
1 67 37
1 67 38
1 67 39
1 68 0
1 68 1
1 68 2
1 68 3
1 68 4
1 68 5
1 68 6
1 68 7
1 68 8
1 68 9
1 68 10
1 68 11
1 68 12
1 68 13
1 68 14
1 68 15
1 68 16
1 68 17
1 68 18
1 68 19
1 68 20
1 68 21
1 68 22
1 68 23
1 68 24
1 68 25
1 68 26
1 68 27
1 68 28
1 68 29
1 68 30
1 68 31
1 68 32
1 68 33
1 68 34
1 68 35
1 68 36
1 68 37
1 68 38
1 68 39
1 69 0
1 69 1
1 69 2
1 69 3
1 69 4
1 69 5
1 69 6
1 69 7
1 69 8
1 69 9
1 69 10
1 69 11
1 69 12
1 69 13
1 69 14
1 69 15
1 69 16
1 69 17
1 69 18
1 69 19
1 69 20
1 69 21
1 69 22
1 69 23
1 69 24
1 69 25
1 69 26
1 69 27
1 69 28
1 69 29
1 69 30
1 69 31
1 69 32
1 69 33
1 69 34
1 69 35
1 69 36
1 69 37
1 69 38
1 69 39
1 70 0
1 70 39
1 71 0
1 71 39
1 72 0
1 72 39
1 73 0
1 73 39
1 74 0
1 74 39
1 75 0
1 75 39
1 76 0
1 76 39
1 77 0
1 77 39
1 78 0
1 78 39
1 79 0
1 79 39
1 80 0
1 80 39
1 81 0
1 81 39
1 82 0
1 82 39
1 83 0
1 83 39
1 84 0
1 84 39
1 85 0
1 85 39
1 86 0
1 86 39
1 87 0
1 87 39
1 88 0
1 88 39
1 89 0
1 89 39
1 90 0
1 90 39
1 91 0
1 91 39
1 92 0
1 92 39
1 93 0
1 93 39
1 94 0
1 94 39
1 95 0
1 95 39
1 96 0
1 96 39
1 97 0
1 97 39
1 98 0
1 98 39
1 99 0
1 99 1
1 99 2
1 99 3
1 99 4
1 99 5
1 99 6
1 99 7
1 99 8
1 99 9
1 99 10
1 99 11
1 99 12
1 99 13
1 99 14
1 99 15
1 99 16
1 99 17
1 99 18
1 99 19
1 99 20
1 99 21
1 99 22
1 99 23
1 99 24
1 99 25
1 99 26
1 99 27
1 99 28
1 99 29
1 99 30
1 99 31
1 99 32
1 99 33
1 99 34
1 99 35
1 99 36
1 99 37
1 99 38
1 99 39
2 0 0
2 0 1
2 0 2
2 0 3
2 0 4
2 0 5
2 0 6
2 0 7
2 0 8
2 0 9
2 0 10
2 0 11
2 0 12
2 0 13
2 0 14
2 0 15
2 0 16
2 0 17
2 0 18
2 0 19
2 0 20
2 0 21
2 0 22
2 0 23
2 0 24
2 0 25
2 0 26
2 0 27
2 0 28
2 0 29
2 0 30
2 0 31
2 0 32
2 0 33
2 0 34
2 0 35
2 0 36
2 0 37
2 0 38
2 0 39
2 1 0
2 1 1
2 1 2
2 1 3
2 1 4
2 1 5
2 1 6
2 1 7
2 1 8
2 1 9
2 1 10
2 1 11
2 1 12
2 1 13
2 1 14
2 1 15
2 1 16
2 1 17
2 1 18
2 1 19
2 1 20
2 1 21
2 1 22
2 1 23
2 1 24
2 1 25
2 1 26
2 1 27
2 1 28
2 1 29
2 1 30
2 1 31
2 1 32
2 1 33
2 1 34
2 1 35
2 1 36
2 1 37
2 1 38
2 1 39
2 2 0
2 2 1
2 2 2
2 2 3
2 2 4
2 2 5
2 2 6
2 2 7
2 2 8
2 2 9
2 2 10
2 2 11
2 2 12
2 2 13
2 2 14
2 2 15
2 2 16
2 2 17
2 2 18
2 2 19
2 2 20
2 2 21
2 2 22
2 2 23
2 2 24
2 2 25
2 2 26
2 2 27
2 2 28
2 2 29
2 2 30
2 2 31
2 2 32
2 2 33
2 2 34
2 2 35
2 2 36
2 2 37
2 2 38
2 2 39
2 3 0
2 3 1
2 3 2
2 3 3
2 3 4
2 3 5
2 3 6
2 3 7
2 3 8
2 3 9
2 3 10
2 3 11
2 3 12
2 3 13
2 3 14
2 3 15
2 3 16
2 3 17
2 3 18
2 3 19
2 3 20
2 3 21
2 3 22
2 3 23
2 3 24
2 3 25
2 3 26
2 3 27
2 3 28
2 3 29
2 3 30
2 3 31
2 3 32
2 3 33
2 3 34
2 3 35
2 3 36
2 3 37
2 3 38
2 3 39
2 4 0
2 4 39
2 5 0
2 5 39
2 6 0
2 6 39
2 7 0
2 7 39
2 8 0
2 8 39
2 9 0
2 9 39
2 10 0
2 10 39
2 11 0
2 11 39
2 12 0
2 12 39
2 13 0
2 13 39
2 14 0
2 14 39
2 15 0
2 15 39
2 16 0
2 16 39
2 17 0
2 17 39
2 18 0
2 18 39
2 19 0
2 19 39
2 20 0
2 20 1
2 20 2
2 20 3
2 20 4
2 20 5
2 20 6
2 20 7
2 20 8
2 20 9
2 20 10
2 20 11
2 20 12
2 20 13
2 20 14
2 20 15
2 20 16
2 20 17
2 20 18
2 20 19
2 20 20
2 20 21
2 20 22
2 20 23
2 20 24
2 20 25
2 20 26
2 20 27
2 20 28
2 20 29
2 20 30
2 20 31
2 20 32
2 20 33
2 20 34
2 20 35
2 20 36
2 20 37
2 20 38
2 20 39
2 21 0
2 21 1
2 21 2
2 21 3
2 21 4
2 21 5
2 21 6
2 21 7
2 21 8
2 21 9
2 21 10
2 21 11
2 21 12
2 21 13
2 21 14
2 21 15
2 21 16
2 21 17
2 21 18
2 21 19
2 21 20
2 21 21
2 21 22
2 21 23
2 21 24
2 21 25
2 21 26
2 21 27
2 21 28
2 21 29
2 21 30
2 21 31
2 21 32
2 21 33
2 21 34
2 21 35
2 21 36
2 21 37
2 21 38
2 21 39
2 22 0
2 22 1
2 22 2
2 22 3
2 22 4
2 22 5
2 22 6
2 22 7
2 22 8
2 22 9
2 22 10
2 22 11
2 22 12
2 22 13
2 22 14
2 22 15
2 22 16
2 22 17
2 22 18
2 22 19
2 22 20
2 22 21
2 22 22
2 22 23
2 22 24
2 22 25
2 22 26
2 22 27
2 22 28
2 22 29
2 22 30
2 22 31
2 22 32
2 22 33
2 22 34
2 22 35
2 22 36
2 22 37
2 22 38
2 22 39
2 23 0
2 23 39
2 24 0
2 24 39
2 25 0
2 25 39
2 26 0
2 26 39
2 27 0
2 27 39
2 28 0
2 28 39
2 29 0
2 29 39
2 30 0
2 30 39
2 31 0
2 31 39
2 32 0
2 32 39
2 33 0
2 33 39
2 34 0
2 34 39
2 35 0
2 35 39
2 36 0
2 36 39
2 37 0
2 37 39
2 38 0
2 38 39
2 39 0
2 39 39
2 40 0
2 40 39
2 41 0
2 41 39
2 42 0
2 42 39
2 43 0
2 43 39
2 44 0
2 44 39
2 45 0
2 45 39
2 46 0
2 46 39
2 47 0
2 47 39
2 48 0
2 48 39
2 49 0
2 49 39
2 50 0
2 50 39
2 51 0
2 51 39
2 52 0
2 52 39
2 53 0
2 53 39
2 54 0
2 54 39
2 55 0
2 55 39
2 56 0
2 56 39
2 57 0
2 57 39
2 58 0
2 58 39
2 59 0
2 59 39
2 60 0
2 60 39
2 61 0
2 61 39
2 62 0
2 62 39
2 63 0
2 63 39
2 64 0
2 64 39
2 65 0
2 65 39
2 66 0
2 66 39
2 67 0
2 67 1
2 67 2
2 67 3
2 67 4
2 67 5
2 67 6
2 67 7
2 67 8
2 67 9
2 67 10
2 67 11
2 67 12
2 67 13
2 67 14
2 67 15
2 67 16
2 67 17
2 67 18
2 67 19
2 67 20
2 67 21
2 67 22
2 67 23
2 67 24
2 67 25
2 67 26
2 67 27
2 67 28
2 67 29
2 67 30
2 67 31
2 67 32
2 67 33
2 67 34
2 67 35
2 67 36
2 67 37
2 67 38
2 67 39
2 68 0
2 68 1
2 68 2
2 68 3
2 68 4
2 68 5
2 68 6
2 68 7
2 68 8
2 68 9
2 68 10
2 68 11
2 68 12
2 68 13
2 68 14
2 68 15
2 68 16
2 68 17
2 68 18
2 68 19
2 68 20
2 68 21
2 68 22
2 68 23
2 68 24
2 68 25
2 68 26
2 68 27
2 68 28
2 68 29
2 68 30
2 68 31
2 68 32
2 68 33
2 68 34
2 68 35
2 68 36
2 68 37
2 68 38
2 68 39
2 69 0
2 69 39
2 70 0
2 70 39
2 71 0
2 71 39
2 72 0
2 72 39
2 73 0
2 73 39
2 74 0
2 74 39
2 75 0
2 75 1
2 75 2
2 75 3
2 75 4
2 75 5
2 75 6
2 75 7
2 75 8
2 75 9
2 75 10
2 75 11
2 75 12
2 75 13
2 75 14
2 75 15
2 75 16
2 75 17
2 75 18
2 75 19
2 75 20
2 75 21
2 75 22
2 75 23
2 75 24
2 75 25
2 75 26
2 75 27
2 75 28
2 75 29
2 75 30
2 75 31
2 75 32
2 75 33
2 75 34
2 75 35
2 75 36
2 75 37
2 75 38
2 75 39
2 76 0
2 76 39
2 77 0
2 77 39
2 78 0
2 78 39
2 79 0
2 79 39
2 80 0
2 80 39
2 81 0
2 81 39
2 82 0
2 82 39
2 83 0
2 83 39
2 84 0
2 84 39
2 85 0
2 85 39
2 86 0
2 86 39
2 87 0
2 87 39
2 88 0
2 88 39
2 89 0
2 89 39
2 90 0
2 90 39
2 91 0
2 91 39
2 92 0
2 92 39
2 93 0
2 93 39
2 94 0
2 94 39
2 95 0
2 95 39
2 96 0
2 96 39
2 97 0
2 97 39
2 98 0
2 98 39
2 99 0
2 99 1
2 99 2
2 99 3
2 99 4
2 99 5
2 99 6
2 99 7
2 99 8
2 99 9
2 99 10
2 99 11
2 99 12
2 99 13
2 99 14
2 99 15
2 99 16
2 99 17
2 99 18
2 99 19
2 99 20
2 99 21
2 99 22
2 99 23
2 99 24
2 99 25
2 99 26
2 99 27
2 99 28
2 99 29
2 99 30
2 99 31
2 99 32
2 99 33
2 99 34
2 99 35
2 99 36
2 99 37
2 99 38
2 99 39
3 0 0
3 0 1
3 0 2
3 0 3
3 0 4
3 0 5
3 0 6
3 0 7
3 0 8
3 0 9
3 0 10
3 0 11
3 0 12
3 0 13
3 0 14
3 0 15
3 0 16
3 0 17
3 0 18
3 0 19
3 0 20
3 0 21
3 0 22
3 0 23
3 0 24
3 0 25
3 0 26
3 0 27
3 0 28
3 0 29
3 0 30
3 0 31
3 0 32
3 0 33
3 0 34
3 0 35
3 0 36
3 0 37
3 0 38
3 0 39
3 1 0
3 1 39
3 2 0
3 2 1
3 2 2
3 2 3
3 2 4
3 2 5
3 2 6
3 2 7
3 2 8
3 2 9
3 2 10
3 2 11
3 2 12
3 2 13
3 2 14
3 2 15
3 2 16
3 2 17
3 2 18
3 2 19
3 2 20
3 2 21
3 2 22
3 2 23
3 2 24
3 2 25
3 2 26
3 2 27
3 2 28
3 2 29
3 2 30
3 2 31
3 2 32
3 2 33
3 2 34
3 2 35
3 2 36
3 2 37
3 2 38
3 2 39
3 3 0
3 3 1
3 3 2
3 3 3
3 3 4
3 3 5
3 3 6
3 3 7
3 3 8
3 3 9
3 3 10
3 3 11
3 3 12
3 3 13
3 3 14
3 3 15
3 3 16
3 3 17
3 3 18
3 3 19
3 3 20
3 3 21
3 3 22
3 3 23
3 3 24
3 3 25
3 3 26
3 3 27
3 3 28
3 3 29
3 3 30
3 3 31
3 3 32
3 3 33
3 3 34
3 3 35
3 3 36
3 3 37
3 3 38
3 3 39
3 4 0
3 4 1
3 4 2
3 4 3
3 4 4
3 4 5
3 4 6
3 4 7
3 4 8
3 4 9
3 4 10
3 4 11
3 4 12
3 4 13
3 4 14
3 4 15
3 4 16
3 4 17
3 4 18
3 4 19
3 4 20
3 4 21
3 4 22
3 4 23
3 4 24
3 4 25
3 4 26
3 4 27
3 4 28
3 4 29
3 4 30
3 4 31
3 4 32
3 4 33
3 4 34
3 4 35
3 4 36
3 4 37
3 4 38
3 4 39
3 5 0
3 5 39
3 6 0
3 6 39
3 7 0
3 7 39
3 8 0
3 8 39
3 9 0
3 9 39
3 10 0
3 10 39
3 11 0
3 11 39
3 12 0
3 12 39
3 13 0
3 13 39
3 14 0
3 14 39
3 15 0
3 15 39
3 16 0
3 16 39
3 17 0
3 17 39
3 18 0
3 18 39
3 19 0
3 19 39
3 20 0
3 20 39
3 21 0
3 21 1
3 21 2
3 21 3
3 21 4
3 21 5
3 21 6
3 21 7
3 21 8
3 21 9
3 21 10
3 21 11
3 21 12
3 21 13
3 21 14
3 21 15
3 21 16
3 21 17
3 21 18
3 21 19
3 21 20
3 21 21
3 21 22
3 21 23
3 21 24
3 21 25
3 21 26
3 21 27
3 21 28
3 21 29
3 21 30
3 21 31
3 21 32
3 21 33
3 21 34
3 21 35
3 21 36
3 21 37
3 21 38
3 21 39
3 22 0
3 22 39
3 23 0
3 23 39
3 24 0
3 24 39
3 25 0
3 25 39
3 26 0
3 26 39
3 27 0
3 27 39
3 28 0
3 28 39
3 29 0
3 29 39
3 30 0
3 30 39
3 31 0
3 31 39
3 32 0
3 32 39
3 33 0
3 33 39
3 34 0
3 34 39
3 35 0
3 35 39
3 36 0
3 36 39
3 37 0
3 37 39
3 38 0
3 38 39
3 39 0
3 39 39
3 40 0
3 40 39
3 41 0
3 41 39
3 42 0
3 42 39
3 43 0
3 43 39
3 44 0
3 44 39
3 45 0
3 45 39
3 46 0
3 46 39
3 47 0
3 47 39
3 48 0
3 48 39
3 49 0
3 49 39
3 50 0
3 50 39
3 51 0
3 51 39
3 52 0
3 52 39
3 53 0
3 53 39
3 54 0
3 54 39
3 55 0
3 55 39
3 56 0
3 56 39
3 57 0
3 57 1
3 57 2
3 57 3
3 57 4
3 57 5
3 57 6
3 57 7
3 57 8
3 57 9
3 57 10
3 57 11
3 57 12
3 57 13
3 57 14
3 57 15
3 57 16
3 57 17
3 57 18
3 57 19
3 57 20
3 57 21
3 57 22
3 57 23
3 57 24
3 57 25
3 57 26
3 57 27
3 57 28
3 57 29
3 57 30
3 57 31
3 57 32
3 57 33
3 57 34
3 57 35
3 57 36
3 57 37
3 57 38
3 57 39
3 58 0
3 58 39
3 59 0
3 59 39
3 60 0
3 60 39
3 61 0
3 61 39
3 62 0
3 62 39
3 63 0
3 63 39
3 64 0
3 64 39
3 65 0
3 65 39
3 66 0
3 66 39
3 67 0
3 67 39
3 68 0
3 68 39
3 69 0
3 69 39
3 70 0
3 70 39
3 71 0
3 71 39
3 72 0
3 72 39
3 73 0
3 73 39
3 74 0
3 74 1
3 74 2
3 74 3
3 74 4
3 74 5
3 74 6
3 74 7
3 74 8
3 74 9
3 74 10
3 74 11
3 74 12
3 74 13
3 74 14
3 74 15
3 74 16
3 74 17
3 74 18
3 74 19
3 74 20
3 74 21
3 74 22
3 74 23
3 74 24
3 74 25
3 74 26
3 74 27
3 74 28
3 74 29
3 74 30
3 74 31
3 74 32
3 74 33
3 74 34
3 74 35
3 74 36
3 74 37
3 74 38
3 74 39
3 75 0
3 75 1
3 75 2
3 75 3
3 75 4
3 75 5
3 75 6
3 75 7
3 75 8
3 75 9
3 75 10
3 75 11
3 75 12
3 75 13
3 75 14
3 75 15
3 75 16
3 75 17
3 75 18
3 75 19
3 75 20
3 75 21
3 75 22
3 75 23
3 75 24
3 75 25
3 75 26
3 75 27
3 75 28
3 75 29
3 75 30
3 75 31
3 75 32
3 75 33
3 75 34
3 75 35
3 75 36
3 75 37
3 75 38
3 75 39
3 76 0
3 76 1
3 76 2
3 76 3
3 76 4
3 76 5
3 76 6
3 76 7
3 76 8
3 76 9
3 76 10
3 76 11
3 76 12
3 76 13
3 76 14
3 76 15
3 76 16
3 76 17
3 76 18
3 76 19
3 76 20
3 76 21
3 76 22
3 76 23
3 76 24
3 76 25
3 76 26
3 76 27
3 76 28
3 76 29
3 76 30
3 76 31
3 76 32
3 76 33
3 76 34
3 76 35
3 76 36
3 76 37
3 76 38
3 76 39
3 77 0
3 77 39
3 78 0
3 78 39
3 79 0
3 79 39
3 80 0
3 80 39
3 81 0
3 81 39
3 82 0
3 82 39
3 83 0
3 83 39
3 84 0
3 84 39
3 85 0
3 85 39
3 86 0
3 86 39
3 87 0
3 87 39
3 88 0
3 88 39
3 89 0
3 89 39
3 90 0
3 90 39
3 91 0
3 91 39
3 92 0
3 92 39
3 93 0
3 93 39
3 94 0
3 94 39
3 95 0
3 95 39
3 96 0
3 96 39
3 97 0
3 97 39
3 98 0
3 98 39
3 99 0
3 99 1
3 99 2
3 99 3
3 99 4
3 99 5
3 99 6
3 99 7
3 99 8
3 99 9
3 99 10
3 99 11
3 99 12
3 99 13
3 99 14
3 99 15
3 99 16
3 99 17
3 99 18
3 99 19
3 99 20
3 99 21
3 99 22
3 99 23
3 99 24
3 99 25
3 99 26
3 99 27
3 99 28
3 99 29
3 99 30
3 99 31
3 99 32
3 99 33
3 99 34
3 99 35
3 99 36
3 99 37
3 99 38
3 99 39
4 0 0
4 0 1
4 0 2
4 0 3
4 0 4
4 0 5
4 0 6
4 0 7
4 0 8
4 0 9
4 0 10
4 0 11
4 0 12
4 0 13
4 0 14
4 0 15
4 0 16
4 0 17
4 0 18
4 0 19
4 0 20
4 0 21
4 0 22
4 0 23
4 0 24
4 0 25
4 0 26
4 0 27
4 0 28
4 0 29
4 0 30
4 0 31
4 0 32
4 0 33
4 0 34
4 0 35
4 0 36
4 0 37
4 0 38
4 0 39
4 1 0
4 1 39
4 2 0
4 2 39
4 3 0
4 3 1
4 3 2
4 3 3
4 3 4
4 3 5
4 3 6
4 3 7
4 3 8
4 3 9
4 3 10
4 3 11
4 3 12
4 3 13
4 3 14
4 3 15
4 3 16
4 3 17
4 3 18
4 3 19
4 3 20
4 3 21
4 3 22
4 3 23
4 3 24
4 3 25
4 3 26
4 3 27
4 3 28
4 3 29
4 3 30
4 3 31
4 3 32
4 3 33
4 3 34
4 3 35
4 3 36
4 3 37
4 3 38
4 3 39
4 4 0
4 4 39
4 5 0
4 5 39
4 6 0
4 6 39
4 7 0
4 7 39
4 8 0
4 8 39
4 9 0
4 9 39
4 10 0
4 10 39
4 11 0
4 11 39
4 12 0
4 12 39
4 13 0
4 13 39
4 14 0
4 14 39
4 15 0
4 15 39
4 16 0
4 16 39
4 17 0
4 17 39
4 18 0
4 18 39
4 19 0
4 19 39
4 20 0
4 20 39
4 21 0
4 21 39
4 22 0
4 22 39
4 23 0
4 23 39
4 24 0
4 24 39
4 25 0
4 25 39
4 26 0
4 26 39
4 27 0
4 27 39
4 28 0
4 28 39
4 29 0
4 29 39
4 30 0
4 30 39
4 31 0
4 31 39
4 32 0
4 32 39
4 33 0
4 33 39
4 34 0
4 34 39
4 35 0
4 35 39
4 36 0
4 36 39
4 37 0
4 37 39
4 38 0
4 38 39
4 39 0
4 39 39
4 40 0
4 40 39
4 41 0
4 41 39
4 42 0
4 42 39
4 43 0
4 43 39
4 44 0
4 44 39
4 45 0
4 45 39
4 46 0
4 46 39
4 47 0
4 47 39
4 48 0
4 48 39
4 49 0
4 49 39
4 50 0
4 50 39
4 51 0
4 51 39
4 52 0
4 52 39
4 53 0
4 53 39
4 54 0
4 54 39
4 55 0
4 55 39
4 56 0
4 56 1
4 56 2
4 56 3
4 56 4
4 56 5
4 56 6
4 56 7
4 56 8
4 56 9
4 56 10
4 56 11
4 56 12
4 56 13
4 56 14
4 56 15
4 56 16
4 56 17
4 56 18
4 56 19
4 56 20
4 56 21
4 56 22
4 56 23
4 56 24
4 56 25
4 56 26
4 56 27
4 56 28
4 56 29
4 56 30
4 56 31
4 56 32
4 56 33
4 56 34
4 56 35
4 56 36
4 56 37
4 56 38
4 56 39
4 57 0
4 57 1
4 57 2
4 57 3
4 57 4
4 57 5
4 57 6
4 57 7
4 57 8
4 57 9
4 57 10
4 57 11
4 57 12
4 57 13
4 57 14
4 57 15
4 57 16
4 57 17
4 57 18
4 57 19
4 57 20
4 57 21
4 57 22
4 57 23
4 57 24
4 57 25
4 57 26
4 57 27
4 57 28
4 57 29
4 57 30
4 57 31
4 57 32
4 57 33
4 57 34
4 57 35
4 57 36
4 57 37
4 57 38
4 57 39
4 58 0
4 58 1
4 58 2
4 58 3
4 58 4
4 58 5
4 58 6
4 58 7
4 58 8
4 58 9
4 58 10
4 58 11
4 58 12
4 58 13
4 58 14
4 58 15
4 58 16
4 58 17
4 58 18
4 58 19
4 58 20
4 58 21
4 58 22
4 58 23
4 58 24
4 58 25
4 58 26
4 58 27
4 58 28
4 58 29
4 58 30
4 58 31
4 58 32
4 58 33
4 58 34
4 58 35
4 58 36
4 58 37
4 58 38
4 58 39
4 59 0
4 59 39
4 60 0
4 60 39
4 61 0
4 61 39
4 62 0
4 62 39
4 63 0
4 63 39
4 64 0
4 64 39
4 65 0
4 65 39
4 66 0
4 66 39
4 67 0
4 67 39
4 68 0
4 68 39
4 69 0
4 69 39
4 70 0
4 70 39
4 71 0
4 71 39
4 72 0
4 72 39
4 73 0
4 73 39
4 74 0
4 74 39
4 75 0
4 75 1
4 75 2
4 75 3
4 75 4
4 75 5
4 75 6
4 75 7
4 75 8
4 75 9
4 75 10
4 75 11
4 75 12
4 75 13
4 75 14
4 75 15
4 75 16
4 75 17
4 75 18
4 75 19
4 75 20
4 75 21
4 75 22
4 75 23
4 75 24
4 75 25
4 75 26
4 75 27
4 75 28
4 75 29
4 75 30
4 75 31
4 75 32
4 75 33
4 75 34
4 75 35
4 75 36
4 75 37
4 75 38
4 75 39
4 76 0
4 76 39
4 77 0
4 77 39
4 78 0
4 78 39
4 79 0
4 79 39
4 80 0
4 80 39
4 81 0
4 81 39
4 82 0
4 82 39
4 83 0
4 83 39
4 84 0
4 84 1
4 84 2
4 84 3
4 84 4
4 84 5
4 84 6
4 84 7
4 84 8
4 84 9
4 84 10
4 84 11
4 84 12
4 84 13
4 84 14
4 84 15
4 84 16
4 84 17
4 84 18
4 84 19
4 84 20
4 84 21
4 84 22
4 84 23
4 84 24
4 84 25
4 84 26
4 84 27
4 84 28
4 84 29
4 84 30
4 84 31
4 84 32
4 84 33
4 84 34
4 84 35
4 84 36
4 84 37
4 84 38
4 84 39
4 85 0
4 85 39
4 86 0
4 86 39
4 87 0
4 87 39
4 88 0
4 88 39
4 89 0
4 89 39
4 90 0
4 90 39
4 91 0
4 91 39
4 92 0
4 92 39
4 93 0
4 93 39
4 94 0
4 94 39
4 95 0
4 95 39
4 96 0
4 96 39
4 97 0
4 97 39
4 98 0
4 98 39
4 99 0
4 99 1
4 99 2
4 99 3
4 99 4
4 99 5
4 99 6
4 99 7
4 99 8
4 99 9
4 99 10
4 99 11
4 99 12
4 99 13
4 99 14
4 99 15
4 99 16
4 99 17
4 99 18
4 99 19
4 99 20
4 99 21
4 99 22
4 99 23
4 99 24
4 99 25
4 99 26
4 99 27
4 99 28
4 99 29
4 99 30
4 99 31
4 99 32
4 99 33
4 99 34
4 99 35
4 99 36
4 99 37
4 99 38
4 99 39
5 0 0
5 0 1
5 0 2
5 0 3
5 0 4
5 0 5
5 0 6
5 0 7
5 0 8
5 0 9
5 0 10
5 0 11
5 0 12
5 0 13
5 0 14
5 0 15
5 0 16
5 0 17
5 0 18
5 0 19
5 0 20
5 0 21
5 0 22
5 0 23
5 0 24
5 0 25
5 0 26
5 0 27
5 0 28
5 0 29
5 0 30
5 0 31
5 0 32
5 0 33
5 0 34
5 0 35
5 0 36
5 0 37
5 0 38
5 0 39
5 1 0
5 1 39
5 2 0
5 2 39
5 3 0
5 3 39
5 4 0
5 4 39
5 5 0
5 5 39
5 6 0
5 6 39
5 7 0
5 7 1
5 7 2
5 7 3
5 7 4
5 7 5
5 7 6
5 7 7
5 7 8
5 7 9
5 7 10
5 7 11
5 7 12
5 7 13
5 7 14
5 7 15
5 7 16
5 7 17
5 7 18
5 7 19
5 7 20
5 7 21
5 7 22
5 7 23
5 7 24
5 7 25
5 7 26
5 7 27
5 7 28
5 7 29
5 7 30
5 7 31
5 7 32
5 7 33
5 7 34
5 7 35
5 7 36
5 7 37
5 7 38
5 7 39
5 8 0
5 8 39
5 9 0
5 9 39
5 10 0
5 10 39
5 11 0
5 11 39
5 12 0
5 12 39
5 13 0
5 13 39
5 14 0
5 14 39
5 15 0
5 15 39
5 16 0
5 16 39
5 17 0
5 17 39
5 18 0
5 18 39
5 19 0
5 19 39
5 20 0
5 20 39
5 21 0
5 21 39
5 22 0
5 22 39
5 23 0
5 23 39
5 24 0
5 24 39
5 25 0
5 25 39
5 26 0
5 26 39
5 27 0
5 27 39
5 28 0
5 28 39
5 29 0
5 29 39
5 30 0
5 30 39
5 31 0
5 31 39
5 32 0
5 32 39
5 33 0
5 33 39
5 34 0
5 34 39
5 35 0
5 35 39
5 36 0
5 36 39
5 37 0
5 37 39
5 38 0
5 38 39
5 39 0
5 39 39
5 40 0
5 40 39
5 41 0
5 41 39
5 42 0
5 42 39
5 43 0
5 43 39
5 44 0
5 44 39
5 45 0
5 45 39
5 46 0
5 46 39
5 47 0
5 47 39
5 48 0
5 48 39
5 49 0
5 49 39
5 50 0
5 50 39
5 51 0
5 51 39
5 52 0
5 52 39
5 53 0
5 53 1
5 53 2
5 53 3
5 53 4
5 53 5
5 53 6
5 53 7
5 53 8
5 53 9
5 53 10
5 53 11
5 53 12
5 53 13
5 53 14
5 53 15
5 53 16
5 53 17
5 53 18
5 53 19
5 53 20
5 53 21
5 53 22
5 53 23
5 53 24
5 53 25
5 53 26
5 53 27
5 53 28
5 53 29
5 53 30
5 53 31
5 53 32
5 53 33
5 53 34
5 53 35
5 53 36
5 53 37
5 53 38
5 53 39
5 54 0
5 54 39
5 55 0
5 55 39
5 56 0
5 56 39
5 57 0
5 57 1
5 57 2
5 57 3
5 57 4
5 57 5
5 57 6
5 57 7
5 57 8
5 57 9
5 57 10
5 57 11
5 57 12
5 57 13
5 57 14
5 57 15
5 57 16
5 57 17
5 57 18
5 57 19
5 57 20
5 57 21
5 57 22
5 57 23
5 57 24
5 57 25
5 57 26
5 57 27
5 57 28
5 57 29
5 57 30
5 57 31
5 57 32
5 57 33
5 57 34
5 57 35
5 57 36
5 57 37
5 57 38
5 57 39
5 58 0
5 58 1
5 58 2
5 58 3
5 58 4
5 58 5
5 58 6
5 58 7
5 58 8
5 58 9
5 58 10
5 58 11
5 58 12
5 58 13
5 58 14
5 58 15
5 58 16
5 58 17
5 58 18
5 58 19
5 58 20
5 58 21
5 58 22
5 58 23
5 58 24
5 58 25
5 58 26
5 58 27
5 58 28
5 58 29
5 58 30
5 58 31
5 58 32
5 58 33
5 58 34
5 58 35
5 58 36
5 58 37
5 58 38
5 58 39
5 59 0
5 59 39
5 60 0
5 60 39
5 61 0
5 61 39
5 62 0
5 62 39
5 63 0
5 63 39
5 64 0
5 64 39
5 65 0
5 65 39
5 66 0
5 66 39
5 67 0
5 67 39
5 68 0
5 68 39
5 69 0
5 69 39
5 70 0
5 70 39
5 71 0
5 71 39
5 72 0
5 72 39
5 73 0
5 73 39
5 74 0
5 74 39
5 75 0
5 75 39
5 76 0
5 76 39
5 77 0
5 77 39
5 78 0
5 78 39
5 79 0
5 79 39
5 80 0
5 80 39
5 81 0
5 81 39
5 82 0
5 82 39
5 83 0
5 83 1
5 83 2
5 83 3
5 83 4
5 83 5
5 83 6
5 83 7
5 83 8
5 83 9
5 83 10
5 83 11
5 83 12
5 83 13
5 83 14
5 83 15
5 83 16
5 83 17
5 83 18
5 83 19
5 83 20
5 83 21
5 83 22
5 83 23
5 83 24
5 83 25
5 83 26
5 83 27
5 83 28
5 83 29
5 83 30
5 83 31
5 83 32
5 83 33
5 83 34
5 83 35
5 83 36
5 83 37
5 83 38
5 83 39
5 84 0
5 84 1
5 84 2
5 84 3
5 84 4
5 84 5
5 84 6
5 84 7
5 84 8
5 84 9
5 84 10
5 84 11
5 84 12
5 84 13
5 84 14
5 84 15
5 84 16
5 84 17
5 84 18
5 84 19
5 84 20
5 84 21
5 84 22
5 84 23
5 84 24
5 84 25
5 84 26
5 84 27
5 84 28
5 84 29
5 84 30
5 84 31
5 84 32
5 84 33
5 84 34
5 84 35
5 84 36
5 84 37
5 84 38
5 84 39
5 85 0
5 85 1
5 85 2
5 85 3
5 85 4
5 85 5
5 85 6
5 85 7
5 85 8
5 85 9
5 85 10
5 85 11
5 85 12
5 85 13
5 85 14
5 85 15
5 85 16
5 85 17
5 85 18
5 85 19
5 85 20
5 85 21
5 85 22
5 85 23
5 85 24
5 85 25
5 85 26
5 85 27
5 85 28
5 85 29
5 85 30
5 85 31
5 85 32
5 85 33
5 85 34
5 85 35
5 85 36
5 85 37
5 85 38
5 85 39
5 86 0
5 86 39
5 87 0
5 87 39
5 88 0
5 88 39
5 89 0
5 89 39
5 90 0
5 90 1
5 90 2
5 90 3
5 90 4
5 90 5
5 90 6
5 90 7
5 90 8
5 90 9
5 90 10
5 90 11
5 90 12
5 90 13
5 90 14
5 90 15
5 90 16
5 90 17
5 90 18
5 90 19
5 90 20
5 90 21
5 90 22
5 90 23
5 90 24
5 90 25
5 90 26
5 90 27
5 90 28
5 90 29
5 90 30
5 90 31
5 90 32
5 90 33
5 90 34
5 90 35
5 90 36
5 90 37
5 90 38
5 90 39
5 91 0
5 91 39
5 92 0
5 92 39
5 93 0
5 93 39
5 94 0
5 94 39
5 95 0
5 95 39
5 96 0
5 96 39
5 97 0
5 97 39
5 98 0
5 98 39
5 99 0
5 99 1
5 99 2
5 99 3
5 99 4
5 99 5
5 99 6
5 99 7
5 99 8
5 99 9
5 99 10
5 99 11
5 99 12
5 99 13
5 99 14
5 99 15
5 99 16
5 99 17
5 99 18
5 99 19
5 99 20
5 99 21
5 99 22
5 99 23
5 99 24
5 99 25
5 99 26
5 99 27
5 99 28
5 99 29
5 99 30
5 99 31
5 99 32
5 99 33
5 99 34
5 99 35
5 99 36
5 99 37
5 99 38
5 99 39
6 0 0
6 0 1
6 0 2
6 0 3
6 0 4
6 0 5
6 0 6
6 0 7
6 0 8
6 0 9
6 0 10
6 0 11
6 0 12
6 0 13
6 0 14
6 0 15
6 0 16
6 0 17
6 0 18
6 0 19
6 0 20
6 0 21
6 0 22
6 0 23
6 0 24
6 0 25
6 0 26
6 0 27
6 0 28
6 0 29
6 0 30
6 0 31
6 0 32
6 0 33
6 0 34
6 0 35
6 0 36
6 0 37
6 0 38
6 0 39
6 1 0
6 1 39
6 2 0
6 2 39
6 3 0
6 3 39
6 4 0
6 4 39
6 5 0
6 5 1
6 5 2
6 5 3
6 5 4
6 5 5
6 5 6
6 5 7
6 5 8
6 5 9
6 5 10
6 5 11
6 5 12
6 5 13
6 5 14
6 5 15
6 5 16
6 5 17
6 5 18
6 5 19
6 5 20
6 5 21
6 5 22
6 5 23
6 5 24
6 5 25
6 5 26
6 5 27
6 5 28
6 5 29
6 5 30
6 5 31
6 5 32
6 5 33
6 5 34
6 5 35
6 5 36
6 5 37
6 5 38
6 5 39
6 6 0
6 6 1
6 6 2
6 6 3
6 6 4
6 6 5
6 6 6
6 6 7
6 6 8
6 6 9
6 6 10
6 6 11
6 6 12
6 6 13
6 6 14
6 6 15
6 6 16
6 6 17
6 6 18
6 6 19
6 6 20
6 6 21
6 6 22
6 6 23
6 6 24
6 6 25
6 6 26
6 6 27
6 6 28
6 6 29
6 6 30
6 6 31
6 6 32
6 6 33
6 6 34
6 6 35
6 6 36
6 6 37
6 6 38
6 6 39
6 7 0
6 7 1
6 7 2
6 7 3
6 7 4
6 7 5
6 7 6
6 7 7
6 7 8
6 7 9
6 7 10
6 7 11
6 7 12
6 7 13
6 7 14
6 7 15
6 7 16
6 7 17
6 7 18
6 7 19
6 7 20
6 7 21
6 7 22
6 7 23
6 7 24
6 7 25
6 7 26
6 7 27
6 7 28
6 7 29
6 7 30
6 7 31
6 7 32
6 7 33
6 7 34
6 7 35
6 7 36
6 7 37
6 7 38
6 7 39
6 8 0
6 8 1
6 8 2
6 8 3
6 8 4
6 8 5
6 8 6
6 8 7
6 8 8
6 8 9
6 8 10
6 8 11
6 8 12
6 8 13
6 8 14
6 8 15
6 8 16
6 8 17
6 8 18
6 8 19
6 8 20
6 8 21
6 8 22
6 8 23
6 8 24
6 8 25
6 8 26
6 8 27
6 8 28
6 8 29
6 8 30
6 8 31
6 8 32
6 8 33
6 8 34
6 8 35
6 8 36
6 8 37
6 8 38
6 8 39
6 9 0
6 9 39
6 10 0
6 10 39
6 11 0
6 11 39
6 12 0
6 12 39
6 13 0
6 13 39
6 14 0
6 14 39
6 15 0
6 15 39
6 16 0
6 16 39
6 17 0
6 17 39
6 18 0
6 18 39
6 19 0
6 19 39
6 20 0
6 20 39
6 21 0
6 21 39
6 22 0
6 22 39
6 23 0
6 23 39
6 24 0
6 24 39
6 25 0
6 25 39
6 26 0
6 26 39
6 27 0
6 27 39
6 28 0
6 28 39
6 29 0
6 29 39
6 30 0
6 30 39
6 31 0
6 31 39
6 32 0
6 32 39
6 33 0
6 33 39
6 34 0
6 34 39
6 35 0
6 35 39
6 36 0
6 36 39
6 37 0
6 37 39
6 38 0
6 38 39
6 39 0
6 39 39
6 40 0
6 40 39
6 41 0
6 41 39
6 42 0
6 42 39
6 43 0
6 43 39
6 44 0
6 44 39
6 45 0
6 45 1
6 45 2
6 45 3
6 45 4
6 45 5
6 45 6
6 45 7
6 45 8
6 45 9
6 45 10
6 45 11
6 45 12
6 45 13
6 45 14
6 45 15
6 45 16
6 45 17
6 45 18
6 45 19
6 45 20
6 45 21
6 45 22
6 45 23
6 45 24
6 45 25
6 45 26
6 45 27
6 45 28
6 45 29
6 45 30
6 45 31
6 45 32
6 45 33
6 45 34
6 45 35
6 45 36
6 45 37
6 45 38
6 45 39
6 46 0
6 46 39
6 47 0
6 47 39
6 48 0
6 48 39
6 49 0
6 49 39
6 50 0
6 50 39
6 51 0
6 51 39
6 52 0
6 52 1
6 52 2
6 52 3
6 52 4
6 52 5
6 52 6
6 52 7
6 52 8
6 52 9
6 52 10
6 52 11
6 52 12
6 52 13
6 52 14
6 52 15
6 52 16
6 52 17
6 52 18
6 52 19
6 52 20
6 52 21
6 52 22
6 52 23
6 52 24
6 52 25
6 52 26
6 52 27
6 52 28
6 52 29
6 52 30
6 52 31
6 52 32
6 52 33
6 52 34
6 52 35
6 52 36
6 52 37
6 52 38
6 52 39
6 53 0
6 53 1
6 53 2
6 53 3
6 53 4
6 53 5
6 53 6
6 53 7
6 53 8
6 53 9
6 53 10
6 53 11
6 53 12
6 53 13
6 53 14
6 53 15
6 53 16
6 53 17
6 53 18
6 53 19
6 53 20
6 53 21
6 53 22
6 53 23
6 53 24
6 53 25
6 53 26
6 53 27
6 53 28
6 53 29
6 53 30
6 53 31
6 53 32
6 53 33
6 53 34
6 53 35
6 53 36
6 53 37
6 53 38
6 53 39
6 54 0
6 54 1
6 54 2
6 54 3
6 54 4
6 54 5
6 54 6
6 54 7
6 54 8
6 54 9
6 54 10
6 54 11
6 54 12
6 54 13
6 54 14
6 54 15
6 54 16
6 54 17
6 54 18
6 54 19
6 54 20
6 54 21
6 54 22
6 54 23
6 54 24
6 54 25
6 54 26
6 54 27
6 54 28
6 54 29
6 54 30
6 54 31
6 54 32
6 54 33
6 54 34
6 54 35
6 54 36
6 54 37
6 54 38
6 54 39
6 55 0
6 55 39
6 56 0
6 56 39
6 57 0
6 57 1
6 57 2
6 57 3
6 57 4
6 57 5
6 57 6
6 57 7
6 57 8
6 57 9
6 57 10
6 57 11
6 57 12
6 57 13
6 57 14
6 57 15
6 57 16
6 57 17
6 57 18
6 57 19
6 57 20
6 57 21
6 57 22
6 57 23
6 57 24
6 57 25
6 57 26
6 57 27
6 57 28
6 57 29
6 57 30
6 57 31
6 57 32
6 57 33
6 57 34
6 57 35
6 57 36
6 57 37
6 57 38
6 57 39
6 58 0
6 58 1
6 58 2
6 58 3
6 58 4
6 58 5
6 58 6
6 58 7
6 58 8
6 58 9
6 58 10
6 58 11
6 58 12
6 58 13
6 58 14
6 58 15
6 58 16
6 58 17
6 58 18
6 58 19
6 58 20
6 58 21
6 58 22
6 58 23
6 58 24
6 58 25
6 58 26
6 58 27
6 58 28
6 58 29
6 58 30
6 58 31
6 58 32
6 58 33
6 58 34
6 58 35
6 58 36
6 58 37
6 58 38
6 58 39
6 59 0
6 59 1
6 59 2
6 59 3
6 59 4
6 59 5
6 59 6
6 59 7
6 59 8
6 59 9
6 59 10
6 59 11
6 59 12
6 59 13
6 59 14
6 59 15
6 59 16
6 59 17
6 59 18
6 59 19
6 59 20
6 59 21
6 59 22
6 59 23
6 59 24
6 59 25
6 59 26
6 59 27
6 59 28
6 59 29
6 59 30
6 59 31
6 59 32
6 59 33
6 59 34
6 59 35
6 59 36
6 59 37
6 59 38
6 59 39
6 60 0
6 60 39
6 61 0
6 61 39
6 62 0
6 62 39
6 63 0
6 63 39
6 64 0
6 64 39
6 65 0
6 65 39
6 66 0
6 66 39
6 67 0
6 67 39
6 68 0
6 68 39
6 69 0
6 69 39
6 70 0
6 70 39
6 71 0
6 71 39
6 72 0
6 72 39
6 73 0
6 73 39
6 74 0
6 74 39
6 75 0
6 75 39
6 76 0
6 76 39
6 77 0
6 77 39
6 78 0
6 78 39
6 79 0
6 79 39
6 80 0
6 80 39
6 81 0
6 81 39
6 82 0
6 82 39
6 83 0
6 83 39
6 84 0
6 84 1
6 84 2
6 84 3
6 84 4
6 84 5
6 84 6
6 84 7
6 84 8
6 84 9
6 84 10
6 84 11
6 84 12
6 84 13
6 84 14
6 84 15
6 84 16
6 84 17
6 84 18
6 84 19
6 84 20
6 84 21
6 84 22
6 84 23
6 84 24
6 84 25
6 84 26
6 84 27
6 84 28
6 84 29
6 84 30
6 84 31
6 84 32
6 84 33
6 84 34
6 84 35
6 84 36
6 84 37
6 84 38
6 84 39
6 85 0
6 85 39
6 86 0
6 86 39
6 87 0
6 87 39
6 88 0
6 88 39
6 89 0
6 89 1
6 89 2
6 89 3
6 89 4
6 89 5
6 89 6
6 89 7
6 89 8
6 89 9
6 89 10
6 89 11
6 89 12
6 89 13
6 89 14
6 89 15
6 89 16
6 89 17
6 89 18
6 89 19
6 89 20
6 89 21
6 89 22
6 89 23
6 89 24
6 89 25
6 89 26
6 89 27
6 89 28
6 89 29
6 89 30
6 89 31
6 89 32
6 89 33
6 89 34
6 89 35
6 89 36
6 89 37
6 89 38
6 89 39
6 90 0
6 90 1
6 90 2
6 90 3
6 90 4
6 90 5
6 90 6
6 90 7
6 90 8
6 90 9
6 90 10
6 90 11
6 90 12
6 90 13
6 90 14
6 90 15
6 90 16
6 90 17
6 90 18
6 90 19
6 90 20
6 90 21
6 90 22
6 90 23
6 90 24
6 90 25
6 90 26
6 90 27
6 90 28
6 90 29
6 90 30
6 90 31
6 90 32
6 90 33
6 90 34
6 90 35
6 90 36
6 90 37
6 90 38
6 90 39
6 91 0
6 91 1
6 91 2
6 91 3
6 91 4
6 91 5
6 91 6
6 91 7
6 91 8
6 91 9
6 91 10
6 91 11
6 91 12
6 91 13
6 91 14
6 91 15
6 91 16
6 91 17
6 91 18
6 91 19
6 91 20
6 91 21
6 91 22
6 91 23
6 91 24
6 91 25
6 91 26
6 91 27
6 91 28
6 91 29
6 91 30
6 91 31
6 91 32
6 91 33
6 91 34
6 91 35
6 91 36
6 91 37
6 91 38
6 91 39
6 92 0
6 92 39
6 93 0
6 93 39
6 94 0
6 94 39
6 95 0
6 95 39
6 96 0
6 96 39
6 97 0
6 97 39
6 98 0
6 98 39
6 99 0
6 99 1
6 99 2
6 99 3
6 99 4
6 99 5
6 99 6
6 99 7
6 99 8
6 99 9
6 99 10
6 99 11
6 99 12
6 99 13
6 99 14
6 99 15
6 99 16
6 99 17
6 99 18
6 99 19
6 99 20
6 99 21
6 99 22
6 99 23
6 99 24
6 99 25
6 99 26
6 99 27
6 99 28
6 99 29
6 99 30
6 99 31
6 99 32
6 99 33
6 99 34
6 99 35
6 99 36
6 99 37
6 99 38
6 99 39
7 0 0
7 0 1
7 0 2
7 0 3
7 0 4
7 0 5
7 0 6
7 0 7
7 0 8
7 0 9
7 0 10
7 0 11
7 0 12
7 0 13
7 0 14
7 0 15
7 0 16
7 0 17
7 0 18
7 0 19
7 0 20
7 0 21
7 0 22
7 0 23
7 0 24
7 0 25
7 0 26
7 0 27
7 0 28
7 0 29
7 0 30
7 0 31
7 0 32
7 0 33
7 0 34
7 0 35
7 0 36
7 0 37
7 0 38
7 0 39
7 1 0
7 1 39
7 2 0
7 2 39
7 3 0
7 3 39
7 4 0
7 4 1
7 4 2
7 4 3
7 4 4
7 4 5
7 4 6
7 4 7
7 4 8
7 4 9
7 4 10
7 4 11
7 4 12
7 4 13
7 4 14
7 4 15
7 4 16
7 4 17
7 4 18
7 4 19
7 4 20
7 4 21
7 4 22
7 4 23
7 4 24
7 4 25
7 4 26
7 4 27
7 4 28
7 4 29
7 4 30
7 4 31
7 4 32
7 4 33
7 4 34
7 4 35
7 4 36
7 4 37
7 4 38
7 4 39
7 5 0
7 5 1
7 5 2
7 5 3
7 5 4
7 5 5
7 5 6
7 5 7
7 5 8
7 5 9
7 5 10
7 5 11
7 5 12
7 5 13
7 5 14
7 5 15
7 5 16
7 5 17
7 5 18
7 5 19
7 5 20
7 5 21
7 5 22
7 5 23
7 5 24
7 5 25
7 5 26
7 5 27
7 5 28
7 5 29
7 5 30
7 5 31
7 5 32
7 5 33
7 5 34
7 5 35
7 5 36
7 5 37
7 5 38
7 5 39
7 6 0
7 6 1
7 6 2
7 6 3
7 6 4
7 6 5
7 6 6
7 6 7
7 6 8
7 6 9
7 6 10
7 6 11
7 6 12
7 6 13
7 6 14
7 6 15
7 6 16
7 6 17
7 6 18
7 6 19
7 6 20
7 6 21
7 6 22
7 6 23
7 6 24
7 6 25
7 6 26
7 6 27
7 6 28
7 6 29
7 6 30
7 6 31
7 6 32
7 6 33
7 6 34
7 6 35
7 6 36
7 6 37
7 6 38
7 6 39
7 7 0
7 7 1
7 7 2
7 7 3
7 7 4
7 7 5
7 7 6
7 7 7
7 7 8
7 7 9
7 7 10
7 7 11
7 7 12
7 7 13
7 7 14
7 7 15
7 7 16
7 7 17
7 7 18
7 7 19
7 7 20
7 7 21
7 7 22
7 7 23
7 7 24
7 7 25
7 7 26
7 7 27
7 7 28
7 7 29
7 7 30
7 7 31
7 7 32
7 7 33
7 7 34
7 7 35
7 7 36
7 7 37
7 7 38
7 7 39
7 8 0
7 8 39
7 9 0
7 9 39
7 10 0
7 10 39
7 11 0
7 11 39
7 12 0
7 12 39
7 13 0
7 13 39
7 14 0
7 14 39
7 15 0
7 15 39
7 16 0
7 16 39
7 17 0
7 17 39
7 18 0
7 18 39
7 19 0
7 19 39
7 20 0
7 20 39
7 21 0
7 21 39
7 22 0
7 22 39
7 23 0
7 23 39
7 24 0
7 24 1
7 24 2
7 24 3
7 24 4
7 24 5
7 24 6
7 24 7
7 24 8
7 24 9
7 24 10
7 24 11
7 24 12
7 24 13
7 24 14
7 24 15
7 24 16
7 24 17
7 24 18
7 24 19
7 24 20
7 24 21
7 24 22
7 24 23
7 24 24
7 24 25
7 24 26
7 24 27
7 24 28
7 24 29
7 24 30
7 24 31
7 24 32
7 24 33
7 24 34
7 24 35
7 24 36
7 24 37
7 24 38
7 24 39
7 25 0
7 25 39
7 26 0
7 26 39
7 27 0
7 27 39
7 28 0
7 28 39
7 29 0
7 29 39
7 30 0
7 30 39
7 31 0
7 31 39
7 32 0
7 32 39
7 33 0
7 33 39
7 34 0
7 34 39
7 35 0
7 35 39
7 36 0
7 36 39
7 37 0
7 37 39
7 38 0
7 38 39
7 39 0
7 39 39
7 40 0
7 40 39
7 41 0
7 41 39
7 42 0
7 42 39
7 43 0
7 43 39
7 44 0
7 44 1
7 44 2
7 44 3
7 44 4
7 44 5
7 44 6
7 44 7
7 44 8
7 44 9
7 44 10
7 44 11
7 44 12
7 44 13
7 44 14
7 44 15
7 44 16
7 44 17
7 44 18
7 44 19
7 44 20
7 44 21
7 44 22
7 44 23
7 44 24
7 44 25
7 44 26
7 44 27
7 44 28
7 44 29
7 44 30
7 44 31
7 44 32
7 44 33
7 44 34
7 44 35
7 44 36
7 44 37
7 44 38
7 44 39
7 45 0
7 45 1
7 45 2
7 45 3
7 45 4
7 45 5
7 45 6
7 45 7
7 45 8
7 45 9
7 45 10
7 45 11
7 45 12
7 45 13
7 45 14
7 45 15
7 45 16
7 45 17
7 45 18
7 45 19
7 45 20
7 45 21
7 45 22
7 45 23
7 45 24
7 45 25
7 45 26
7 45 27
7 45 28
7 45 29
7 45 30
7 45 31
7 45 32
7 45 33
7 45 34
7 45 35
7 45 36
7 45 37
7 45 38
7 45 39
7 46 0
7 46 1
7 46 2
7 46 3
7 46 4
7 46 5
7 46 6
7 46 7
7 46 8
7 46 9
7 46 10
7 46 11
7 46 12
7 46 13
7 46 14
7 46 15
7 46 16
7 46 17
7 46 18
7 46 19
7 46 20
7 46 21
7 46 22
7 46 23
7 46 24
7 46 25
7 46 26
7 46 27
7 46 28
7 46 29
7 46 30
7 46 31
7 46 32
7 46 33
7 46 34
7 46 35
7 46 36
7 46 37
7 46 38
7 46 39
7 47 0
7 47 39
7 48 0
7 48 39
7 49 0
7 49 39
7 50 0
7 50 39
7 51 0
7 51 39
7 52 0
7 52 39
7 53 0
7 53 1
7 53 2
7 53 3
7 53 4
7 53 5
7 53 6
7 53 7
7 53 8
7 53 9
7 53 10
7 53 11
7 53 12
7 53 13
7 53 14
7 53 15
7 53 16
7 53 17
7 53 18
7 53 19
7 53 20
7 53 21
7 53 22
7 53 23
7 53 24
7 53 25
7 53 26
7 53 27
7 53 28
7 53 29
7 53 30
7 53 31
7 53 32
7 53 33
7 53 34
7 53 35
7 53 36
7 53 37
7 53 38
7 53 39
7 54 0
7 54 39
7 55 0
7 55 39
7 56 0
7 56 39
7 57 0
7 57 39
7 58 0
7 58 1
7 58 2
7 58 3
7 58 4
7 58 5
7 58 6
7 58 7
7 58 8
7 58 9
7 58 10
7 58 11
7 58 12
7 58 13
7 58 14
7 58 15
7 58 16
7 58 17
7 58 18
7 58 19
7 58 20
7 58 21
7 58 22
7 58 23
7 58 24
7 58 25
7 58 26
7 58 27
7 58 28
7 58 29
7 58 30
7 58 31
7 58 32
7 58 33
7 58 34
7 58 35
7 58 36
7 58 37
7 58 38
7 58 39
7 59 0
7 59 39
7 60 0
7 60 1
7 60 2
7 60 3
7 60 4
7 60 5
7 60 6
7 60 7
7 60 8
7 60 9
7 60 10
7 60 11
7 60 12
7 60 13
7 60 14
7 60 15
7 60 16
7 60 17
7 60 18
7 60 19
7 60 20
7 60 21
7 60 22
7 60 23
7 60 24
7 60 25
7 60 26
7 60 27
7 60 28
7 60 29
7 60 30
7 60 31
7 60 32
7 60 33
7 60 34
7 60 35
7 60 36
7 60 37
7 60 38
7 60 39
7 61 0
7 61 39
7 62 0
7 62 39
7 63 0
7 63 39
7 64 0
7 64 39
7 65 0
7 65 39
7 66 0
7 66 39
7 67 0
7 67 39
7 68 0
7 68 39
7 69 0
7 69 39
7 70 0
7 70 39
7 71 0
7 71 39
7 72 0
7 72 39
7 73 0
7 73 39
7 74 0
7 74 39
7 75 0
7 75 39
7 76 0
7 76 39
7 77 0
7 77 39
7 78 0
7 78 39
7 79 0
7 79 39
7 80 0
7 80 39
7 81 0
7 81 39
7 82 0
7 82 39
7 83 0
7 83 39
7 84 0
7 84 39
7 85 0
7 85 39
7 86 0
7 86 39
7 87 0
7 87 39
7 88 0
7 88 39
7 89 0
7 89 1
7 89 2
7 89 3
7 89 4
7 89 5
7 89 6
7 89 7
7 89 8
7 89 9
7 89 10
7 89 11
7 89 12
7 89 13
7 89 14
7 89 15
7 89 16
7 89 17
7 89 18
7 89 19
7 89 20
7 89 21
7 89 22
7 89 23
7 89 24
7 89 25
7 89 26
7 89 27
7 89 28
7 89 29
7 89 30
7 89 31
7 89 32
7 89 33
7 89 34
7 89 35
7 89 36
7 89 37
7 89 38
7 89 39
7 90 0
7 90 1
7 90 2
7 90 3
7 90 4
7 90 5
7 90 6
7 90 7
7 90 8
7 90 9
7 90 10
7 90 11
7 90 12
7 90 13
7 90 14
7 90 15
7 90 16
7 90 17
7 90 18
7 90 19
7 90 20
7 90 21
7 90 22
7 90 23
7 90 24
7 90 25
7 90 26
7 90 27
7 90 28
7 90 29
7 90 30
7 90 31
7 90 32
7 90 33
7 90 34
7 90 35
7 90 36
7 90 37
7 90 38
7 90 39
7 91 0
7 91 39
7 92 0
7 92 39
7 93 0
7 93 39
7 94 0
7 94 39
7 95 0
7 95 39
7 96 0
7 96 39
7 97 0
7 97 39
7 98 0
7 98 39
7 99 0
7 99 1
7 99 2
7 99 3
7 99 4
7 99 5
7 99 6
7 99 7
7 99 8
7 99 9
7 99 10
7 99 11
7 99 12
7 99 13
7 99 14
7 99 15
7 99 16
7 99 17
7 99 18
7 99 19
7 99 20
7 99 21
7 99 22
7 99 23
7 99 24
7 99 25
7 99 26
7 99 27
7 99 28
7 99 29
7 99 30
7 99 31
7 99 32
7 99 33
7 99 34
7 99 35
7 99 36
7 99 37
7 99 38
7 99 39
8 0 0
8 0 1
8 0 2
8 0 3
8 0 4
8 0 5
8 0 6
8 0 7
8 0 8
8 0 9
8 0 10
8 0 11
8 0 12
8 0 13
8 0 14
8 0 15
8 0 16
8 0 17
8 0 18
8 0 19
8 0 20
8 0 21
8 0 22
8 0 23
8 0 24
8 0 25
8 0 26
8 0 27
8 0 28
8 0 29
8 0 30
8 0 31
8 0 32
8 0 33
8 0 34
8 0 35
8 0 36
8 0 37
8 0 38
8 0 39
8 1 0
8 1 39
8 2 0
8 2 39
8 3 0
8 3 39
8 4 0
8 4 39
8 5 0
8 5 1
8 5 2
8 5 3
8 5 4
8 5 5
8 5 6
8 5 7
8 5 8
8 5 9
8 5 10
8 5 11
8 5 12
8 5 13
8 5 14
8 5 15
8 5 16
8 5 17
8 5 18
8 5 19
8 5 20
8 5 21
8 5 22
8 5 23
8 5 24
8 5 25
8 5 26
8 5 27
8 5 28
8 5 29
8 5 30
8 5 31
8 5 32
8 5 33
8 5 34
8 5 35
8 5 36
8 5 37
8 5 38
8 5 39
8 6 0
8 6 39
8 7 0
8 7 39
8 8 0
8 8 39
8 9 0
8 9 39
8 10 0
8 10 39
8 11 0
8 11 39
8 12 0
8 12 39
8 13 0
8 13 39
8 14 0
8 14 39
8 15 0
8 15 39
8 16 0
8 16 39
8 17 0
8 17 39
8 18 0
8 18 39
8 19 0
8 19 1
8 19 2
8 19 3
8 19 4
8 19 5
8 19 6
8 19 7
8 19 8
8 19 9
8 19 10
8 19 11
8 19 12
8 19 13
8 19 14
8 19 15
8 19 16
8 19 17
8 19 18
8 19 19
8 19 20
8 19 21
8 19 22
8 19 23
8 19 24
8 19 25
8 19 26
8 19 27
8 19 28
8 19 29
8 19 30
8 19 31
8 19 32
8 19 33
8 19 34
8 19 35
8 19 36
8 19 37
8 19 38
8 19 39
8 20 0
8 20 39
8 21 0
8 21 39
8 22 0
8 22 39
8 23 0
8 23 1
8 23 2
8 23 3
8 23 4
8 23 5
8 23 6
8 23 7
8 23 8
8 23 9
8 23 10
8 23 11
8 23 12
8 23 13
8 23 14
8 23 15
8 23 16
8 23 17
8 23 18
8 23 19
8 23 20
8 23 21
8 23 22
8 23 23
8 23 24
8 23 25
8 23 26
8 23 27
8 23 28
8 23 29
8 23 30
8 23 31
8 23 32
8 23 33
8 23 34
8 23 35
8 23 36
8 23 37
8 23 38
8 23 39
8 24 0
8 24 1
8 24 2
8 24 3
8 24 4
8 24 5
8 24 6
8 24 7
8 24 8
8 24 9
8 24 10
8 24 11
8 24 12
8 24 13
8 24 14
8 24 15
8 24 16
8 24 17
8 24 18
8 24 19
8 24 20
8 24 21
8 24 22
8 24 23
8 24 24
8 24 25
8 24 26
8 24 27
8 24 28
8 24 29
8 24 30
8 24 31
8 24 32
8 24 33
8 24 34
8 24 35
8 24 36
8 24 37
8 24 38
8 24 39
8 25 0
8 25 1
8 25 2
8 25 3
8 25 4
8 25 5
8 25 6
8 25 7
8 25 8
8 25 9
8 25 10
8 25 11
8 25 12
8 25 13
8 25 14
8 25 15
8 25 16
8 25 17
8 25 18
8 25 19
8 25 20
8 25 21
8 25 22
8 25 23
8 25 24
8 25 25
8 25 26
8 25 27
8 25 28
8 25 29
8 25 30
8 25 31
8 25 32
8 25 33
8 25 34
8 25 35
8 25 36
8 25 37
8 25 38
8 25 39
8 26 0
8 26 39
8 27 0
8 27 39
8 28 0
8 28 39
8 29 0
8 29 39
8 30 0
8 30 39
8 31 0
8 31 39
8 32 0
8 32 39
8 33 0
8 33 39
8 34 0
8 34 39
8 35 0
8 35 39
8 36 0
8 36 39
8 37 0
8 37 39
8 38 0
8 38 39
8 39 0
8 39 39
8 40 0
8 40 39
8 41 0
8 41 39
8 42 0
8 42 39
8 43 0
8 43 39
8 44 0
8 44 39
8 45 0
8 45 1
8 45 2
8 45 3
8 45 4
8 45 5
8 45 6
8 45 7
8 45 8
8 45 9
8 45 10
8 45 11
8 45 12
8 45 13
8 45 14
8 45 15
8 45 16
8 45 17
8 45 18
8 45 19
8 45 20
8 45 21
8 45 22
8 45 23
8 45 24
8 45 25
8 45 26
8 45 27
8 45 28
8 45 29
8 45 30
8 45 31
8 45 32
8 45 33
8 45 34
8 45 35
8 45 36
8 45 37
8 45 38
8 45 39
8 46 0
8 46 39
8 47 0
8 47 39
8 48 0
8 48 39
8 49 0
8 49 39
8 50 0
8 50 39
8 51 0
8 51 39
8 52 0
8 52 39
8 53 0
8 53 39
8 54 0
8 54 39
8 55 0
8 55 39
8 56 0
8 56 39
8 57 0
8 57 39
8 58 0
8 58 39
8 59 0
8 59 1
8 59 2
8 59 3
8 59 4
8 59 5
8 59 6
8 59 7
8 59 8
8 59 9
8 59 10
8 59 11
8 59 12
8 59 13
8 59 14
8 59 15
8 59 16
8 59 17
8 59 18
8 59 19
8 59 20
8 59 21
8 59 22
8 59 23
8 59 24
8 59 25
8 59 26
8 59 27
8 59 28
8 59 29
8 59 30
8 59 31
8 59 32
8 59 33
8 59 34
8 59 35
8 59 36
8 59 37
8 59 38
8 59 39
8 60 0
8 60 1
8 60 2
8 60 3
8 60 4
8 60 5
8 60 6
8 60 7
8 60 8
8 60 9
8 60 10
8 60 11
8 60 12
8 60 13
8 60 14
8 60 15
8 60 16
8 60 17
8 60 18
8 60 19
8 60 20
8 60 21
8 60 22
8 60 23
8 60 24
8 60 25
8 60 26
8 60 27
8 60 28
8 60 29
8 60 30
8 60 31
8 60 32
8 60 33
8 60 34
8 60 35
8 60 36
8 60 37
8 60 38
8 60 39
8 61 0
8 61 1
8 61 2
8 61 3
8 61 4
8 61 5
8 61 6
8 61 7
8 61 8
8 61 9
8 61 10
8 61 11
8 61 12
8 61 13
8 61 14
8 61 15
8 61 16
8 61 17
8 61 18
8 61 19
8 61 20
8 61 21
8 61 22
8 61 23
8 61 24
8 61 25
8 61 26
8 61 27
8 61 28
8 61 29
8 61 30
8 61 31
8 61 32
8 61 33
8 61 34
8 61 35
8 61 36
8 61 37
8 61 38
8 61 39
8 62 0
8 62 39
8 63 0
8 63 39
8 64 0
8 64 39
8 65 0
8 65 39
8 66 0
8 66 39
8 67 0
8 67 39
8 68 0
8 68 39
8 69 0
8 69 39
8 70 0
8 70 39
8 71 0
8 71 39
8 72 0
8 72 39
8 73 0
8 73 39
8 74 0
8 74 39
8 75 0
8 75 39
8 76 0
8 76 39
8 77 0
8 77 39
8 78 0
8 78 39
8 79 0
8 79 39
8 80 0
8 80 39
8 81 0
8 81 39
8 82 0
8 82 39
8 83 0
8 83 39
8 84 0
8 84 39
8 85 0
8 85 39
8 86 0
8 86 39
8 87 0
8 87 39
8 88 0
8 88 1
8 88 2
8 88 3
8 88 4
8 88 5
8 88 6
8 88 7
8 88 8
8 88 9
8 88 10
8 88 11
8 88 12
8 88 13
8 88 14
8 88 15
8 88 16
8 88 17
8 88 18
8 88 19
8 88 20
8 88 21
8 88 22
8 88 23
8 88 24
8 88 25
8 88 26
8 88 27
8 88 28
8 88 29
8 88 30
8 88 31
8 88 32
8 88 33
8 88 34
8 88 35
8 88 36
8 88 37
8 88 38
8 88 39
8 89 0
8 89 1
8 89 2
8 89 3
8 89 4
8 89 5
8 89 6
8 89 7
8 89 8
8 89 9
8 89 10
8 89 11
8 89 12
8 89 13
8 89 14
8 89 15
8 89 16
8 89 17
8 89 18
8 89 19
8 89 20
8 89 21
8 89 22
8 89 23
8 89 24
8 89 25
8 89 26
8 89 27
8 89 28
8 89 29
8 89 30
8 89 31
8 89 32
8 89 33
8 89 34
8 89 35
8 89 36
8 89 37
8 89 38
8 89 39
8 90 0
8 90 1
8 90 2
8 90 3
8 90 4
8 90 5
8 90 6
8 90 7
8 90 8
8 90 9
8 90 10
8 90 11
8 90 12
8 90 13
8 90 14
8 90 15
8 90 16
8 90 17
8 90 18
8 90 19
8 90 20
8 90 21
8 90 22
8 90 23
8 90 24
8 90 25
8 90 26
8 90 27
8 90 28
8 90 29
8 90 30
8 90 31
8 90 32
8 90 33
8 90 34
8 90 35
8 90 36
8 90 37
8 90 38
8 90 39
8 91 0
8 91 39
8 92 0
8 92 39
8 93 0
8 93 39
8 94 0
8 94 39
8 95 0
8 95 39
8 96 0
8 96 39
8 97 0
8 97 39
8 98 0
8 98 39
8 99 0
8 99 1
8 99 2
8 99 3
8 99 4
8 99 5
8 99 6
8 99 7
8 99 8
8 99 9
8 99 10
8 99 11
8 99 12
8 99 13
8 99 14
8 99 15
8 99 16
8 99 17
8 99 18
8 99 19
8 99 20
8 99 21
8 99 22
8 99 23
8 99 24
8 99 25
8 99 26
8 99 27
8 99 28
8 99 29
8 99 30
8 99 31
8 99 32
8 99 33
8 99 34
8 99 35
8 99 36
8 99 37
8 99 38
8 99 39
9 0 0
9 0 1
9 0 2
9 0 3
9 0 4
9 0 5
9 0 6
9 0 7
9 0 8
9 0 9
9 0 10
9 0 11
9 0 12
9 0 13
9 0 14
9 0 15
9 0 16
9 0 17
9 0 18
9 0 19
9 0 20
9 0 21
9 0 22
9 0 23
9 0 24
9 0 25
9 0 26
9 0 27
9 0 28
9 0 29
9 0 30
9 0 31
9 0 32
9 0 33
9 0 34
9 0 35
9 0 36
9 0 37
9 0 38
9 0 39
9 1 0
9 1 39
9 2 0
9 2 39
9 3 0
9 3 39
9 4 0
9 4 1
9 4 2
9 4 3
9 4 4
9 4 5
9 4 6
9 4 7
9 4 8
9 4 9
9 4 10
9 4 11
9 4 12
9 4 13
9 4 14
9 4 15
9 4 16
9 4 17
9 4 18
9 4 19
9 4 20
9 4 21
9 4 22
9 4 23
9 4 24
9 4 25
9 4 26
9 4 27
9 4 28
9 4 29
9 4 30
9 4 31
9 4 32
9 4 33
9 4 34
9 4 35
9 4 36
9 4 37
9 4 38
9 4 39
9 5 0
9 5 39
9 6 0
9 6 39
9 7 0
9 7 39
9 8 0
9 8 39
9 9 0
9 9 39
9 10 0
9 10 39
9 11 0
9 11 39
9 12 0
9 12 39
9 13 0
9 13 39
9 14 0
9 14 39
9 15 0
9 15 39
9 16 0
9 16 39
9 17 0
9 17 39
9 18 0
9 18 1
9 18 2
9 18 3
9 18 4
9 18 5
9 18 6
9 18 7
9 18 8
9 18 9
9 18 10
9 18 11
9 18 12
9 18 13
9 18 14
9 18 15
9 18 16
9 18 17
9 18 18
9 18 19
9 18 20
9 18 21
9 18 22
9 18 23
9 18 24
9 18 25
9 18 26
9 18 27
9 18 28
9 18 29
9 18 30
9 18 31
9 18 32
9 18 33
9 18 34
9 18 35
9 18 36
9 18 37
9 18 38
9 18 39
9 19 0
9 19 1
9 19 2
9 19 3
9 19 4
9 19 5
9 19 6
9 19 7
9 19 8
9 19 9
9 19 10
9 19 11
9 19 12
9 19 13
9 19 14
9 19 15
9 19 16
9 19 17
9 19 18
9 19 19
9 19 20
9 19 21
9 19 22
9 19 23
9 19 24
9 19 25
9 19 26
9 19 27
9 19 28
9 19 29
9 19 30
9 19 31
9 19 32
9 19 33
9 19 34
9 19 35
9 19 36
9 19 37
9 19 38
9 19 39
9 20 0
9 20 1
9 20 2
9 20 3
9 20 4
9 20 5
9 20 6
9 20 7
9 20 8
9 20 9
9 20 10
9 20 11
9 20 12
9 20 13
9 20 14
9 20 15
9 20 16
9 20 17
9 20 18
9 20 19
9 20 20
9 20 21
9 20 22
9 20 23
9 20 24
9 20 25
9 20 26
9 20 27
9 20 28
9 20 29
9 20 30
9 20 31
9 20 32
9 20 33
9 20 34
9 20 35
9 20 36
9 20 37
9 20 38
9 20 39
9 21 0
9 21 39
9 22 0
9 22 39
9 23 0
9 23 39
9 24 0
9 24 1
9 24 2
9 24 3
9 24 4
9 24 5
9 24 6
9 24 7
9 24 8
9 24 9
9 24 10
9 24 11
9 24 12
9 24 13
9 24 14
9 24 15
9 24 16
9 24 17
9 24 18
9 24 19
9 24 20
9 24 21
9 24 22
9 24 23
9 24 24
9 24 25
9 24 26
9 24 27
9 24 28
9 24 29
9 24 30
9 24 31
9 24 32
9 24 33
9 24 34
9 24 35
9 24 36
9 24 37
9 24 38
9 24 39
9 25 0
9 25 39
9 26 0
9 26 39
9 27 0
9 27 39
9 28 0
9 28 39
9 29 0
9 29 39
9 30 0
9 30 39
9 31 0
9 31 39
9 32 0
9 32 39
9 33 0
9 33 39
9 34 0
9 34 39
9 35 0
9 35 39
9 36 0
9 36 39
9 37 0
9 37 39
9 38 0
9 38 39
9 39 0
9 39 39
9 40 0
9 40 39
9 41 0
9 41 39
9 42 0
9 42 1
9 42 2
9 42 3
9 42 4
9 42 5
9 42 6
9 42 7
9 42 8
9 42 9
9 42 10
9 42 11
9 42 12
9 42 13
9 42 14
9 42 15
9 42 16
9 42 17
9 42 18
9 42 19
9 42 20
9 42 21
9 42 22
9 42 23
9 42 24
9 42 25
9 42 26
9 42 27
9 42 28
9 42 29
9 42 30
9 42 31
9 42 32
9 42 33
9 42 34
9 42 35
9 42 36
9 42 37
9 42 38
9 42 39
9 43 0
9 43 39
9 44 0
9 44 39
9 45 0
9 45 39
9 46 0
9 46 39
9 47 0
9 47 39
9 48 0
9 48 39
9 49 0
9 49 39
9 50 0
9 50 39
9 51 0
9 51 39
9 52 0
9 52 39
9 53 0
9 53 39
9 54 0
9 54 39
9 55 0
9 55 39
9 56 0
9 56 39
9 57 0
9 57 39
9 58 0
9 58 39
9 59 0
9 59 39
9 60 0
9 60 1
9 60 2
9 60 3
9 60 4
9 60 5
9 60 6
9 60 7
9 60 8
9 60 9
9 60 10
9 60 11
9 60 12
9 60 13
9 60 14
9 60 15
9 60 16
9 60 17
9 60 18
9 60 19
9 60 20
9 60 21
9 60 22
9 60 23
9 60 24
9 60 25
9 60 26
9 60 27
9 60 28
9 60 29
9 60 30
9 60 31
9 60 32
9 60 33
9 60 34
9 60 35
9 60 36
9 60 37
9 60 38
9 60 39
9 61 0
9 61 39
9 62 0
9 62 39
9 63 0
9 63 39
9 64 0
9 64 39
9 65 0
9 65 39
9 66 0
9 66 39
9 67 0
9 67 39
9 68 0
9 68 39
9 69 0
9 69 39
9 70 0
9 70 39
9 71 0
9 71 39
9 72 0
9 72 39
9 73 0
9 73 39
9 74 0
9 74 39
9 75 0
9 75 39
9 76 0
9 76 39
9 77 0
9 77 39
9 78 0
9 78 39
9 79 0
9 79 39
9 80 0
9 80 39
9 81 0
9 81 39
9 82 0
9 82 39
9 83 0
9 83 39
9 84 0
9 84 39
9 85 0
9 85 39
9 86 0
9 86 39
9 87 0
9 87 39
9 88 0
9 88 39
9 89 0
9 89 1
9 89 2
9 89 3
9 89 4
9 89 5
9 89 6
9 89 7
9 89 8
9 89 9
9 89 10
9 89 11
9 89 12
9 89 13
9 89 14
9 89 15
9 89 16
9 89 17
9 89 18
9 89 19
9 89 20
9 89 21
9 89 22
9 89 23
9 89 24
9 89 25
9 89 26
9 89 27
9 89 28
9 89 29
9 89 30
9 89 31
9 89 32
9 89 33
9 89 34
9 89 35
9 89 36
9 89 37
9 89 38
9 89 39
9 90 0
9 90 39
9 91 0
9 91 39
9 92 0
9 92 39
9 93 0
9 93 39
9 94 0
9 94 39
9 95 0
9 95 39
9 96 0
9 96 39
9 97 0
9 97 39
9 98 0
9 98 39
9 99 0
9 99 1
9 99 2
9 99 3
9 99 4
9 99 5
9 99 6
9 99 7
9 99 8
9 99 9
9 99 10
9 99 11
9 99 12
9 99 13
9 99 14
9 99 15
9 99 16
9 99 17
9 99 18
9 99 19
9 99 20
9 99 21
9 99 22
9 99 23
9 99 24
9 99 25
9 99 26
9 99 27
9 99 28
9 99 29
9 99 30
9 99 31
9 99 32
9 99 33
9 99 34
9 99 35
9 99 36
9 99 37
9 99 38
9 99 39
10 0 0
10 0 1
10 0 2
10 0 3
10 0 4
10 0 5
10 0 6
10 0 7
10 0 8
10 0 9
10 0 10
10 0 11
10 0 12
10 0 13
10 0 14
10 0 15
10 0 16
10 0 17
10 0 18
10 0 19
10 0 20
10 0 21
10 0 22
10 0 23
10 0 24
10 0 25
10 0 26
10 0 27
10 0 28
10 0 29
10 0 30
10 0 31
10 0 32
10 0 33
10 0 34
10 0 35
10 0 36
10 0 37
10 0 38
10 0 39
10 1 0
10 1 39
10 2 0
10 2 39
10 3 0
10 3 1
10 3 2
10 3 3
10 3 4
10 3 5
10 3 6
10 3 7
10 3 8
10 3 9
10 3 10
10 3 11
10 3 12
10 3 13
10 3 14
10 3 15
10 3 16
10 3 17
10 3 18
10 3 19
10 3 20
10 3 21
10 3 22
10 3 23
10 3 24
10 3 25
10 3 26
10 3 27
10 3 28
10 3 29
10 3 30
10 3 31
10 3 32
10 3 33
10 3 34
10 3 35
10 3 36
10 3 37
10 3 38
10 3 39
10 4 0
10 4 1
10 4 2
10 4 3
10 4 4
10 4 5
10 4 6
10 4 7
10 4 8
10 4 9
10 4 10
10 4 11
10 4 12
10 4 13
10 4 14
10 4 15
10 4 16
10 4 17
10 4 18
10 4 19
10 4 20
10 4 21
10 4 22
10 4 23
10 4 24
10 4 25
10 4 26
10 4 27
10 4 28
10 4 29
10 4 30
10 4 31
10 4 32
10 4 33
10 4 34
10 4 35
10 4 36
10 4 37
10 4 38
10 4 39
10 5 0
10 5 1
10 5 2
10 5 3
10 5 4
10 5 5
10 5 6
10 5 7
10 5 8
10 5 9
10 5 10
10 5 11
10 5 12
10 5 13
10 5 14
10 5 15
10 5 16
10 5 17
10 5 18
10 5 19
10 5 20
10 5 21
10 5 22
10 5 23
10 5 24
10 5 25
10 5 26
10 5 27
10 5 28
10 5 29
10 5 30
10 5 31
10 5 32
10 5 33
10 5 34
10 5 35
10 5 36
10 5 37
10 5 38
10 5 39
10 6 0
10 6 39
10 7 0
10 7 39
10 8 0
10 8 39
10 9 0
10 9 39
10 10 0
10 10 39
10 11 0
10 11 39
10 12 0
10 12 39
10 13 0
10 13 39
10 14 0
10 14 39
10 15 0
10 15 39
10 16 0
10 16 39
10 17 0
10 17 39
10 18 0
10 18 39
10 19 0
10 19 1
10 19 2
10 19 3
10 19 4
10 19 5
10 19 6
10 19 7
10 19 8
10 19 9
10 19 10
10 19 11
10 19 12
10 19 13
10 19 14
10 19 15
10 19 16
10 19 17
10 19 18
10 19 19
10 19 20
10 19 21
10 19 22
10 19 23
10 19 24
10 19 25
10 19 26
10 19 27
10 19 28
10 19 29
10 19 30
10 19 31
10 19 32
10 19 33
10 19 34
10 19 35
10 19 36
10 19 37
10 19 38
10 19 39
10 20 0
10 20 39
10 21 0
10 21 39
10 22 0
10 22 39
10 23 0
10 23 39
10 24 0
10 24 39
10 25 0
10 25 39
10 26 0
10 26 39
10 27 0
10 27 39
10 28 0
10 28 39
10 29 0
10 29 39
10 30 0
10 30 39
10 31 0
10 31 39
10 32 0
10 32 39
10 33 0
10 33 39
10 34 0
10 34 39
10 35 0
10 35 1
10 35 2
10 35 3
10 35 4
10 35 5
10 35 6
10 35 7
10 35 8
10 35 9
10 35 10
10 35 11
10 35 12
10 35 13
10 35 14
10 35 15
10 35 16
10 35 17
10 35 18
10 35 19
10 35 20
10 35 21
10 35 22
10 35 23
10 35 24
10 35 25
10 35 26
10 35 27
10 35 28
10 35 29
10 35 30
10 35 31
10 35 32
10 35 33
10 35 34
10 35 35
10 35 36
10 35 37
10 35 38
10 35 39
10 36 0
10 36 39
10 37 0
10 37 39
10 38 0
10 38 39
10 39 0
10 39 39
10 40 0
10 40 39
10 41 0
10 41 1
10 41 2
10 41 3
10 41 4
10 41 5
10 41 6
10 41 7
10 41 8
10 41 9
10 41 10
10 41 11
10 41 12
10 41 13
10 41 14
10 41 15
10 41 16
10 41 17
10 41 18
10 41 19
10 41 20
10 41 21
10 41 22
10 41 23
10 41 24
10 41 25
10 41 26
10 41 27
10 41 28
10 41 29
10 41 30
10 41 31
10 41 32
10 41 33
10 41 34
10 41 35
10 41 36
10 41 37
10 41 38
10 41 39
10 42 0
10 42 1
10 42 2
10 42 3
10 42 4
10 42 5
10 42 6
10 42 7
10 42 8
10 42 9
10 42 10
10 42 11
10 42 12
10 42 13
10 42 14
10 42 15
10 42 16
10 42 17
10 42 18
10 42 19
10 42 20
10 42 21
10 42 22
10 42 23
10 42 24
10 42 25
10 42 26
10 42 27
10 42 28
10 42 29
10 42 30
10 42 31
10 42 32
10 42 33
10 42 34
10 42 35
10 42 36
10 42 37
10 42 38
10 42 39
10 43 0
10 43 1
10 43 2
10 43 3
10 43 4
10 43 5
10 43 6
10 43 7
10 43 8
10 43 9
10 43 10
10 43 11
10 43 12
10 43 13
10 43 14
10 43 15
10 43 16
10 43 17
10 43 18
10 43 19
10 43 20
10 43 21
10 43 22
10 43 23
10 43 24
10 43 25
10 43 26
10 43 27
10 43 28
10 43 29
10 43 30
10 43 31
10 43 32
10 43 33
10 43 34
10 43 35
10 43 36
10 43 37
10 43 38
10 43 39
10 44 0
10 44 39
10 45 0
10 45 39
10 46 0
10 46 39
10 47 0
10 47 39
10 48 0
10 48 39
10 49 0
10 49 39
10 50 0
10 50 1
10 50 2
10 50 3
10 50 4
10 50 5
10 50 6
10 50 7
10 50 8
10 50 9
10 50 10
10 50 11
10 50 12
10 50 13
10 50 14
10 50 15
10 50 16
10 50 17
10 50 18
10 50 19
10 50 20
10 50 21
10 50 22
10 50 23
10 50 24
10 50 25
10 50 26
10 50 27
10 50 28
10 50 29
10 50 30
10 50 31
10 50 32
10 50 33
10 50 34
10 50 35
10 50 36
10 50 37
10 50 38
10 50 39
10 51 0
10 51 39
10 52 0
10 52 39
10 53 0
10 53 39
10 54 0
10 54 39
10 55 0
10 55 39
10 56 0
10 56 39
10 57 0
10 57 39
10 58 0
10 58 39
10 59 0
10 59 39
10 60 0
10 60 39
10 61 0
10 61 39
10 62 0
10 62 39
10 63 0
10 63 39
10 64 0
10 64 39
10 65 0
10 65 39
10 66 0
10 66 39
10 67 0
10 67 39
10 68 0
10 68 39
10 69 0
10 69 39
10 70 0
10 70 39
10 71 0
10 71 39
10 72 0
10 72 39
10 73 0
10 73 39
10 74 0
10 74 39
10 75 0
10 75 39
10 76 0
10 76 39
10 77 0
10 77 39
10 78 0
10 78 39
10 79 0
10 79 39
10 80 0
10 80 39
10 81 0
10 81 39
10 82 0
10 82 39
10 83 0
10 83 39
10 84 0
10 84 39
10 85 0
10 85 39
10 86 0
10 86 39
10 87 0
10 87 39
10 88 0
10 88 39
10 89 0
10 89 39
10 90 0
10 90 39
10 91 0
10 91 39
10 92 0
10 92 39
10 93 0
10 93 39
10 94 0
10 94 39
10 95 0
10 95 39
10 96 0
10 96 39
10 97 0
10 97 39
10 98 0
10 98 39
10 99 0
10 99 1
10 99 2
10 99 3
10 99 4
10 99 5
10 99 6
10 99 7
10 99 8
10 99 9
10 99 10
10 99 11
10 99 12
10 99 13
10 99 14
10 99 15
10 99 16
10 99 17
10 99 18
10 99 19
10 99 20
10 99 21
10 99 22
10 99 23
10 99 24
10 99 25
10 99 26
10 99 27
10 99 28
10 99 29
10 99 30
10 99 31
10 99 32
10 99 33
10 99 34
10 99 35
10 99 36
10 99 37
10 99 38
10 99 39
11 0 0
11 0 1
11 0 2
11 0 3
11 0 4
11 0 5
11 0 6
11 0 7
11 0 8
11 0 9
11 0 10
11 0 11
11 0 12
11 0 13
11 0 14
11 0 15
11 0 16
11 0 17
11 0 18
11 0 19
11 0 20
11 0 21
11 0 22
11 0 23
11 0 24
11 0 25
11 0 26
11 0 27
11 0 28
11 0 29
11 0 30
11 0 31
11 0 32
11 0 33
11 0 34
11 0 35
11 0 36
11 0 37
11 0 38
11 0 39
11 1 0
11 1 39
11 2 0
11 2 39
11 3 0
11 3 39
11 4 0
11 4 1
11 4 2
11 4 3
11 4 4
11 4 5
11 4 6
11 4 7
11 4 8
11 4 9
11 4 10
11 4 11
11 4 12
11 4 13
11 4 14
11 4 15
11 4 16
11 4 17
11 4 18
11 4 19
11 4 20
11 4 21
11 4 22
11 4 23
11 4 24
11 4 25
11 4 26
11 4 27
11 4 28
11 4 29
11 4 30
11 4 31
11 4 32
11 4 33
11 4 34
11 4 35
11 4 36
11 4 37
11 4 38
11 4 39
11 5 0
11 5 39
11 6 0
11 6 39
11 7 0
11 7 39
11 8 0
11 8 39
11 9 0
11 9 39
11 10 0
11 10 39
11 11 0
11 11 39
11 12 0
11 12 39
11 13 0
11 13 39
11 14 0
11 14 39
11 15 0
11 15 39
11 16 0
11 16 39
11 17 0
11 17 39
11 18 0
11 18 39
11 19 0
11 19 39
11 20 0
11 20 39
11 21 0
11 21 39
11 22 0
11 22 39
11 23 0
11 23 39
11 24 0
11 24 39
11 25 0
11 25 39
11 26 0
11 26 39
11 27 0
11 27 39
11 28 0
11 28 39
11 29 0
11 29 39
11 30 0
11 30 39
11 31 0
11 31 39
11 32 0
11 32 39
11 33 0
11 33 39
11 34 0
11 34 1
11 34 2
11 34 3
11 34 4
11 34 5
11 34 6
11 34 7
11 34 8
11 34 9
11 34 10
11 34 11
11 34 12
11 34 13
11 34 14
11 34 15
11 34 16
11 34 17
11 34 18
11 34 19
11 34 20
11 34 21
11 34 22
11 34 23
11 34 24
11 34 25
11 34 26
11 34 27
11 34 28
11 34 29
11 34 30
11 34 31
11 34 32
11 34 33
11 34 34
11 34 35
11 34 36
11 34 37
11 34 38
11 34 39
11 35 0
11 35 1
11 35 2
11 35 3
11 35 4
11 35 5
11 35 6
11 35 7
11 35 8
11 35 9
11 35 10
11 35 11
11 35 12
11 35 13
11 35 14
11 35 15
11 35 16
11 35 17
11 35 18
11 35 19
11 35 20
11 35 21
11 35 22
11 35 23
11 35 24
11 35 25
11 35 26
11 35 27
11 35 28
11 35 29
11 35 30
11 35 31
11 35 32
11 35 33
11 35 34
11 35 35
11 35 36
11 35 37
11 35 38
11 35 39
11 36 0
11 36 1
11 36 2
11 36 3
11 36 4
11 36 5
11 36 6
11 36 7
11 36 8
11 36 9
11 36 10
11 36 11
11 36 12
11 36 13
11 36 14
11 36 15
11 36 16
11 36 17
11 36 18
11 36 19
11 36 20
11 36 21
11 36 22
11 36 23
11 36 24
11 36 25
11 36 26
11 36 27
11 36 28
11 36 29
11 36 30
11 36 31
11 36 32
11 36 33
11 36 34
11 36 35
11 36 36
11 36 37
11 36 38
11 36 39
11 37 0
11 37 39
11 38 0
11 38 39
11 39 0
11 39 39
11 40 0
11 40 39
11 41 0
11 41 39
11 42 0
11 42 1
11 42 2
11 42 3
11 42 4
11 42 5
11 42 6
11 42 7
11 42 8
11 42 9
11 42 10
11 42 11
11 42 12
11 42 13
11 42 14
11 42 15
11 42 16
11 42 17
11 42 18
11 42 19
11 42 20
11 42 21
11 42 22
11 42 23
11 42 24
11 42 25
11 42 26
11 42 27
11 42 28
11 42 29
11 42 30
11 42 31
11 42 32
11 42 33
11 42 34
11 42 35
11 42 36
11 42 37
11 42 38
11 42 39
11 43 0
11 43 39
11 44 0
11 44 39
11 45 0
11 45 39
11 46 0
11 46 39
11 47 0
11 47 39
11 48 0
11 48 39
11 49 0
11 49 1
11 49 2
11 49 3
11 49 4
11 49 5
11 49 6
11 49 7
11 49 8
11 49 9
11 49 10
11 49 11
11 49 12
11 49 13
11 49 14
11 49 15
11 49 16
11 49 17
11 49 18
11 49 19
11 49 20
11 49 21
11 49 22
11 49 23
11 49 24
11 49 25
11 49 26
11 49 27
11 49 28
11 49 29
11 49 30
11 49 31
11 49 32
11 49 33
11 49 34
11 49 35
11 49 36
11 49 37
11 49 38
11 49 39
11 50 0
11 50 1
11 50 2
11 50 3
11 50 4
11 50 5
11 50 6
11 50 7
11 50 8
11 50 9
11 50 10
11 50 11
11 50 12
11 50 13
11 50 14
11 50 15
11 50 16
11 50 17
11 50 18
11 50 19
11 50 20
11 50 21
11 50 22
11 50 23
11 50 24
11 50 25
11 50 26
11 50 27
11 50 28
11 50 29
11 50 30
11 50 31
11 50 32
11 50 33
11 50 34
11 50 35
11 50 36
11 50 37
11 50 38
11 50 39
11 51 0
11 51 1
11 51 2
11 51 3
11 51 4
11 51 5
11 51 6
11 51 7
11 51 8
11 51 9
11 51 10
11 51 11
11 51 12
11 51 13
11 51 14
11 51 15
11 51 16
11 51 17
11 51 18
11 51 19
11 51 20
11 51 21
11 51 22
11 51 23
11 51 24
11 51 25
11 51 26
11 51 27
11 51 28
11 51 29
11 51 30
11 51 31
11 51 32
11 51 33
11 51 34
11 51 35
11 51 36
11 51 37
11 51 38
11 51 39
11 52 0
11 52 39
11 53 0
11 53 39
11 54 0
11 54 39
11 55 0
11 55 39
11 56 0
11 56 39
11 57 0
11 57 1
11 57 2
11 57 3
11 57 4
11 57 5
11 57 6
11 57 7
11 57 8
11 57 9
11 57 10
11 57 11
11 57 12
11 57 13
11 57 14
11 57 15
11 57 16
11 57 17
11 57 18
11 57 19
11 57 20
11 57 21
11 57 22
11 57 23
11 57 24
11 57 25
11 57 26
11 57 27
11 57 28
11 57 29
11 57 30
11 57 31
11 57 32
11 57 33
11 57 34
11 57 35
11 57 36
11 57 37
11 57 38
11 57 39
11 58 0
11 58 39
11 59 0
11 59 39
11 60 0
11 60 39
11 61 0
11 61 39
11 62 0
11 62 39
11 63 0
11 63 39
11 64 0
11 64 39
11 65 0
11 65 39
11 66 0
11 66 39
11 67 0
11 67 1
11 67 2
11 67 3
11 67 4
11 67 5
11 67 6
11 67 7
11 67 8
11 67 9
11 67 10
11 67 11
11 67 12
11 67 13
11 67 14
11 67 15
11 67 16
11 67 17
11 67 18
11 67 19
11 67 20
11 67 21
11 67 22
11 67 23
11 67 24
11 67 25
11 67 26
11 67 27
11 67 28
11 67 29
11 67 30
11 67 31
11 67 32
11 67 33
11 67 34
11 67 35
11 67 36
11 67 37
11 67 38
11 67 39
11 68 0
11 68 39
11 69 0
11 69 39
11 70 0
11 70 39
11 71 0
11 71 39
11 72 0
11 72 39
11 73 0
11 73 39
11 74 0
11 74 39
11 75 0
11 75 39
11 76 0
11 76 39
11 77 0
11 77 39
11 78 0
11 78 39
11 79 0
11 79 39
11 80 0
11 80 39
11 81 0
11 81 39
11 82 0
11 82 39
11 83 0
11 83 39
11 84 0
11 84 39
11 85 0
11 85 39
11 86 0
11 86 39
11 87 0
11 87 39
11 88 0
11 88 39
11 89 0
11 89 39
11 90 0
11 90 39
11 91 0
11 91 39
11 92 0
11 92 39
11 93 0
11 93 1
11 93 2
11 93 3
11 93 4
11 93 5
11 93 6
11 93 7
11 93 8
11 93 9
11 93 10
11 93 11
11 93 12
11 93 13
11 93 14
11 93 15
11 93 16
11 93 17
11 93 18
11 93 19
11 93 20
11 93 21
11 93 22
11 93 23
11 93 24
11 93 25
11 93 26
11 93 27
11 93 28
11 93 29
11 93 30
11 93 31
11 93 32
11 93 33
11 93 34
11 93 35
11 93 36
11 93 37
11 93 38
11 93 39
11 94 0
11 94 39
11 95 0
11 95 39
11 96 0
11 96 39
11 97 0
11 97 39
11 98 0
11 98 39
11 99 0
11 99 1
11 99 2
11 99 3
11 99 4
11 99 5
11 99 6
11 99 7
11 99 8
11 99 9
11 99 10
11 99 11
11 99 12
11 99 13
11 99 14
11 99 15
11 99 16
11 99 17
11 99 18
11 99 19
11 99 20
11 99 21
11 99 22
11 99 23
11 99 24
11 99 25
11 99 26
11 99 27
11 99 28
11 99 29
11 99 30
11 99 31
11 99 32
11 99 33
11 99 34
11 99 35
11 99 36
11 99 37
11 99 38
11 99 39
12 0 0
12 0 1
12 0 2
12 0 3
12 0 4
12 0 5
12 0 6
12 0 7
12 0 8
12 0 9
12 0 10
12 0 11
12 0 12
12 0 13
12 0 14
12 0 15
12 0 16
12 0 17
12 0 18
12 0 19
12 0 20
12 0 21
12 0 22
12 0 23
12 0 24
12 0 25
12 0 26
12 0 27
12 0 28
12 0 29
12 0 30
12 0 31
12 0 32
12 0 33
12 0 34
12 0 35
12 0 36
12 0 37
12 0 38
12 0 39
12 1 0
12 1 39
12 2 0
12 2 39
12 3 0
12 3 39
12 4 0
12 4 39
12 5 0
12 5 39
12 6 0
12 6 39
12 7 0
12 7 1
12 7 2
12 7 3
12 7 4
12 7 5
12 7 6
12 7 7
12 7 8
12 7 9
12 7 10
12 7 11
12 7 12
12 7 13
12 7 14
12 7 15
12 7 16
12 7 17
12 7 18
12 7 19
12 7 20
12 7 21
12 7 22
12 7 23
12 7 24
12 7 25
12 7 26
12 7 27
12 7 28
12 7 29
12 7 30
12 7 31
12 7 32
12 7 33
12 7 34
12 7 35
12 7 36
12 7 37
12 7 38
12 7 39
12 8 0
12 8 39
12 9 0
12 9 39
12 10 0
12 10 39
12 11 0
12 11 39
12 12 0
12 12 39
12 13 0
12 13 39
12 14 0
12 14 39
12 15 0
12 15 39
12 16 0
12 16 39
12 17 0
12 17 39
12 18 0
12 18 39
12 19 0
12 19 39
12 20 0
12 20 39
12 21 0
12 21 39
12 22 0
12 22 39
12 23 0
12 23 39
12 24 0
12 24 39
12 25 0
12 25 39
12 26 0
12 26 39
12 27 0
12 27 39
12 28 0
12 28 39
12 29 0
12 29 39
12 30 0
12 30 39
12 31 0
12 31 39
12 32 0
12 32 39
12 33 0
12 33 39
12 34 0
12 34 39
12 35 0
12 35 1
12 35 2
12 35 3
12 35 4
12 35 5
12 35 6
12 35 7
12 35 8
12 35 9
12 35 10
12 35 11
12 35 12
12 35 13
12 35 14
12 35 15
12 35 16
12 35 17
12 35 18
12 35 19
12 35 20
12 35 21
12 35 22
12 35 23
12 35 24
12 35 25
12 35 26
12 35 27
12 35 28
12 35 29
12 35 30
12 35 31
12 35 32
12 35 33
12 35 34
12 35 35
12 35 36
12 35 37
12 35 38
12 35 39
12 36 0
12 36 39
12 37 0
12 37 39
12 38 0
12 38 39
12 39 0
12 39 39
12 40 0
12 40 39
12 41 0
12 41 39
12 42 0
12 42 39
12 43 0
12 43 39
12 44 0
12 44 39
12 45 0
12 45 39
12 46 0
12 46 39
12 47 0
12 47 1
12 47 2
12 47 3
12 47 4
12 47 5
12 47 6
12 47 7
12 47 8
12 47 9
12 47 10
12 47 11
12 47 12
12 47 13
12 47 14
12 47 15
12 47 16
12 47 17
12 47 18
12 47 19
12 47 20
12 47 21
12 47 22
12 47 23
12 47 24
12 47 25
12 47 26
12 47 27
12 47 28
12 47 29
12 47 30
12 47 31
12 47 32
12 47 33
12 47 34
12 47 35
12 47 36
12 47 37
12 47 38
12 47 39
12 48 0
12 48 39
12 49 0
12 49 39
12 50 0
12 50 1
12 50 2
12 50 3
12 50 4
12 50 5
12 50 6
12 50 7
12 50 8
12 50 9
12 50 10
12 50 11
12 50 12
12 50 13
12 50 14
12 50 15
12 50 16
12 50 17
12 50 18
12 50 19
12 50 20
12 50 21
12 50 22
12 50 23
12 50 24
12 50 25
12 50 26
12 50 27
12 50 28
12 50 29
12 50 30
12 50 31
12 50 32
12 50 33
12 50 34
12 50 35
12 50 36
12 50 37
12 50 38
12 50 39
12 51 0
12 51 39
12 52 0
12 52 39
12 53 0
12 53 39
12 54 0
12 54 39
12 55 0
12 55 39
12 56 0
12 56 1
12 56 2
12 56 3
12 56 4
12 56 5
12 56 6
12 56 7
12 56 8
12 56 9
12 56 10
12 56 11
12 56 12
12 56 13
12 56 14
12 56 15
12 56 16
12 56 17
12 56 18
12 56 19
12 56 20
12 56 21
12 56 22
12 56 23
12 56 24
12 56 25
12 56 26
12 56 27
12 56 28
12 56 29
12 56 30
12 56 31
12 56 32
12 56 33
12 56 34
12 56 35
12 56 36
12 56 37
12 56 38
12 56 39
12 57 0
12 57 1
12 57 2
12 57 3
12 57 4
12 57 5
12 57 6
12 57 7
12 57 8
12 57 9
12 57 10
12 57 11
12 57 12
12 57 13
12 57 14
12 57 15
12 57 16
12 57 17
12 57 18
12 57 19
12 57 20
12 57 21
12 57 22
12 57 23
12 57 24
12 57 25
12 57 26
12 57 27
12 57 28
12 57 29
12 57 30
12 57 31
12 57 32
12 57 33
12 57 34
12 57 35
12 57 36
12 57 37
12 57 38
12 57 39
12 58 0
12 58 1
12 58 2
12 58 3
12 58 4
12 58 5
12 58 6
12 58 7
12 58 8
12 58 9
12 58 10
12 58 11
12 58 12
12 58 13
12 58 14
12 58 15
12 58 16
12 58 17
12 58 18
12 58 19
12 58 20
12 58 21
12 58 22
12 58 23
12 58 24
12 58 25
12 58 26
12 58 27
12 58 28
12 58 29
12 58 30
12 58 31
12 58 32
12 58 33
12 58 34
12 58 35
12 58 36
12 58 37
12 58 38
12 58 39
12 59 0
12 59 39
12 60 0
12 60 39
12 61 0
12 61 39
12 62 0
12 62 39
12 63 0
12 63 39
12 64 0
12 64 39
12 65 0
12 65 39
12 66 0
12 66 1
12 66 2
12 66 3
12 66 4
12 66 5
12 66 6
12 66 7
12 66 8
12 66 9
12 66 10
12 66 11
12 66 12
12 66 13
12 66 14
12 66 15
12 66 16
12 66 17
12 66 18
12 66 19
12 66 20
12 66 21
12 66 22
12 66 23
12 66 24
12 66 25
12 66 26
12 66 27
12 66 28
12 66 29
12 66 30
12 66 31
12 66 32
12 66 33
12 66 34
12 66 35
12 66 36
12 66 37
12 66 38
12 66 39
12 67 0
12 67 1
12 67 2
12 67 3
12 67 4
12 67 5
12 67 6
12 67 7
12 67 8
12 67 9
12 67 10
12 67 11
12 67 12
12 67 13
12 67 14
12 67 15
12 67 16
12 67 17
12 67 18
12 67 19
12 67 20
12 67 21
12 67 22
12 67 23
12 67 24
12 67 25
12 67 26
12 67 27
12 67 28
12 67 29
12 67 30
12 67 31
12 67 32
12 67 33
12 67 34
12 67 35
12 67 36
12 67 37
12 67 38
12 67 39
12 68 0
12 68 1
12 68 2
12 68 3
12 68 4
12 68 5
12 68 6
12 68 7
12 68 8
12 68 9
12 68 10
12 68 11
12 68 12
12 68 13
12 68 14
12 68 15
12 68 16
12 68 17
12 68 18
12 68 19
12 68 20
12 68 21
12 68 22
12 68 23
12 68 24
12 68 25
12 68 26
12 68 27
12 68 28
12 68 29
12 68 30
12 68 31
12 68 32
12 68 33
12 68 34
12 68 35
12 68 36
12 68 37
12 68 38
12 68 39
12 69 0
12 69 39
12 70 0
12 70 39
12 71 0
12 71 39
12 72 0
12 72 39
12 73 0
12 73 39
12 74 0
12 74 39
12 75 0
12 75 39
12 76 0
12 76 39
12 77 0
12 77 39
12 78 0
12 78 39
12 79 0
12 79 39
12 80 0
12 80 39
12 81 0
12 81 39
12 82 0
12 82 39
12 83 0
12 83 39
12 84 0
12 84 39
12 85 0
12 85 39
12 86 0
12 86 39
12 87 0
12 87 39
12 88 0
12 88 39
12 89 0
12 89 39
12 90 0
12 90 39
12 91 0
12 91 39
12 92 0
12 92 1
12 92 2
12 92 3
12 92 4
12 92 5
12 92 6
12 92 7
12 92 8
12 92 9
12 92 10
12 92 11
12 92 12
12 92 13
12 92 14
12 92 15
12 92 16
12 92 17
12 92 18
12 92 19
12 92 20
12 92 21
12 92 22
12 92 23
12 92 24
12 92 25
12 92 26
12 92 27
12 92 28
12 92 29
12 92 30
12 92 31
12 92 32
12 92 33
12 92 34
12 92 35
12 92 36
12 92 37
12 92 38
12 92 39
12 93 0
12 93 1
12 93 2
12 93 3
12 93 4
12 93 5
12 93 6
12 93 7
12 93 8
12 93 9
12 93 10
12 93 11
12 93 12
12 93 13
12 93 14
12 93 15
12 93 16
12 93 17
12 93 18
12 93 19
12 93 20
12 93 21
12 93 22
12 93 23
12 93 24
12 93 25
12 93 26
12 93 27
12 93 28
12 93 29
12 93 30
12 93 31
12 93 32
12 93 33
12 93 34
12 93 35
12 93 36
12 93 37
12 93 38
12 93 39
12 94 0
12 94 1
12 94 2
12 94 3
12 94 4
12 94 5
12 94 6
12 94 7
12 94 8
12 94 9
12 94 10
12 94 11
12 94 12
12 94 13
12 94 14
12 94 15
12 94 16
12 94 17
12 94 18
12 94 19
12 94 20
12 94 21
12 94 22
12 94 23
12 94 24
12 94 25
12 94 26
12 94 27
12 94 28
12 94 29
12 94 30
12 94 31
12 94 32
12 94 33
12 94 34
12 94 35
12 94 36
12 94 37
12 94 38
12 94 39
12 95 0
12 95 39
12 96 0
12 96 39
12 97 0
12 97 39
12 98 0
12 98 39
12 99 0
12 99 1
12 99 2
12 99 3
12 99 4
12 99 5
12 99 6
12 99 7
12 99 8
12 99 9
12 99 10
12 99 11
12 99 12
12 99 13
12 99 14
12 99 15
12 99 16
12 99 17
12 99 18
12 99 19
12 99 20
12 99 21
12 99 22
12 99 23
12 99 24
12 99 25
12 99 26
12 99 27
12 99 28
12 99 29
12 99 30
12 99 31
12 99 32
12 99 33
12 99 34
12 99 35
12 99 36
12 99 37
12 99 38
12 99 39
13 0 0
13 0 1
13 0 2
13 0 3
13 0 4
13 0 5
13 0 6
13 0 7
13 0 8
13 0 9
13 0 10
13 0 11
13 0 12
13 0 13
13 0 14
13 0 15
13 0 16
13 0 17
13 0 18
13 0 19
13 0 20
13 0 21
13 0 22
13 0 23
13 0 24
13 0 25
13 0 26
13 0 27
13 0 28
13 0 29
13 0 30
13 0 31
13 0 32
13 0 33
13 0 34
13 0 35
13 0 36
13 0 37
13 0 38
13 0 39
13 1 0
13 1 39
13 2 0
13 2 39
13 3 0
13 3 39
13 4 0
13 4 39
13 5 0
13 5 39
13 6 0
13 6 1
13 6 2
13 6 3
13 6 4
13 6 5
13 6 6
13 6 7
13 6 8
13 6 9
13 6 10
13 6 11
13 6 12
13 6 13
13 6 14
13 6 15
13 6 16
13 6 17
13 6 18
13 6 19
13 6 20
13 6 21
13 6 22
13 6 23
13 6 24
13 6 25
13 6 26
13 6 27
13 6 28
13 6 29
13 6 30
13 6 31
13 6 32
13 6 33
13 6 34
13 6 35
13 6 36
13 6 37
13 6 38
13 6 39
13 7 0
13 7 1
13 7 2
13 7 3
13 7 4
13 7 5
13 7 6
13 7 7
13 7 8
13 7 9
13 7 10
13 7 11
13 7 12
13 7 13
13 7 14
13 7 15
13 7 16
13 7 17
13 7 18
13 7 19
13 7 20
13 7 21
13 7 22
13 7 23
13 7 24
13 7 25
13 7 26
13 7 27
13 7 28
13 7 29
13 7 30
13 7 31
13 7 32
13 7 33
13 7 34
13 7 35
13 7 36
13 7 37
13 7 38
13 7 39
13 8 0
13 8 1
13 8 2
13 8 3
13 8 4
13 8 5
13 8 6
13 8 7
13 8 8
13 8 9
13 8 10
13 8 11
13 8 12
13 8 13
13 8 14
13 8 15
13 8 16
13 8 17
13 8 18
13 8 19
13 8 20
13 8 21
13 8 22
13 8 23
13 8 24
13 8 25
13 8 26
13 8 27
13 8 28
13 8 29
13 8 30
13 8 31
13 8 32
13 8 33
13 8 34
13 8 35
13 8 36
13 8 37
13 8 38
13 8 39
13 9 0
13 9 1
13 9 2
13 9 3
13 9 4
13 9 5
13 9 6
13 9 7
13 9 8
13 9 9
13 9 10
13 9 11
13 9 12
13 9 13
13 9 14
13 9 15
13 9 16
13 9 17
13 9 18
13 9 19
13 9 20
13 9 21
13 9 22
13 9 23
13 9 24
13 9 25
13 9 26
13 9 27
13 9 28
13 9 29
13 9 30
13 9 31
13 9 32
13 9 33
13 9 34
13 9 35
13 9 36
13 9 37
13 9 38
13 9 39
13 10 0
13 10 39
13 11 0
13 11 39
13 12 0
13 12 39
13 13 0
13 13 39
13 14 0
13 14 39
13 15 0
13 15 39
13 16 0
13 16 39
13 17 0
13 17 39
13 18 0
13 18 39
13 19 0
13 19 39
13 20 0
13 20 39
13 21 0
13 21 39
13 22 0
13 22 39
13 23 0
13 23 39
13 24 0
13 24 39
13 25 0
13 25 39
13 26 0
13 26 39
13 27 0
13 27 39
13 28 0
13 28 39
13 29 0
13 29 39
13 30 0
13 30 39
13 31 0
13 31 39
13 32 0
13 32 39
13 33 0
13 33 39
13 34 0
13 34 39
13 35 0
13 35 39
13 36 0
13 36 39
13 37 0
13 37 39
13 38 0
13 38 39
13 39 0
13 39 39
13 40 0
13 40 39
13 41 0
13 41 39
13 42 0
13 42 39
13 43 0
13 43 39
13 44 0
13 44 39
13 45 0
13 45 39
13 46 0
13 46 1
13 46 2
13 46 3
13 46 4
13 46 5
13 46 6
13 46 7
13 46 8
13 46 9
13 46 10
13 46 11
13 46 12
13 46 13
13 46 14
13 46 15
13 46 16
13 46 17
13 46 18
13 46 19
13 46 20
13 46 21
13 46 22
13 46 23
13 46 24
13 46 25
13 46 26
13 46 27
13 46 28
13 46 29
13 46 30
13 46 31
13 46 32
13 46 33
13 46 34
13 46 35
13 46 36
13 46 37
13 46 38
13 46 39
13 47 0
13 47 1
13 47 2
13 47 3
13 47 4
13 47 5
13 47 6
13 47 7
13 47 8
13 47 9
13 47 10
13 47 11
13 47 12
13 47 13
13 47 14
13 47 15
13 47 16
13 47 17
13 47 18
13 47 19
13 47 20
13 47 21
13 47 22
13 47 23
13 47 24
13 47 25
13 47 26
13 47 27
13 47 28
13 47 29
13 47 30
13 47 31
13 47 32
13 47 33
13 47 34
13 47 35
13 47 36
13 47 37
13 47 38
13 47 39
13 48 0
13 48 1
13 48 2
13 48 3
13 48 4
13 48 5
13 48 6
13 48 7
13 48 8
13 48 9
13 48 10
13 48 11
13 48 12
13 48 13
13 48 14
13 48 15
13 48 16
13 48 17
13 48 18
13 48 19
13 48 20
13 48 21
13 48 22
13 48 23
13 48 24
13 48 25
13 48 26
13 48 27
13 48 28
13 48 29
13 48 30
13 48 31
13 48 32
13 48 33
13 48 34
13 48 35
13 48 36
13 48 37
13 48 38
13 48 39
13 49 0
13 49 39
13 50 0
13 50 39
13 51 0
13 51 39
13 52 0
13 52 39
13 53 0
13 53 39
13 54 0
13 54 39
13 55 0
13 55 39
13 56 0
13 56 39
13 57 0
13 57 1
13 57 2
13 57 3
13 57 4
13 57 5
13 57 6
13 57 7
13 57 8
13 57 9
13 57 10
13 57 11
13 57 12
13 57 13
13 57 14
13 57 15
13 57 16
13 57 17
13 57 18
13 57 19
13 57 20
13 57 21
13 57 22
13 57 23
13 57 24
13 57 25
13 57 26
13 57 27
13 57 28
13 57 29
13 57 30
13 57 31
13 57 32
13 57 33
13 57 34
13 57 35
13 57 36
13 57 37
13 57 38
13 57 39
13 58 0
13 58 39
13 59 0
13 59 39
13 60 0
13 60 39
13 61 0
13 61 39
13 62 0
13 62 39
13 63 0
13 63 39
13 64 0
13 64 39
13 65 0
13 65 39
13 66 0
13 66 39
13 67 0
13 67 1
13 67 2
13 67 3
13 67 4
13 67 5
13 67 6
13 67 7
13 67 8
13 67 9
13 67 10
13 67 11
13 67 12
13 67 13
13 67 14
13 67 15
13 67 16
13 67 17
13 67 18
13 67 19
13 67 20
13 67 21
13 67 22
13 67 23
13 67 24
13 67 25
13 67 26
13 67 27
13 67 28
13 67 29
13 67 30
13 67 31
13 67 32
13 67 33
13 67 34
13 67 35
13 67 36
13 67 37
13 67 38
13 67 39
13 68 0
13 68 39
13 69 0
13 69 39
13 70 0
13 70 39
13 71 0
13 71 39
13 72 0
13 72 39
13 73 0
13 73 39
13 74 0
13 74 39
13 75 0
13 75 39
13 76 0
13 76 39
13 77 0
13 77 39
13 78 0
13 78 39
13 79 0
13 79 39
13 80 0
13 80 39
13 81 0
13 81 39
13 82 0
13 82 39
13 83 0
13 83 39
13 84 0
13 84 39
13 85 0
13 85 39
13 86 0
13 86 1
13 86 2
13 86 3
13 86 4
13 86 5
13 86 6
13 86 7
13 86 8
13 86 9
13 86 10
13 86 11
13 86 12
13 86 13
13 86 14
13 86 15
13 86 16
13 86 17
13 86 18
13 86 19
13 86 20
13 86 21
13 86 22
13 86 23
13 86 24
13 86 25
13 86 26
13 86 27
13 86 28
13 86 29
13 86 30
13 86 31
13 86 32
13 86 33
13 86 34
13 86 35
13 86 36
13 86 37
13 86 38
13 86 39
13 87 0
13 87 39
13 88 0
13 88 39
13 89 0
13 89 39
13 90 0
13 90 39
13 91 0
13 91 39
13 92 0
13 92 39
13 93 0
13 93 1
13 93 2
13 93 3
13 93 4
13 93 5
13 93 6
13 93 7
13 93 8
13 93 9
13 93 10
13 93 11
13 93 12
13 93 13
13 93 14
13 93 15
13 93 16
13 93 17
13 93 18
13 93 19
13 93 20
13 93 21
13 93 22
13 93 23
13 93 24
13 93 25
13 93 26
13 93 27
13 93 28
13 93 29
13 93 30
13 93 31
13 93 32
13 93 33
13 93 34
13 93 35
13 93 36
13 93 37
13 93 38
13 93 39
13 94 0
13 94 39
13 95 0
13 95 39
13 96 0
13 96 39
13 97 0
13 97 39
13 98 0
13 98 39
13 99 0
13 99 1
13 99 2
13 99 3
13 99 4
13 99 5
13 99 6
13 99 7
13 99 8
13 99 9
13 99 10
13 99 11
13 99 12
13 99 13
13 99 14
13 99 15
13 99 16
13 99 17
13 99 18
13 99 19
13 99 20
13 99 21
13 99 22
13 99 23
13 99 24
13 99 25
13 99 26
13 99 27
13 99 28
13 99 29
13 99 30
13 99 31
13 99 32
13 99 33
13 99 34
13 99 35
13 99 36
13 99 37
13 99 38
13 99 39
14 0 0
14 0 1
14 0 2
14 0 3
14 0 4
14 0 5
14 0 6
14 0 7
14 0 8
14 0 9
14 0 10
14 0 11
14 0 12
14 0 13
14 0 14
14 0 15
14 0 16
14 0 17
14 0 18
14 0 19
14 0 20
14 0 21
14 0 22
14 0 23
14 0 24
14 0 25
14 0 26
14 0 27
14 0 28
14 0 29
14 0 30
14 0 31
14 0 32
14 0 33
14 0 34
14 0 35
14 0 36
14 0 37
14 0 38
14 0 39
14 1 0
14 1 39
14 2 0
14 2 39
14 3 0
14 3 1
14 3 2
14 3 3
14 3 4
14 3 5
14 3 6
14 3 7
14 3 8
14 3 9
14 3 10
14 3 11
14 3 12
14 3 13
14 3 14
14 3 15
14 3 16
14 3 17
14 3 18
14 3 19
14 3 20
14 3 21
14 3 22
14 3 23
14 3 24
14 3 25
14 3 26
14 3 27
14 3 28
14 3 29
14 3 30
14 3 31
14 3 32
14 3 33
14 3 34
14 3 35
14 3 36
14 3 37
14 3 38
14 3 39
14 4 0
14 4 39
14 5 0
14 5 39
14 6 0
14 6 39
14 7 0
14 7 1
14 7 2
14 7 3
14 7 4
14 7 5
14 7 6
14 7 7
14 7 8
14 7 9
14 7 10
14 7 11
14 7 12
14 7 13
14 7 14
14 7 15
14 7 16
14 7 17
14 7 18
14 7 19
14 7 20
14 7 21
14 7 22
14 7 23
14 7 24
14 7 25
14 7 26
14 7 27
14 7 28
14 7 29
14 7 30
14 7 31
14 7 32
14 7 33
14 7 34
14 7 35
14 7 36
14 7 37
14 7 38
14 7 39
14 8 0
14 8 1
14 8 2
14 8 3
14 8 4
14 8 5
14 8 6
14 8 7
14 8 8
14 8 9
14 8 10
14 8 11
14 8 12
14 8 13
14 8 14
14 8 15
14 8 16
14 8 17
14 8 18
14 8 19
14 8 20
14 8 21
14 8 22
14 8 23
14 8 24
14 8 25
14 8 26
14 8 27
14 8 28
14 8 29
14 8 30
14 8 31
14 8 32
14 8 33
14 8 34
14 8 35
14 8 36
14 8 37
14 8 38
14 8 39
14 9 0
14 9 1
14 9 2
14 9 3
14 9 4
14 9 5
14 9 6
14 9 7
14 9 8
14 9 9
14 9 10
14 9 11
14 9 12
14 9 13
14 9 14
14 9 15
14 9 16
14 9 17
14 9 18
14 9 19
14 9 20
14 9 21
14 9 22
14 9 23
14 9 24
14 9 25
14 9 26
14 9 27
14 9 28
14 9 29
14 9 30
14 9 31
14 9 32
14 9 33
14 9 34
14 9 35
14 9 36
14 9 37
14 9 38
14 9 39
14 10 0
14 10 1
14 10 2
14 10 3
14 10 4
14 10 5
14 10 6
14 10 7
14 10 8
14 10 9
14 10 10
14 10 11
14 10 12
14 10 13
14 10 14
14 10 15
14 10 16
14 10 17
14 10 18
14 10 19
14 10 20
14 10 21
14 10 22
14 10 23
14 10 24
14 10 25
14 10 26
14 10 27
14 10 28
14 10 29
14 10 30
14 10 31
14 10 32
14 10 33
14 10 34
14 10 35
14 10 36
14 10 37
14 10 38
14 10 39
14 11 0
14 11 39
14 12 0
14 12 39
14 13 0
14 13 39
14 14 0
14 14 39
14 15 0
14 15 1
14 15 2
14 15 3
14 15 4
14 15 5
14 15 6
14 15 7
14 15 8
14 15 9
14 15 10
14 15 11
14 15 12
14 15 13
14 15 14
14 15 15
14 15 16
14 15 17
14 15 18
14 15 19
14 15 20
14 15 21
14 15 22
14 15 23
14 15 24
14 15 25
14 15 26
14 15 27
14 15 28
14 15 29
14 15 30
14 15 31
14 15 32
14 15 33
14 15 34
14 15 35
14 15 36
14 15 37
14 15 38
14 15 39
14 16 0
14 16 39
14 17 0
14 17 39
14 18 0
14 18 39
14 19 0
14 19 39
14 20 0
14 20 39
14 21 0
14 21 39
14 22 0
14 22 39
14 23 0
14 23 39
14 24 0
14 24 39
14 25 0
14 25 39
14 26 0
14 26 39
14 27 0
14 27 39
14 28 0
14 28 39
14 29 0
14 29 39
14 30 0
14 30 39
14 31 0
14 31 39
14 32 0
14 32 39
14 33 0
14 33 39
14 34 0
14 34 39
14 35 0
14 35 39
14 36 0
14 36 1
14 36 2
14 36 3
14 36 4
14 36 5
14 36 6
14 36 7
14 36 8
14 36 9
14 36 10
14 36 11
14 36 12
14 36 13
14 36 14
14 36 15
14 36 16
14 36 17
14 36 18
14 36 19
14 36 20
14 36 21
14 36 22
14 36 23
14 36 24
14 36 25
14 36 26
14 36 27
14 36 28
14 36 29
14 36 30
14 36 31
14 36 32
14 36 33
14 36 34
14 36 35
14 36 36
14 36 37
14 36 38
14 36 39
14 37 0
14 37 39
14 38 0
14 38 39
14 39 0
14 39 39
14 40 0
14 40 39
14 41 0
14 41 39
14 42 0
14 42 39
14 43 0
14 43 39
14 44 0
14 44 39
14 45 0
14 45 39
14 46 0
14 46 39
14 47 0
14 47 1
14 47 2
14 47 3
14 47 4
14 47 5
14 47 6
14 47 7
14 47 8
14 47 9
14 47 10
14 47 11
14 47 12
14 47 13
14 47 14
14 47 15
14 47 16
14 47 17
14 47 18
14 47 19
14 47 20
14 47 21
14 47 22
14 47 23
14 47 24
14 47 25
14 47 26
14 47 27
14 47 28
14 47 29
14 47 30
14 47 31
14 47 32
14 47 33
14 47 34
14 47 35
14 47 36
14 47 37
14 47 38
14 47 39
14 48 0
14 48 39
14 49 0
14 49 39
14 50 0
14 50 39
14 51 0
14 51 39
14 52 0
14 52 39
14 53 0
14 53 39
14 54 0
14 54 39
14 55 0
14 55 39
14 56 0
14 56 39
14 57 0
14 57 39
14 58 0
14 58 39
14 59 0
14 59 39
14 60 0
14 60 39
14 61 0
14 61 39
14 62 0
14 62 39
14 63 0
14 63 39
14 64 0
14 64 39
14 65 0
14 65 39
14 66 0
14 66 39
14 67 0
14 67 39
14 68 0
14 68 39
14 69 0
14 69 39
14 70 0
14 70 39
14 71 0
14 71 39
14 72 0
14 72 39
14 73 0
14 73 39
14 74 0
14 74 39
14 75 0
14 75 39
14 76 0
14 76 39
14 77 0
14 77 39
14 78 0
14 78 39
14 79 0
14 79 39
14 80 0
14 80 39
14 81 0
14 81 39
14 82 0
14 82 39
14 83 0
14 83 39
14 84 0
14 84 39
14 85 0
14 85 1
14 85 2
14 85 3
14 85 4
14 85 5
14 85 6
14 85 7
14 85 8
14 85 9
14 85 10
14 85 11
14 85 12
14 85 13
14 85 14
14 85 15
14 85 16
14 85 17
14 85 18
14 85 19
14 85 20
14 85 21
14 85 22
14 85 23
14 85 24
14 85 25
14 85 26
14 85 27
14 85 28
14 85 29
14 85 30
14 85 31
14 85 32
14 85 33
14 85 34
14 85 35
14 85 36
14 85 37
14 85 38
14 85 39
14 86 0
14 86 1
14 86 2
14 86 3
14 86 4
14 86 5
14 86 6
14 86 7
14 86 8
14 86 9
14 86 10
14 86 11
14 86 12
14 86 13
14 86 14
14 86 15
14 86 16
14 86 17
14 86 18
14 86 19
14 86 20
14 86 21
14 86 22
14 86 23
14 86 24
14 86 25
14 86 26
14 86 27
14 86 28
14 86 29
14 86 30
14 86 31
14 86 32
14 86 33
14 86 34
14 86 35
14 86 36
14 86 37
14 86 38
14 86 39
14 87 0
14 87 1
14 87 2
14 87 3
14 87 4
14 87 5
14 87 6
14 87 7
14 87 8
14 87 9
14 87 10
14 87 11
14 87 12
14 87 13
14 87 14
14 87 15
14 87 16
14 87 17
14 87 18
14 87 19
14 87 20
14 87 21
14 87 22
14 87 23
14 87 24
14 87 25
14 87 26
14 87 27
14 87 28
14 87 29
14 87 30
14 87 31
14 87 32
14 87 33
14 87 34
14 87 35
14 87 36
14 87 37
14 87 38
14 87 39
14 88 0
14 88 39
14 89 0
14 89 39
14 90 0
14 90 39
14 91 0
14 91 39
14 92 0
14 92 39
14 93 0
14 93 39
14 94 0
14 94 39
14 95 0
14 95 39
14 96 0
14 96 39
14 97 0
14 97 39
14 98 0
14 98 39
14 99 0
14 99 1
14 99 2
14 99 3
14 99 4
14 99 5
14 99 6
14 99 7
14 99 8
14 99 9
14 99 10
14 99 11
14 99 12
14 99 13
14 99 14
14 99 15
14 99 16
14 99 17
14 99 18
14 99 19
14 99 20
14 99 21
14 99 22
14 99 23
14 99 24
14 99 25
14 99 26
14 99 27
14 99 28
14 99 29
14 99 30
14 99 31
14 99 32
14 99 33
14 99 34
14 99 35
14 99 36
14 99 37
14 99 38
14 99 39
15 0 0
15 0 1
15 0 2
15 0 3
15 0 4
15 0 5
15 0 6
15 0 7
15 0 8
15 0 9
15 0 10
15 0 11
15 0 12
15 0 13
15 0 14
15 0 15
15 0 16
15 0 17
15 0 18
15 0 19
15 0 20
15 0 21
15 0 22
15 0 23
15 0 24
15 0 25
15 0 26
15 0 27
15 0 28
15 0 29
15 0 30
15 0 31
15 0 32
15 0 33
15 0 34
15 0 35
15 0 36
15 0 37
15 0 38
15 0 39
15 1 0
15 1 39
15 2 0
15 2 1
15 2 2
15 2 3
15 2 4
15 2 5
15 2 6
15 2 7
15 2 8
15 2 9
15 2 10
15 2 11
15 2 12
15 2 13
15 2 14
15 2 15
15 2 16
15 2 17
15 2 18
15 2 19
15 2 20
15 2 21
15 2 22
15 2 23
15 2 24
15 2 25
15 2 26
15 2 27
15 2 28
15 2 29
15 2 30
15 2 31
15 2 32
15 2 33
15 2 34
15 2 35
15 2 36
15 2 37
15 2 38
15 2 39
15 3 0
15 3 1
15 3 2
15 3 3
15 3 4
15 3 5
15 3 6
15 3 7
15 3 8
15 3 9
15 3 10
15 3 11
15 3 12
15 3 13
15 3 14
15 3 15
15 3 16
15 3 17
15 3 18
15 3 19
15 3 20
15 3 21
15 3 22
15 3 23
15 3 24
15 3 25
15 3 26
15 3 27
15 3 28
15 3 29
15 3 30
15 3 31
15 3 32
15 3 33
15 3 34
15 3 35
15 3 36
15 3 37
15 3 38
15 3 39
15 4 0
15 4 1
15 4 2
15 4 3
15 4 4
15 4 5
15 4 6
15 4 7
15 4 8
15 4 9
15 4 10
15 4 11
15 4 12
15 4 13
15 4 14
15 4 15
15 4 16
15 4 17
15 4 18
15 4 19
15 4 20
15 4 21
15 4 22
15 4 23
15 4 24
15 4 25
15 4 26
15 4 27
15 4 28
15 4 29
15 4 30
15 4 31
15 4 32
15 4 33
15 4 34
15 4 35
15 4 36
15 4 37
15 4 38
15 4 39
15 5 0
15 5 39
15 6 0
15 6 39
15 7 0
15 7 39
15 8 0
15 8 39
15 9 0
15 9 1
15 9 2
15 9 3
15 9 4
15 9 5
15 9 6
15 9 7
15 9 8
15 9 9
15 9 10
15 9 11
15 9 12
15 9 13
15 9 14
15 9 15
15 9 16
15 9 17
15 9 18
15 9 19
15 9 20
15 9 21
15 9 22
15 9 23
15 9 24
15 9 25
15 9 26
15 9 27
15 9 28
15 9 29
15 9 30
15 9 31
15 9 32
15 9 33
15 9 34
15 9 35
15 9 36
15 9 37
15 9 38
15 9 39
15 10 0
15 10 39
15 11 0
15 11 39
15 12 0
15 12 39
15 13 0
15 13 39
15 14 0
15 14 1
15 14 2
15 14 3
15 14 4
15 14 5
15 14 6
15 14 7
15 14 8
15 14 9
15 14 10
15 14 11
15 14 12
15 14 13
15 14 14
15 14 15
15 14 16
15 14 17
15 14 18
15 14 19
15 14 20
15 14 21
15 14 22
15 14 23
15 14 24
15 14 25
15 14 26
15 14 27
15 14 28
15 14 29
15 14 30
15 14 31
15 14 32
15 14 33
15 14 34
15 14 35
15 14 36
15 14 37
15 14 38
15 14 39
15 15 0
15 15 1
15 15 2
15 15 3
15 15 4
15 15 5
15 15 6
15 15 7
15 15 8
15 15 9
15 15 10
15 15 11
15 15 12
15 15 13
15 15 14
15 15 15
15 15 16
15 15 17
15 15 18
15 15 19
15 15 20
15 15 21
15 15 22
15 15 23
15 15 24
15 15 25
15 15 26
15 15 27
15 15 28
15 15 29
15 15 30
15 15 31
15 15 32
15 15 33
15 15 34
15 15 35
15 15 36
15 15 37
15 15 38
15 15 39
15 16 0
15 16 1
15 16 2
15 16 3
15 16 4
15 16 5
15 16 6
15 16 7
15 16 8
15 16 9
15 16 10
15 16 11
15 16 12
15 16 13
15 16 14
15 16 15
15 16 16
15 16 17
15 16 18
15 16 19
15 16 20
15 16 21
15 16 22
15 16 23
15 16 24
15 16 25
15 16 26
15 16 27
15 16 28
15 16 29
15 16 30
15 16 31
15 16 32
15 16 33
15 16 34
15 16 35
15 16 36
15 16 37
15 16 38
15 16 39
15 17 0
15 17 39
15 18 0
15 18 39
15 19 0
15 19 39
15 20 0
15 20 39
15 21 0
15 21 39
15 22 0
15 22 39
15 23 0
15 23 39
15 24 0
15 24 39
15 25 0
15 25 39
15 26 0
15 26 39
15 27 0
15 27 39
15 28 0
15 28 39
15 29 0
15 29 39
15 30 0
15 30 39
15 31 0
15 31 39
15 32 0
15 32 39
15 33 0
15 33 1
15 33 2
15 33 3
15 33 4
15 33 5
15 33 6
15 33 7
15 33 8
15 33 9
15 33 10
15 33 11
15 33 12
15 33 13
15 33 14
15 33 15
15 33 16
15 33 17
15 33 18
15 33 19
15 33 20
15 33 21
15 33 22
15 33 23
15 33 24
15 33 25
15 33 26
15 33 27
15 33 28
15 33 29
15 33 30
15 33 31
15 33 32
15 33 33
15 33 34
15 33 35
15 33 36
15 33 37
15 33 38
15 33 39
15 34 0
15 34 39
15 35 0
15 35 1
15 35 2
15 35 3
15 35 4
15 35 5
15 35 6
15 35 7
15 35 8
15 35 9
15 35 10
15 35 11
15 35 12
15 35 13
15 35 14
15 35 15
15 35 16
15 35 17
15 35 18
15 35 19
15 35 20
15 35 21
15 35 22
15 35 23
15 35 24
15 35 25
15 35 26
15 35 27
15 35 28
15 35 29
15 35 30
15 35 31
15 35 32
15 35 33
15 35 34
15 35 35
15 35 36
15 35 37
15 35 38
15 35 39
15 36 0
15 36 1
15 36 2
15 36 3
15 36 4
15 36 5
15 36 6
15 36 7
15 36 8
15 36 9
15 36 10
15 36 11
15 36 12
15 36 13
15 36 14
15 36 15
15 36 16
15 36 17
15 36 18
15 36 19
15 36 20
15 36 21
15 36 22
15 36 23
15 36 24
15 36 25
15 36 26
15 36 27
15 36 28
15 36 29
15 36 30
15 36 31
15 36 32
15 36 33
15 36 34
15 36 35
15 36 36
15 36 37
15 36 38
15 36 39
15 37 0
15 37 1
15 37 2
15 37 3
15 37 4
15 37 5
15 37 6
15 37 7
15 37 8
15 37 9
15 37 10
15 37 11
15 37 12
15 37 13
15 37 14
15 37 15
15 37 16
15 37 17
15 37 18
15 37 19
15 37 20
15 37 21
15 37 22
15 37 23
15 37 24
15 37 25
15 37 26
15 37 27
15 37 28
15 37 29
15 37 30
15 37 31
15 37 32
15 37 33
15 37 34
15 37 35
15 37 36
15 37 37
15 37 38
15 37 39
15 38 0
15 38 39
15 39 0
15 39 39
15 40 0
15 40 39
15 41 0
15 41 39
15 42 0
15 42 39
15 43 0
15 43 39
15 44 0
15 44 39
15 45 0
15 45 39
15 46 0
15 46 39
15 47 0
15 47 39
15 48 0
15 48 39
15 49 0
15 49 39
15 50 0
15 50 39
15 51 0
15 51 39
15 52 0
15 52 39
15 53 0
15 53 39
15 54 0
15 54 39
15 55 0
15 55 39
15 56 0
15 56 39
15 57 0
15 57 39
15 58 0
15 58 39
15 59 0
15 59 39
15 60 0
15 60 39
15 61 0
15 61 39
15 62 0
15 62 39
15 63 0
15 63 39
15 64 0
15 64 39
15 65 0
15 65 39
15 66 0
15 66 39
15 67 0
15 67 39
15 68 0
15 68 39
15 69 0
15 69 39
15 70 0
15 70 39
15 71 0
15 71 39
15 72 0
15 72 39
15 73 0
15 73 39
15 74 0
15 74 39
15 75 0
15 75 39
15 76 0
15 76 39
15 77 0
15 77 39
15 78 0
15 78 39
15 79 0
15 79 39
15 80 0
15 80 39
15 81 0
15 81 39
15 82 0
15 82 1
15 82 2
15 82 3
15 82 4
15 82 5
15 82 6
15 82 7
15 82 8
15 82 9
15 82 10
15 82 11
15 82 12
15 82 13
15 82 14
15 82 15
15 82 16
15 82 17
15 82 18
15 82 19
15 82 20
15 82 21
15 82 22
15 82 23
15 82 24
15 82 25
15 82 26
15 82 27
15 82 28
15 82 29
15 82 30
15 82 31
15 82 32
15 82 33
15 82 34
15 82 35
15 82 36
15 82 37
15 82 38
15 82 39
15 83 0
15 83 39
15 84 0
15 84 39
15 85 0
15 85 39
15 86 0
15 86 1
15 86 2
15 86 3
15 86 4
15 86 5
15 86 6
15 86 7
15 86 8
15 86 9
15 86 10
15 86 11
15 86 12
15 86 13
15 86 14
15 86 15
15 86 16
15 86 17
15 86 18
15 86 19
15 86 20
15 86 21
15 86 22
15 86 23
15 86 24
15 86 25
15 86 26
15 86 27
15 86 28
15 86 29
15 86 30
15 86 31
15 86 32
15 86 33
15 86 34
15 86 35
15 86 36
15 86 37
15 86 38
15 86 39
15 87 0
15 87 39
15 88 0
15 88 39
15 89 0
15 89 39
15 90 0
15 90 39
15 91 0
15 91 39
15 92 0
15 92 39
15 93 0
15 93 39
15 94 0
15 94 39
15 95 0
15 95 39
15 96 0
15 96 39
15 97 0
15 97 39
15 98 0
15 98 39
15 99 0
15 99 1
15 99 2
15 99 3
15 99 4
15 99 5
15 99 6
15 99 7
15 99 8
15 99 9
15 99 10
15 99 11
15 99 12
15 99 13
15 99 14
15 99 15
15 99 16
15 99 17
15 99 18
15 99 19
15 99 20
15 99 21
15 99 22
15 99 23
15 99 24
15 99 25
15 99 26
15 99 27
15 99 28
15 99 29
15 99 30
15 99 31
15 99 32
15 99 33
15 99 34
15 99 35
15 99 36
15 99 37
15 99 38
15 99 39
16 0 0
16 0 1
16 0 2
16 0 3
16 0 4
16 0 5
16 0 6
16 0 7
16 0 8
16 0 9
16 0 10
16 0 11
16 0 12
16 0 13
16 0 14
16 0 15
16 0 16
16 0 17
16 0 18
16 0 19
16 0 20
16 0 21
16 0 22
16 0 23
16 0 24
16 0 25
16 0 26
16 0 27
16 0 28
16 0 29
16 0 30
16 0 31
16 0 32
16 0 33
16 0 34
16 0 35
16 0 36
16 0 37
16 0 38
16 0 39
16 1 0
16 1 39
16 2 0
16 2 39
16 3 0
16 3 1
16 3 2
16 3 3
16 3 4
16 3 5
16 3 6
16 3 7
16 3 8
16 3 9
16 3 10
16 3 11
16 3 12
16 3 13
16 3 14
16 3 15
16 3 16
16 3 17
16 3 18
16 3 19
16 3 20
16 3 21
16 3 22
16 3 23
16 3 24
16 3 25
16 3 26
16 3 27
16 3 28
16 3 29
16 3 30
16 3 31
16 3 32
16 3 33
16 3 34
16 3 35
16 3 36
16 3 37
16 3 38
16 3 39
16 4 0
16 4 39
16 5 0
16 5 39
16 6 0
16 6 39
16 7 0
16 7 39
16 8 0
16 8 39
16 9 0
16 9 39
16 10 0
16 10 39
16 11 0
16 11 39
16 12 0
16 12 39
16 13 0
16 13 39
16 14 0
16 14 39
16 15 0
16 15 1
16 15 2
16 15 3
16 15 4
16 15 5
16 15 6
16 15 7
16 15 8
16 15 9
16 15 10
16 15 11
16 15 12
16 15 13
16 15 14
16 15 15
16 15 16
16 15 17
16 15 18
16 15 19
16 15 20
16 15 21
16 15 22
16 15 23
16 15 24
16 15 25
16 15 26
16 15 27
16 15 28
16 15 29
16 15 30
16 15 31
16 15 32
16 15 33
16 15 34
16 15 35
16 15 36
16 15 37
16 15 38
16 15 39
16 16 0
16 16 39
16 17 0
16 17 39
16 18 0
16 18 39
16 19 0
16 19 39
16 20 0
16 20 39
16 21 0
16 21 39
16 22 0
16 22 1
16 22 2
16 22 3
16 22 4
16 22 5
16 22 6
16 22 7
16 22 8
16 22 9
16 22 10
16 22 11
16 22 12
16 22 13
16 22 14
16 22 15
16 22 16
16 22 17
16 22 18
16 22 19
16 22 20
16 22 21
16 22 22
16 22 23
16 22 24
16 22 25
16 22 26
16 22 27
16 22 28
16 22 29
16 22 30
16 22 31
16 22 32
16 22 33
16 22 34
16 22 35
16 22 36
16 22 37
16 22 38
16 22 39
16 23 0
16 23 39
16 24 0
16 24 39
16 25 0
16 25 39
16 26 0
16 26 39
16 27 0
16 27 39
16 28 0
16 28 39
16 29 0
16 29 39
16 30 0
16 30 39
16 31 0
16 31 39
16 32 0
16 32 1
16 32 2
16 32 3
16 32 4
16 32 5
16 32 6
16 32 7
16 32 8
16 32 9
16 32 10
16 32 11
16 32 12
16 32 13
16 32 14
16 32 15
16 32 16
16 32 17
16 32 18
16 32 19
16 32 20
16 32 21
16 32 22
16 32 23
16 32 24
16 32 25
16 32 26
16 32 27
16 32 28
16 32 29
16 32 30
16 32 31
16 32 32
16 32 33
16 32 34
16 32 35
16 32 36
16 32 37
16 32 38
16 32 39
16 33 0
16 33 1
16 33 2
16 33 3
16 33 4
16 33 5
16 33 6
16 33 7
16 33 8
16 33 9
16 33 10
16 33 11
16 33 12
16 33 13
16 33 14
16 33 15
16 33 16
16 33 17
16 33 18
16 33 19
16 33 20
16 33 21
16 33 22
16 33 23
16 33 24
16 33 25
16 33 26
16 33 27
16 33 28
16 33 29
16 33 30
16 33 31
16 33 32
16 33 33
16 33 34
16 33 35
16 33 36
16 33 37
16 33 38
16 33 39
16 34 0
16 34 1
16 34 2
16 34 3
16 34 4
16 34 5
16 34 6
16 34 7
16 34 8
16 34 9
16 34 10
16 34 11
16 34 12
16 34 13
16 34 14
16 34 15
16 34 16
16 34 17
16 34 18
16 34 19
16 34 20
16 34 21
16 34 22
16 34 23
16 34 24
16 34 25
16 34 26
16 34 27
16 34 28
16 34 29
16 34 30
16 34 31
16 34 32
16 34 33
16 34 34
16 34 35
16 34 36
16 34 37
16 34 38
16 34 39
16 35 0
16 35 39
16 36 0
16 36 1
16 36 2
16 36 3
16 36 4
16 36 5
16 36 6
16 36 7
16 36 8
16 36 9
16 36 10
16 36 11
16 36 12
16 36 13
16 36 14
16 36 15
16 36 16
16 36 17
16 36 18
16 36 19
16 36 20
16 36 21
16 36 22
16 36 23
16 36 24
16 36 25
16 36 26
16 36 27
16 36 28
16 36 29
16 36 30
16 36 31
16 36 32
16 36 33
16 36 34
16 36 35
16 36 36
16 36 37
16 36 38
16 36 39
16 37 0
16 37 39
16 38 0
16 38 39
16 39 0
16 39 39
16 40 0
16 40 1
16 40 2
16 40 3
16 40 4
16 40 5
16 40 6
16 40 7
16 40 8
16 40 9
16 40 10
16 40 11
16 40 12
16 40 13
16 40 14
16 40 15
16 40 16
16 40 17
16 40 18
16 40 19
16 40 20
16 40 21
16 40 22
16 40 23
16 40 24
16 40 25
16 40 26
16 40 27
16 40 28
16 40 29
16 40 30
16 40 31
16 40 32
16 40 33
16 40 34
16 40 35
16 40 36
16 40 37
16 40 38
16 40 39
16 41 0
16 41 39
16 42 0
16 42 39
16 43 0
16 43 39
16 44 0
16 44 39
16 45 0
16 45 39
16 46 0
16 46 1
16 46 2
16 46 3
16 46 4
16 46 5
16 46 6
16 46 7
16 46 8
16 46 9
16 46 10
16 46 11
16 46 12
16 46 13
16 46 14
16 46 15
16 46 16
16 46 17
16 46 18
16 46 19
16 46 20
16 46 21
16 46 22
16 46 23
16 46 24
16 46 25
16 46 26
16 46 27
16 46 28
16 46 29
16 46 30
16 46 31
16 46 32
16 46 33
16 46 34
16 46 35
16 46 36
16 46 37
16 46 38
16 46 39
16 47 0
16 47 39
16 48 0
16 48 39
16 49 0
16 49 39
16 50 0
16 50 39
16 51 0
16 51 39
16 52 0
16 52 39
16 53 0
16 53 39
16 54 0
16 54 39
16 55 0
16 55 39
16 56 0
16 56 39
16 57 0
16 57 39
16 58 0
16 58 39
16 59 0
16 59 39
16 60 0
16 60 39
16 61 0
16 61 39
16 62 0
16 62 39
16 63 0
16 63 39
16 64 0
16 64 39
16 65 0
16 65 39
16 66 0
16 66 39
16 67 0
16 67 39
16 68 0
16 68 39
16 69 0
16 69 39
16 70 0
16 70 39
16 71 0
16 71 39
16 72 0
16 72 39
16 73 0
16 73 39
16 74 0
16 74 39
16 75 0
16 75 39
16 76 0
16 76 39
16 77 0
16 77 39
16 78 0
16 78 39
16 79 0
16 79 39
16 80 0
16 80 39
16 81 0
16 81 1
16 81 2
16 81 3
16 81 4
16 81 5
16 81 6
16 81 7
16 81 8
16 81 9
16 81 10
16 81 11
16 81 12
16 81 13
16 81 14
16 81 15
16 81 16
16 81 17
16 81 18
16 81 19
16 81 20
16 81 21
16 81 22
16 81 23
16 81 24
16 81 25
16 81 26
16 81 27
16 81 28
16 81 29
16 81 30
16 81 31
16 81 32
16 81 33
16 81 34
16 81 35
16 81 36
16 81 37
16 81 38
16 81 39
16 82 0
16 82 1
16 82 2
16 82 3
16 82 4
16 82 5
16 82 6
16 82 7
16 82 8
16 82 9
16 82 10
16 82 11
16 82 12
16 82 13
16 82 14
16 82 15
16 82 16
16 82 17
16 82 18
16 82 19
16 82 20
16 82 21
16 82 22
16 82 23
16 82 24
16 82 25
16 82 26
16 82 27
16 82 28
16 82 29
16 82 30
16 82 31
16 82 32
16 82 33
16 82 34
16 82 35
16 82 36
16 82 37
16 82 38
16 82 39
16 83 0
16 83 1
16 83 2
16 83 3
16 83 4
16 83 5
16 83 6
16 83 7
16 83 8
16 83 9
16 83 10
16 83 11
16 83 12
16 83 13
16 83 14
16 83 15
16 83 16
16 83 17
16 83 18
16 83 19
16 83 20
16 83 21
16 83 22
16 83 23
16 83 24
16 83 25
16 83 26
16 83 27
16 83 28
16 83 29
16 83 30
16 83 31
16 83 32
16 83 33
16 83 34
16 83 35
16 83 36
16 83 37
16 83 38
16 83 39
16 84 0
16 84 39
16 85 0
16 85 39
16 86 0
16 86 39
16 87 0
16 87 39
16 88 0
16 88 39
16 89 0
16 89 39
16 90 0
16 90 39
16 91 0
16 91 39
16 92 0
16 92 39
16 93 0
16 93 39
16 94 0
16 94 39
16 95 0
16 95 39
16 96 0
16 96 39
16 97 0
16 97 39
16 98 0
16 98 39
16 99 0
16 99 1
16 99 2
16 99 3
16 99 4
16 99 5
16 99 6
16 99 7
16 99 8
16 99 9
16 99 10
16 99 11
16 99 12
16 99 13
16 99 14
16 99 15
16 99 16
16 99 17
16 99 18
16 99 19
16 99 20
16 99 21
16 99 22
16 99 23
16 99 24
16 99 25
16 99 26
16 99 27
16 99 28
16 99 29
16 99 30
16 99 31
16 99 32
16 99 33
16 99 34
16 99 35
16 99 36
16 99 37
16 99 38
16 99 39
17 0 0
17 0 1
17 0 2
17 0 3
17 0 4
17 0 5
17 0 6
17 0 7
17 0 8
17 0 9
17 0 10
17 0 11
17 0 12
17 0 13
17 0 14
17 0 15
17 0 16
17 0 17
17 0 18
17 0 19
17 0 20
17 0 21
17 0 22
17 0 23
17 0 24
17 0 25
17 0 26
17 0 27
17 0 28
17 0 29
17 0 30
17 0 31
17 0 32
17 0 33
17 0 34
17 0 35
17 0 36
17 0 37
17 0 38
17 0 39
17 1 0
17 1 39
17 2 0
17 2 39
17 3 0
17 3 39
17 4 0
17 4 39
17 5 0
17 5 39
17 6 0
17 6 39
17 7 0
17 7 39
17 8 0
17 8 39
17 9 0
17 9 39
17 10 0
17 10 1
17 10 2
17 10 3
17 10 4
17 10 5
17 10 6
17 10 7
17 10 8
17 10 9
17 10 10
17 10 11
17 10 12
17 10 13
17 10 14
17 10 15
17 10 16
17 10 17
17 10 18
17 10 19
17 10 20
17 10 21
17 10 22
17 10 23
17 10 24
17 10 25
17 10 26
17 10 27
17 10 28
17 10 29
17 10 30
17 10 31
17 10 32
17 10 33
17 10 34
17 10 35
17 10 36
17 10 37
17 10 38
17 10 39
17 11 0
17 11 39
17 12 0
17 12 39
17 13 0
17 13 39
17 14 0
17 14 39
17 15 0
17 15 39
17 16 0
17 16 39
17 17 0
17 17 39
17 18 0
17 18 39
17 19 0
17 19 39
17 20 0
17 20 39
17 21 0
17 21 1
17 21 2
17 21 3
17 21 4
17 21 5
17 21 6
17 21 7
17 21 8
17 21 9
17 21 10
17 21 11
17 21 12
17 21 13
17 21 14
17 21 15
17 21 16
17 21 17
17 21 18
17 21 19
17 21 20
17 21 21
17 21 22
17 21 23
17 21 24
17 21 25
17 21 26
17 21 27
17 21 28
17 21 29
17 21 30
17 21 31
17 21 32
17 21 33
17 21 34
17 21 35
17 21 36
17 21 37
17 21 38
17 21 39
17 22 0
17 22 1
17 22 2
17 22 3
17 22 4
17 22 5
17 22 6
17 22 7
17 22 8
17 22 9
17 22 10
17 22 11
17 22 12
17 22 13
17 22 14
17 22 15
17 22 16
17 22 17
17 22 18
17 22 19
17 22 20
17 22 21
17 22 22
17 22 23
17 22 24
17 22 25
17 22 26
17 22 27
17 22 28
17 22 29
17 22 30
17 22 31
17 22 32
17 22 33
17 22 34
17 22 35
17 22 36
17 22 37
17 22 38
17 22 39
17 23 0
17 23 1
17 23 2
17 23 3
17 23 4
17 23 5
17 23 6
17 23 7
17 23 8
17 23 9
17 23 10
17 23 11
17 23 12
17 23 13
17 23 14
17 23 15
17 23 16
17 23 17
17 23 18
17 23 19
17 23 20
17 23 21
17 23 22
17 23 23
17 23 24
17 23 25
17 23 26
17 23 27
17 23 28
17 23 29
17 23 30
17 23 31
17 23 32
17 23 33
17 23 34
17 23 35
17 23 36
17 23 37
17 23 38
17 23 39
17 24 0
17 24 39
17 25 0
17 25 39
17 26 0
17 26 39
17 27 0
17 27 39
17 28 0
17 28 39
17 29 0
17 29 39
17 30 0
17 30 39
17 31 0
17 31 39
17 32 0
17 32 39
17 33 0
17 33 1
17 33 2
17 33 3
17 33 4
17 33 5
17 33 6
17 33 7
17 33 8
17 33 9
17 33 10
17 33 11
17 33 12
17 33 13
17 33 14
17 33 15
17 33 16
17 33 17
17 33 18
17 33 19
17 33 20
17 33 21
17 33 22
17 33 23
17 33 24
17 33 25
17 33 26
17 33 27
17 33 28
17 33 29
17 33 30
17 33 31
17 33 32
17 33 33
17 33 34
17 33 35
17 33 36
17 33 37
17 33 38
17 33 39
17 34 0
17 34 39
17 35 0
17 35 39
17 36 0
17 36 39
17 37 0
17 37 39
17 38 0
17 38 39
17 39 0
17 39 1
17 39 2
17 39 3
17 39 4
17 39 5
17 39 6
17 39 7
17 39 8
17 39 9
17 39 10
17 39 11
17 39 12
17 39 13
17 39 14
17 39 15
17 39 16
17 39 17
17 39 18
17 39 19
17 39 20
17 39 21
17 39 22
17 39 23
17 39 24
17 39 25
17 39 26
17 39 27
17 39 28
17 39 29
17 39 30
17 39 31
17 39 32
17 39 33
17 39 34
17 39 35
17 39 36
17 39 37
17 39 38
17 39 39
17 40 0
17 40 1
17 40 2
17 40 3
17 40 4
17 40 5
17 40 6
17 40 7
17 40 8
17 40 9
17 40 10
17 40 11
17 40 12
17 40 13
17 40 14
17 40 15
17 40 16
17 40 17
17 40 18
17 40 19
17 40 20
17 40 21
17 40 22
17 40 23
17 40 24
17 40 25
17 40 26
17 40 27
17 40 28
17 40 29
17 40 30
17 40 31
17 40 32
17 40 33
17 40 34
17 40 35
17 40 36
17 40 37
17 40 38
17 40 39
17 41 0
17 41 1
17 41 2
17 41 3
17 41 4
17 41 5
17 41 6
17 41 7
17 41 8
17 41 9
17 41 10
17 41 11
17 41 12
17 41 13
17 41 14
17 41 15
17 41 16
17 41 17
17 41 18
17 41 19
17 41 20
17 41 21
17 41 22
17 41 23
17 41 24
17 41 25
17 41 26
17 41 27
17 41 28
17 41 29
17 41 30
17 41 31
17 41 32
17 41 33
17 41 34
17 41 35
17 41 36
17 41 37
17 41 38
17 41 39
17 42 0
17 42 39
17 43 0
17 43 39
17 44 0
17 44 39
17 45 0
17 45 1
17 45 2
17 45 3
17 45 4
17 45 5
17 45 6
17 45 7
17 45 8
17 45 9
17 45 10
17 45 11
17 45 12
17 45 13
17 45 14
17 45 15
17 45 16
17 45 17
17 45 18
17 45 19
17 45 20
17 45 21
17 45 22
17 45 23
17 45 24
17 45 25
17 45 26
17 45 27
17 45 28
17 45 29
17 45 30
17 45 31
17 45 32
17 45 33
17 45 34
17 45 35
17 45 36
17 45 37
17 45 38
17 45 39
17 46 0
17 46 1
17 46 2
17 46 3
17 46 4
17 46 5
17 46 6
17 46 7
17 46 8
17 46 9
17 46 10
17 46 11
17 46 12
17 46 13
17 46 14
17 46 15
17 46 16
17 46 17
17 46 18
17 46 19
17 46 20
17 46 21
17 46 22
17 46 23
17 46 24
17 46 25
17 46 26
17 46 27
17 46 28
17 46 29
17 46 30
17 46 31
17 46 32
17 46 33
17 46 34
17 46 35
17 46 36
17 46 37
17 46 38
17 46 39
17 47 0
17 47 1
17 47 2
17 47 3
17 47 4
17 47 5
17 47 6
17 47 7
17 47 8
17 47 9
17 47 10
17 47 11
17 47 12
17 47 13
17 47 14
17 47 15
17 47 16
17 47 17
17 47 18
17 47 19
17 47 20
17 47 21
17 47 22
17 47 23
17 47 24
17 47 25
17 47 26
17 47 27
17 47 28
17 47 29
17 47 30
17 47 31
17 47 32
17 47 33
17 47 34
17 47 35
17 47 36
17 47 37
17 47 38
17 47 39
17 48 0
17 48 39
17 49 0
17 49 39
17 50 0
17 50 39
17 51 0
17 51 39
17 52 0
17 52 39
17 53 0
17 53 39
17 54 0
17 54 39
17 55 0
17 55 39
17 56 0
17 56 39
17 57 0
17 57 39
17 58 0
17 58 39
17 59 0
17 59 39
17 60 0
17 60 39
17 61 0
17 61 39
17 62 0
17 62 39
17 63 0
17 63 39
17 64 0
17 64 39
17 65 0
17 65 39
17 66 0
17 66 39
17 67 0
17 67 39
17 68 0
17 68 39
17 69 0
17 69 39
17 70 0
17 70 39
17 71 0
17 71 39
17 72 0
17 72 39
17 73 0
17 73 39
17 74 0
17 74 39
17 75 0
17 75 39
17 76 0
17 76 39
17 77 0
17 77 39
17 78 0
17 78 39
17 79 0
17 79 39
17 80 0
17 80 39
17 81 0
17 81 39
17 82 0
17 82 1
17 82 2
17 82 3
17 82 4
17 82 5
17 82 6
17 82 7
17 82 8
17 82 9
17 82 10
17 82 11
17 82 12
17 82 13
17 82 14
17 82 15
17 82 16
17 82 17
17 82 18
17 82 19
17 82 20
17 82 21
17 82 22
17 82 23
17 82 24
17 82 25
17 82 26
17 82 27
17 82 28
17 82 29
17 82 30
17 82 31
17 82 32
17 82 33
17 82 34
17 82 35
17 82 36
17 82 37
17 82 38
17 82 39
17 83 0
17 83 39
17 84 0
17 84 39
17 85 0
17 85 39
17 86 0
17 86 39
17 87 0
17 87 39
17 88 0
17 88 39
17 89 0
17 89 39
17 90 0
17 90 39
17 91 0
17 91 39
17 92 0
17 92 39
17 93 0
17 93 39
17 94 0
17 94 39
17 95 0
17 95 39
17 96 0
17 96 39
17 97 0
17 97 39
17 98 0
17 98 39
17 99 0
17 99 1
17 99 2
17 99 3
17 99 4
17 99 5
17 99 6
17 99 7
17 99 8
17 99 9
17 99 10
17 99 11
17 99 12
17 99 13
17 99 14
17 99 15
17 99 16
17 99 17
17 99 18
17 99 19
17 99 20
17 99 21
17 99 22
17 99 23
17 99 24
17 99 25
17 99 26
17 99 27
17 99 28
17 99 29
17 99 30
17 99 31
17 99 32
17 99 33
17 99 34
17 99 35
17 99 36
17 99 37
17 99 38
17 99 39
18 0 0
18 0 1
18 0 2
18 0 3
18 0 4
18 0 5
18 0 6
18 0 7
18 0 8
18 0 9
18 0 10
18 0 11
18 0 12
18 0 13
18 0 14
18 0 15
18 0 16
18 0 17
18 0 18
18 0 19
18 0 20
18 0 21
18 0 22
18 0 23
18 0 24
18 0 25
18 0 26
18 0 27
18 0 28
18 0 29
18 0 30
18 0 31
18 0 32
18 0 33
18 0 34
18 0 35
18 0 36
18 0 37
18 0 38
18 0 39
18 1 0
18 1 39
18 2 0
18 2 39
18 3 0
18 3 39
18 4 0
18 4 39
18 5 0
18 5 39
18 6 0
18 6 39
18 7 0
18 7 39
18 8 0
18 8 39
18 9 0
18 9 1
18 9 2
18 9 3
18 9 4
18 9 5
18 9 6
18 9 7
18 9 8
18 9 9
18 9 10
18 9 11
18 9 12
18 9 13
18 9 14
18 9 15
18 9 16
18 9 17
18 9 18
18 9 19
18 9 20
18 9 21
18 9 22
18 9 23
18 9 24
18 9 25
18 9 26
18 9 27
18 9 28
18 9 29
18 9 30
18 9 31
18 9 32
18 9 33
18 9 34
18 9 35
18 9 36
18 9 37
18 9 38
18 9 39
18 10 0
18 10 1
18 10 2
18 10 3
18 10 4
18 10 5
18 10 6
18 10 7
18 10 8
18 10 9
18 10 10
18 10 11
18 10 12
18 10 13
18 10 14
18 10 15
18 10 16
18 10 17
18 10 18
18 10 19
18 10 20
18 10 21
18 10 22
18 10 23
18 10 24
18 10 25
18 10 26
18 10 27
18 10 28
18 10 29
18 10 30
18 10 31
18 10 32
18 10 33
18 10 34
18 10 35
18 10 36
18 10 37
18 10 38
18 10 39
18 11 0
18 11 1
18 11 2
18 11 3
18 11 4
18 11 5
18 11 6
18 11 7
18 11 8
18 11 9
18 11 10
18 11 11
18 11 12
18 11 13
18 11 14
18 11 15
18 11 16
18 11 17
18 11 18
18 11 19
18 11 20
18 11 21
18 11 22
18 11 23
18 11 24
18 11 25
18 11 26
18 11 27
18 11 28
18 11 29
18 11 30
18 11 31
18 11 32
18 11 33
18 11 34
18 11 35
18 11 36
18 11 37
18 11 38
18 11 39
18 12 0
18 12 39
18 13 0
18 13 39
18 14 0
18 14 39
18 15 0
18 15 39
18 16 0
18 16 39
18 17 0
18 17 39
18 18 0
18 18 39
18 19 0
18 19 39
18 20 0
18 20 39
18 21 0
18 21 39
18 22 0
18 22 1
18 22 2
18 22 3
18 22 4
18 22 5
18 22 6
18 22 7
18 22 8
18 22 9
18 22 10
18 22 11
18 22 12
18 22 13
18 22 14
18 22 15
18 22 16
18 22 17
18 22 18
18 22 19
18 22 20
18 22 21
18 22 22
18 22 23
18 22 24
18 22 25
18 22 26
18 22 27
18 22 28
18 22 29
18 22 30
18 22 31
18 22 32
18 22 33
18 22 34
18 22 35
18 22 36
18 22 37
18 22 38
18 22 39
18 23 0
18 23 39
18 24 0
18 24 39
18 25 0
18 25 39
18 26 0
18 26 39
18 27 0
18 27 39
18 28 0
18 28 39
18 29 0
18 29 39
18 30 0
18 30 39
18 31 0
18 31 39
18 32 0
18 32 39
18 33 0
18 33 39
18 34 0
18 34 39
18 35 0
18 35 39
18 36 0
18 36 39
18 37 0
18 37 39
18 38 0
18 38 39
18 39 0
18 39 39
18 40 0
18 40 1
18 40 2
18 40 3
18 40 4
18 40 5
18 40 6
18 40 7
18 40 8
18 40 9
18 40 10
18 40 11
18 40 12
18 40 13
18 40 14
18 40 15
18 40 16
18 40 17
18 40 18
18 40 19
18 40 20
18 40 21
18 40 22
18 40 23
18 40 24
18 40 25
18 40 26
18 40 27
18 40 28
18 40 29
18 40 30
18 40 31
18 40 32
18 40 33
18 40 34
18 40 35
18 40 36
18 40 37
18 40 38
18 40 39
18 41 0
18 41 39
18 42 0
18 42 39
18 43 0
18 43 39
18 44 0
18 44 39
18 45 0
18 45 39
18 46 0
18 46 1
18 46 2
18 46 3
18 46 4
18 46 5
18 46 6
18 46 7
18 46 8
18 46 9
18 46 10
18 46 11
18 46 12
18 46 13
18 46 14
18 46 15
18 46 16
18 46 17
18 46 18
18 46 19
18 46 20
18 46 21
18 46 22
18 46 23
18 46 24
18 46 25
18 46 26
18 46 27
18 46 28
18 46 29
18 46 30
18 46 31
18 46 32
18 46 33
18 46 34
18 46 35
18 46 36
18 46 37
18 46 38
18 46 39
18 47 0
18 47 39
18 48 0
18 48 39
18 49 0
18 49 39
18 50 0
18 50 39
18 51 0
18 51 39
18 52 0
18 52 39
18 53 0
18 53 39
18 54 0
18 54 39
18 55 0
18 55 39
18 56 0
18 56 1
18 56 2
18 56 3
18 56 4
18 56 5
18 56 6
18 56 7
18 56 8
18 56 9
18 56 10
18 56 11
18 56 12
18 56 13
18 56 14
18 56 15
18 56 16
18 56 17
18 56 18
18 56 19
18 56 20
18 56 21
18 56 22
18 56 23
18 56 24
18 56 25
18 56 26
18 56 27
18 56 28
18 56 29
18 56 30
18 56 31
18 56 32
18 56 33
18 56 34
18 56 35
18 56 36
18 56 37
18 56 38
18 56 39
18 57 0
18 57 39
18 58 0
18 58 39
18 59 0
18 59 39
18 60 0
18 60 39
18 61 0
18 61 39
18 62 0
18 62 39
18 63 0
18 63 39
18 64 0
18 64 39
18 65 0
18 65 39
18 66 0
18 66 39
18 67 0
18 67 39
18 68 0
18 68 39
18 69 0
18 69 39
18 70 0
18 70 39
18 71 0
18 71 39
18 72 0
18 72 39
18 73 0
18 73 39
18 74 0
18 74 39
18 75 0
18 75 39
18 76 0
18 76 39
18 77 0
18 77 39
18 78 0
18 78 39
18 79 0
18 79 39
18 80 0
18 80 39
18 81 0
18 81 39
18 82 0
18 82 39
18 83 0
18 83 39
18 84 0
18 84 39
18 85 0
18 85 39
18 86 0
18 86 39
18 87 0
18 87 39
18 88 0
18 88 39
18 89 0
18 89 39
18 90 0
18 90 1
18 90 2
18 90 3
18 90 4
18 90 5
18 90 6
18 90 7
18 90 8
18 90 9
18 90 10
18 90 11
18 90 12
18 90 13
18 90 14
18 90 15
18 90 16
18 90 17
18 90 18
18 90 19
18 90 20
18 90 21
18 90 22
18 90 23
18 90 24
18 90 25
18 90 26
18 90 27
18 90 28
18 90 29
18 90 30
18 90 31
18 90 32
18 90 33
18 90 34
18 90 35
18 90 36
18 90 37
18 90 38
18 90 39
18 91 0
18 91 39
18 92 0
18 92 39
18 93 0
18 93 39
18 94 0
18 94 39
18 95 0
18 95 39
18 96 0
18 96 39
18 97 0
18 97 39
18 98 0
18 98 39
18 99 0
18 99 1
18 99 2
18 99 3
18 99 4
18 99 5
18 99 6
18 99 7
18 99 8
18 99 9
18 99 10
18 99 11
18 99 12
18 99 13
18 99 14
18 99 15
18 99 16
18 99 17
18 99 18
18 99 19
18 99 20
18 99 21
18 99 22
18 99 23
18 99 24
18 99 25
18 99 26
18 99 27
18 99 28
18 99 29
18 99 30
18 99 31
18 99 32
18 99 33
18 99 34
18 99 35
18 99 36
18 99 37
18 99 38
18 99 39
19 0 0
19 0 1
19 0 2
19 0 3
19 0 4
19 0 5
19 0 6
19 0 7
19 0 8
19 0 9
19 0 10
19 0 11
19 0 12
19 0 13
19 0 14
19 0 15
19 0 16
19 0 17
19 0 18
19 0 19
19 0 20
19 0 21
19 0 22
19 0 23
19 0 24
19 0 25
19 0 26
19 0 27
19 0 28
19 0 29
19 0 30
19 0 31
19 0 32
19 0 33
19 0 34
19 0 35
19 0 36
19 0 37
19 0 38
19 0 39
19 1 0
19 1 39
19 2 0
19 2 39
19 3 0
19 3 39
19 4 0
19 4 39
19 5 0
19 5 39
19 6 0
19 6 39
19 7 0
19 7 39
19 8 0
19 8 39
19 9 0
19 9 39
19 10 0
19 10 1
19 10 2
19 10 3
19 10 4
19 10 5
19 10 6
19 10 7
19 10 8
19 10 9
19 10 10
19 10 11
19 10 12
19 10 13
19 10 14
19 10 15
19 10 16
19 10 17
19 10 18
19 10 19
19 10 20
19 10 21
19 10 22
19 10 23
19 10 24
19 10 25
19 10 26
19 10 27
19 10 28
19 10 29
19 10 30
19 10 31
19 10 32
19 10 33
19 10 34
19 10 35
19 10 36
19 10 37
19 10 38
19 10 39
19 11 0
19 11 39
19 12 0
19 12 39
19 13 0
19 13 39
19 14 0
19 14 39
19 15 0
19 15 39
19 16 0
19 16 39
19 17 0
19 17 39
19 18 0
19 18 39
19 19 0
19 19 39
19 20 0
19 20 39
19 21 0
19 21 39
19 22 0
19 22 39
19 23 0
19 23 39
19 24 0
19 24 39
19 25 0
19 25 39
19 26 0
19 26 39
19 27 0
19 27 39
19 28 0
19 28 39
19 29 0
19 29 39
19 30 0
19 30 39
19 31 0
19 31 39
19 32 0
19 32 39
19 33 0
19 33 39
19 34 0
19 34 39
19 35 0
19 35 39
19 36 0
19 36 39
19 37 0
19 37 39
19 38 0
19 38 39
19 39 0
19 39 39
19 40 0
19 40 39
19 41 0
19 41 39
19 42 0
19 42 39
19 43 0
19 43 39
19 44 0
19 44 39
19 45 0
19 45 39
19 46 0
19 46 39
19 47 0
19 47 39
19 48 0
19 48 39
19 49 0
19 49 39
19 50 0
19 50 39
19 51 0
19 51 39
19 52 0
19 52 39
19 53 0
19 53 39
19 54 0
19 54 39
19 55 0
19 55 1
19 55 2
19 55 3
19 55 4
19 55 5
19 55 6
19 55 7
19 55 8
19 55 9
19 55 10
19 55 11
19 55 12
19 55 13
19 55 14
19 55 15
19 55 16
19 55 17
19 55 18
19 55 19
19 55 20
19 55 21
19 55 22
19 55 23
19 55 24
19 55 25
19 55 26
19 55 27
19 55 28
19 55 29
19 55 30
19 55 31
19 55 32
19 55 33
19 55 34
19 55 35
19 55 36
19 55 37
19 55 38
19 55 39
19 56 0
19 56 1
19 56 2
19 56 3
19 56 4
19 56 5
19 56 6
19 56 7
19 56 8
19 56 9
19 56 10
19 56 11
19 56 12
19 56 13
19 56 14
19 56 15
19 56 16
19 56 17
19 56 18
19 56 19
19 56 20
19 56 21
19 56 22
19 56 23
19 56 24
19 56 25
19 56 26
19 56 27
19 56 28
19 56 29
19 56 30
19 56 31
19 56 32
19 56 33
19 56 34
19 56 35
19 56 36
19 56 37
19 56 38
19 56 39
19 57 0
19 57 1
19 57 2
19 57 3
19 57 4
19 57 5
19 57 6
19 57 7
19 57 8
19 57 9
19 57 10
19 57 11
19 57 12
19 57 13
19 57 14
19 57 15
19 57 16
19 57 17
19 57 18
19 57 19
19 57 20
19 57 21
19 57 22
19 57 23
19 57 24
19 57 25
19 57 26
19 57 27
19 57 28
19 57 29
19 57 30
19 57 31
19 57 32
19 57 33
19 57 34
19 57 35
19 57 36
19 57 37
19 57 38
19 57 39
19 58 0
19 58 39
19 59 0
19 59 39
19 60 0
19 60 39
19 61 0
19 61 39
19 62 0
19 62 39
19 63 0
19 63 39
19 64 0
19 64 39
19 65 0
19 65 39
19 66 0
19 66 39
19 67 0
19 67 39
19 68 0
19 68 39
19 69 0
19 69 39
19 70 0
19 70 39
19 71 0
19 71 39
19 72 0
19 72 39
19 73 0
19 73 39
19 74 0
19 74 39
19 75 0
19 75 39
19 76 0
19 76 39
19 77 0
19 77 39
19 78 0
19 78 39
19 79 0
19 79 39
19 80 0
19 80 39
19 81 0
19 81 39
19 82 0
19 82 39
19 83 0
19 83 39
19 84 0
19 84 39
19 85 0
19 85 39
19 86 0
19 86 39
19 87 0
19 87 39
19 88 0
19 88 39
19 89 0
19 89 1
19 89 2
19 89 3
19 89 4
19 89 5
19 89 6
19 89 7
19 89 8
19 89 9
19 89 10
19 89 11
19 89 12
19 89 13
19 89 14
19 89 15
19 89 16
19 89 17
19 89 18
19 89 19
19 89 20
19 89 21
19 89 22
19 89 23
19 89 24
19 89 25
19 89 26
19 89 27
19 89 28
19 89 29
19 89 30
19 89 31
19 89 32
19 89 33
19 89 34
19 89 35
19 89 36
19 89 37
19 89 38
19 89 39
19 90 0
19 90 1
19 90 2
19 90 3
19 90 4
19 90 5
19 90 6
19 90 7
19 90 8
19 90 9
19 90 10
19 90 11
19 90 12
19 90 13
19 90 14
19 90 15
19 90 16
19 90 17
19 90 18
19 90 19
19 90 20
19 90 21
19 90 22
19 90 23
19 90 24
19 90 25
19 90 26
19 90 27
19 90 28
19 90 29
19 90 30
19 90 31
19 90 32
19 90 33
19 90 34
19 90 35
19 90 36
19 90 37
19 90 38
19 90 39
19 91 0
19 91 1
19 91 2
19 91 3
19 91 4
19 91 5
19 91 6
19 91 7
19 91 8
19 91 9
19 91 10
19 91 11
19 91 12
19 91 13
19 91 14
19 91 15
19 91 16
19 91 17
19 91 18
19 91 19
19 91 20
19 91 21
19 91 22
19 91 23
19 91 24
19 91 25
19 91 26
19 91 27
19 91 28
19 91 29
19 91 30
19 91 31
19 91 32
19 91 33
19 91 34
19 91 35
19 91 36
19 91 37
19 91 38
19 91 39
19 92 0
19 92 39
19 93 0
19 93 39
19 94 0
19 94 39
19 95 0
19 95 39
19 96 0
19 96 39
19 97 0
19 97 39
19 98 0
19 98 39
19 99 0
19 99 1
19 99 2
19 99 3
19 99 4
19 99 5
19 99 6
19 99 7
19 99 8
19 99 9
19 99 10
19 99 11
19 99 12
19 99 13
19 99 14
19 99 15
19 99 16
19 99 17
19 99 18
19 99 19
19 99 20
19 99 21
19 99 22
19 99 23
19 99 24
19 99 25
19 99 26
19 99 27
19 99 28
19 99 29
19 99 30
19 99 31
19 99 32
19 99 33
19 99 34
19 99 35
19 99 36
19 99 37
19 99 38
19 99 39
20 0 0
20 0 1
20 0 2
20 0 3
20 0 4
20 0 5
20 0 6
20 0 7
20 0 8
20 0 9
20 0 10
20 0 11
20 0 12
20 0 13
20 0 14
20 0 15
20 0 16
20 0 17
20 0 18
20 0 19
20 0 20
20 0 21
20 0 22
20 0 23
20 0 24
20 0 25
20 0 26
20 0 27
20 0 28
20 0 29
20 0 30
20 0 31
20 0 32
20 0 33
20 0 34
20 0 35
20 0 36
20 0 37
20 0 38
20 0 39
20 1 0
20 1 39
20 2 0
20 2 39
20 3 0
20 3 39
20 4 0
20 4 39
20 5 0
20 5 39
20 6 0
20 6 39
20 7 0
20 7 39
20 8 0
20 8 39
20 9 0
20 9 39
20 10 0
20 10 39
20 11 0
20 11 39
20 12 0
20 12 39
20 13 0
20 13 39
20 14 0
20 14 39
20 15 0
20 15 39
20 16 0
20 16 39
20 17 0
20 17 39
20 18 0
20 18 39
20 19 0
20 19 39
20 20 0
20 20 39
20 21 0
20 21 39
20 22 0
20 22 39
20 23 0
20 23 39
20 24 0
20 24 39
20 25 0
20 25 39
20 26 0
20 26 39
20 27 0
20 27 39
20 28 0
20 28 39
20 29 0
20 29 39
20 30 0
20 30 39
20 31 0
20 31 39
20 32 0
20 32 39
20 33 0
20 33 39
20 34 0
20 34 39
20 35 0
20 35 39
20 36 0
20 36 39
20 37 0
20 37 39
20 38 0
20 38 39
20 39 0
20 39 39
20 40 0
20 40 39
20 41 0
20 41 39
20 42 0
20 42 39
20 43 0
20 43 39
20 44 0
20 44 39
20 45 0
20 45 39
20 46 0
20 46 39
20 47 0
20 47 39
20 48 0
20 48 39
20 49 0
20 49 39
20 50 0
20 50 39
20 51 0
20 51 39
20 52 0
20 52 39
20 53 0
20 53 39
20 54 0
20 54 39
20 55 0
20 55 39
20 56 0
20 56 1
20 56 2
20 56 3
20 56 4
20 56 5
20 56 6
20 56 7
20 56 8
20 56 9
20 56 10
20 56 11
20 56 12
20 56 13
20 56 14
20 56 15
20 56 16
20 56 17
20 56 18
20 56 19
20 56 20
20 56 21
20 56 22
20 56 23
20 56 24
20 56 25
20 56 26
20 56 27
20 56 28
20 56 29
20 56 30
20 56 31
20 56 32
20 56 33
20 56 34
20 56 35
20 56 36
20 56 37
20 56 38
20 56 39
20 57 0
20 57 39
20 58 0
20 58 39
20 59 0
20 59 39
20 60 0
20 60 39
20 61 0
20 61 39
20 62 0
20 62 39
20 63 0
20 63 39
20 64 0
20 64 39
20 65 0
20 65 39
20 66 0
20 66 39
20 67 0
20 67 39
20 68 0
20 68 39
20 69 0
20 69 39
20 70 0
20 70 39
20 71 0
20 71 39
20 72 0
20 72 39
20 73 0
20 73 39
20 74 0
20 74 39
20 75 0
20 75 39
20 76 0
20 76 39
20 77 0
20 77 39
20 78 0
20 78 39
20 79 0
20 79 39
20 80 0
20 80 39
20 81 0
20 81 39
20 82 0
20 82 39
20 83 0
20 83 39
20 84 0
20 84 39
20 85 0
20 85 39
20 86 0
20 86 39
20 87 0
20 87 39
20 88 0
20 88 39
20 89 0
20 89 39
20 90 0
20 90 1
20 90 2
20 90 3
20 90 4
20 90 5
20 90 6
20 90 7
20 90 8
20 90 9
20 90 10
20 90 11
20 90 12
20 90 13
20 90 14
20 90 15
20 90 16
20 90 17
20 90 18
20 90 19
20 90 20
20 90 21
20 90 22
20 90 23
20 90 24
20 90 25
20 90 26
20 90 27
20 90 28
20 90 29
20 90 30
20 90 31
20 90 32
20 90 33
20 90 34
20 90 35
20 90 36
20 90 37
20 90 38
20 90 39
20 91 0
20 91 39
20 92 0
20 92 39
20 93 0
20 93 39
20 94 0
20 94 39
20 95 0
20 95 39
20 96 0
20 96 39
20 97 0
20 97 39
20 98 0
20 98 39
20 99 0
20 99 1
20 99 2
20 99 3
20 99 4
20 99 5
20 99 6
20 99 7
20 99 8
20 99 9
20 99 10
20 99 11
20 99 12
20 99 13
20 99 14
20 99 15
20 99 16
20 99 17
20 99 18
20 99 19
20 99 20
20 99 21
20 99 22
20 99 23
20 99 24
20 99 25
20 99 26
20 99 27
20 99 28
20 99 29
20 99 30
20 99 31
20 99 32
20 99 33
20 99 34
20 99 35
20 99 36
20 99 37
20 99 38
20 99 39
21 0 0
21 0 1
21 0 2
21 0 3
21 0 4
21 0 5
21 0 6
21 0 7
21 0 8
21 0 9
21 0 10
21 0 11
21 0 12
21 0 13
21 0 14
21 0 15
21 0 16
21 0 17
21 0 18
21 0 19
21 0 20
21 0 21
21 0 22
21 0 23
21 0 24
21 0 25
21 0 26
21 0 27
21 0 28
21 0 29
21 0 30
21 0 31
21 0 32
21 0 33
21 0 34
21 0 35
21 0 36
21 0 37
21 0 38
21 0 39
21 1 0
21 1 39
21 2 0
21 2 39
21 3 0
21 3 39
21 4 0
21 4 39
21 5 0
21 5 39
21 6 0
21 6 39
21 7 0
21 7 39
21 8 0
21 8 39
21 9 0
21 9 39
21 10 0
21 10 39
21 11 0
21 11 39
21 12 0
21 12 39
21 13 0
21 13 39
21 14 0
21 14 39
21 15 0
21 15 39
21 16 0
21 16 39
21 17 0
21 17 39
21 18 0
21 18 39
21 19 0
21 19 39
21 20 0
21 20 39
21 21 0
21 21 39
21 22 0
21 22 39
21 23 0
21 23 39
21 24 0
21 24 39
21 25 0
21 25 39
21 26 0
21 26 39
21 27 0
21 27 39
21 28 0
21 28 39
21 29 0
21 29 39
21 30 0
21 30 39
21 31 0
21 31 39
21 32 0
21 32 39
21 33 0
21 33 39
21 34 0
21 34 39
21 35 0
21 35 39
21 36 0
21 36 39
21 37 0
21 37 39
21 38 0
21 38 39
21 39 0
21 39 39
21 40 0
21 40 39
21 41 0
21 41 39
21 42 0
21 42 39
21 43 0
21 43 39
21 44 0
21 44 39
21 45 0
21 45 39
21 46 0
21 46 39
21 47 0
21 47 39
21 48 0
21 48 39
21 49 0
21 49 39
21 50 0
21 50 39
21 51 0
21 51 39
21 52 0
21 52 39
21 53 0
21 53 39
21 54 0
21 54 39
21 55 0
21 55 39
21 56 0
21 56 39
21 57 0
21 57 39
21 58 0
21 58 39
21 59 0
21 59 39
21 60 0
21 60 39
21 61 0
21 61 39
21 62 0
21 62 39
21 63 0
21 63 39
21 64 0
21 64 39
21 65 0
21 65 39
21 66 0
21 66 39
21 67 0
21 67 39
21 68 0
21 68 39
21 69 0
21 69 39
21 70 0
21 70 39
21 71 0
21 71 39
21 72 0
21 72 39
21 73 0
21 73 39
21 74 0
21 74 39
21 75 0
21 75 39
21 76 0
21 76 39
21 77 0
21 77 39
21 78 0
21 78 39
21 79 0
21 79 39
21 80 0
21 80 39
21 81 0
21 81 39
21 82 0
21 82 39
21 83 0
21 83 39
21 84 0
21 84 39
21 85 0
21 85 39
21 86 0
21 86 39
21 87 0
21 87 39
21 88 0
21 88 39
21 89 0
21 89 39
21 90 0
21 90 39
21 91 0
21 91 39
21 92 0
21 92 39
21 93 0
21 93 39
21 94 0
21 94 39
21 95 0
21 95 39
21 96 0
21 96 1
21 96 2
21 96 3
21 96 4
21 96 5
21 96 6
21 96 7
21 96 8
21 96 9
21 96 10
21 96 11
21 96 12
21 96 13
21 96 14
21 96 15
21 96 16
21 96 17
21 96 18
21 96 19
21 96 20
21 96 21
21 96 22
21 96 23
21 96 24
21 96 25
21 96 26
21 96 27
21 96 28
21 96 29
21 96 30
21 96 31
21 96 32
21 96 33
21 96 34
21 96 35
21 96 36
21 96 37
21 96 38
21 96 39
21 97 0
21 97 39
21 98 0
21 98 39
21 99 0
21 99 1
21 99 2
21 99 3
21 99 4
21 99 5
21 99 6
21 99 7
21 99 8
21 99 9
21 99 10
21 99 11
21 99 12
21 99 13
21 99 14
21 99 15
21 99 16
21 99 17
21 99 18
21 99 19
21 99 20
21 99 21
21 99 22
21 99 23
21 99 24
21 99 25
21 99 26
21 99 27
21 99 28
21 99 29
21 99 30
21 99 31
21 99 32
21 99 33
21 99 34
21 99 35
21 99 36
21 99 37
21 99 38
21 99 39
22 0 0
22 0 1
22 0 2
22 0 3
22 0 4
22 0 5
22 0 6
22 0 7
22 0 8
22 0 9
22 0 10
22 0 11
22 0 12
22 0 13
22 0 14
22 0 15
22 0 16
22 0 17
22 0 18
22 0 19
22 0 20
22 0 21
22 0 22
22 0 23
22 0 24
22 0 25
22 0 26
22 0 27
22 0 28
22 0 29
22 0 30
22 0 31
22 0 32
22 0 33
22 0 34
22 0 35
22 0 36
22 0 37
22 0 38
22 0 39
22 1 0
22 1 39
22 2 0
22 2 39
22 3 0
22 3 39
22 4 0
22 4 39
22 5 0
22 5 39
22 6 0
22 6 39
22 7 0
22 7 39
22 8 0
22 8 39
22 9 0
22 9 39
22 10 0
22 10 39
22 11 0
22 11 39
22 12 0
22 12 39
22 13 0
22 13 39
22 14 0
22 14 39
22 15 0
22 15 39
22 16 0
22 16 39
22 17 0
22 17 39
22 18 0
22 18 39
22 19 0
22 19 39
22 20 0
22 20 39
22 21 0
22 21 39
22 22 0
22 22 39
22 23 0
22 23 39
22 24 0
22 24 39
22 25 0
22 25 39
22 26 0
22 26 39
22 27 0
22 27 39
22 28 0
22 28 1
22 28 2
22 28 3
22 28 4
22 28 5
22 28 6
22 28 7
22 28 8
22 28 9
22 28 10
22 28 11
22 28 12
22 28 13
22 28 14
22 28 15
22 28 16
22 28 17
22 28 18
22 28 19
22 28 20
22 28 21
22 28 22
22 28 23
22 28 24
22 28 25
22 28 26
22 28 27
22 28 28
22 28 29
22 28 30
22 28 31
22 28 32
22 28 33
22 28 34
22 28 35
22 28 36
22 28 37
22 28 38
22 28 39
22 29 0
22 29 39
22 30 0
22 30 39
22 31 0
22 31 39
22 32 0
22 32 39
22 33 0
22 33 39
22 34 0
22 34 39
22 35 0
22 35 39
22 36 0
22 36 39
22 37 0
22 37 39
22 38 0
22 38 39
22 39 0
22 39 39
22 40 0
22 40 39
22 41 0
22 41 39
22 42 0
22 42 39
22 43 0
22 43 39
22 44 0
22 44 39
22 45 0
22 45 39
22 46 0
22 46 39
22 47 0
22 47 39
22 48 0
22 48 39
22 49 0
22 49 39
22 50 0
22 50 39
22 51 0
22 51 39
22 52 0
22 52 39
22 53 0
22 53 39
22 54 0
22 54 39
22 55 0
22 55 39
22 56 0
22 56 39
22 57 0
22 57 39
22 58 0
22 58 39
22 59 0
22 59 39
22 60 0
22 60 39
22 61 0
22 61 39
22 62 0
22 62 39
22 63 0
22 63 39
22 64 0
22 64 39
22 65 0
22 65 39
22 66 0
22 66 39
22 67 0
22 67 39
22 68 0
22 68 39
22 69 0
22 69 39
22 70 0
22 70 39
22 71 0
22 71 39
22 72 0
22 72 39
22 73 0
22 73 39
22 74 0
22 74 39
22 75 0
22 75 39
22 76 0
22 76 39
22 77 0
22 77 39
22 78 0
22 78 39
22 79 0
22 79 39
22 80 0
22 80 39
22 81 0
22 81 39
22 82 0
22 82 39
22 83 0
22 83 39
22 84 0
22 84 39
22 85 0
22 85 39
22 86 0
22 86 39
22 87 0
22 87 39
22 88 0
22 88 39
22 89 0
22 89 39
22 90 0
22 90 39
22 91 0
22 91 39
22 92 0
22 92 39
22 93 0
22 93 39
22 94 0
22 94 39
22 95 0
22 95 1
22 95 2
22 95 3
22 95 4
22 95 5
22 95 6
22 95 7
22 95 8
22 95 9
22 95 10
22 95 11
22 95 12
22 95 13
22 95 14
22 95 15
22 95 16
22 95 17
22 95 18
22 95 19
22 95 20
22 95 21
22 95 22
22 95 23
22 95 24
22 95 25
22 95 26
22 95 27
22 95 28
22 95 29
22 95 30
22 95 31
22 95 32
22 95 33
22 95 34
22 95 35
22 95 36
22 95 37
22 95 38
22 95 39
22 96 0
22 96 1
22 96 2
22 96 3
22 96 4
22 96 5
22 96 6
22 96 7
22 96 8
22 96 9
22 96 10
22 96 11
22 96 12
22 96 13
22 96 14
22 96 15
22 96 16
22 96 17
22 96 18
22 96 19
22 96 20
22 96 21
22 96 22
22 96 23
22 96 24
22 96 25
22 96 26
22 96 27
22 96 28
22 96 29
22 96 30
22 96 31
22 96 32
22 96 33
22 96 34
22 96 35
22 96 36
22 96 37
22 96 38
22 96 39
22 97 0
22 97 1
22 97 2
22 97 3
22 97 4
22 97 5
22 97 6
22 97 7
22 97 8
22 97 9
22 97 10
22 97 11
22 97 12
22 97 13
22 97 14
22 97 15
22 97 16
22 97 17
22 97 18
22 97 19
22 97 20
22 97 21
22 97 22
22 97 23
22 97 24
22 97 25
22 97 26
22 97 27
22 97 28
22 97 29
22 97 30
22 97 31
22 97 32
22 97 33
22 97 34
22 97 35
22 97 36
22 97 37
22 97 38
22 97 39
22 98 0
22 98 39
22 99 0
22 99 1
22 99 2
22 99 3
22 99 4
22 99 5
22 99 6
22 99 7
22 99 8
22 99 9
22 99 10
22 99 11
22 99 12
22 99 13
22 99 14
22 99 15
22 99 16
22 99 17
22 99 18
22 99 19
22 99 20
22 99 21
22 99 22
22 99 23
22 99 24
22 99 25
22 99 26
22 99 27
22 99 28
22 99 29
22 99 30
22 99 31
22 99 32
22 99 33
22 99 34
22 99 35
22 99 36
22 99 37
22 99 38
22 99 39
23 0 0
23 0 1
23 0 2
23 0 3
23 0 4
23 0 5
23 0 6
23 0 7
23 0 8
23 0 9
23 0 10
23 0 11
23 0 12
23 0 13
23 0 14
23 0 15
23 0 16
23 0 17
23 0 18
23 0 19
23 0 20
23 0 21
23 0 22
23 0 23
23 0 24
23 0 25
23 0 26
23 0 27
23 0 28
23 0 29
23 0 30
23 0 31
23 0 32
23 0 33
23 0 34
23 0 35
23 0 36
23 0 37
23 0 38
23 0 39
23 1 0
23 1 39
23 2 0
23 2 39
23 3 0
23 3 39
23 4 0
23 4 39
23 5 0
23 5 39
23 6 0
23 6 39
23 7 0
23 7 39
23 8 0
23 8 1
23 8 2
23 8 3
23 8 4
23 8 5
23 8 6
23 8 7
23 8 8
23 8 9
23 8 10
23 8 11
23 8 12
23 8 13
23 8 14
23 8 15
23 8 16
23 8 17
23 8 18
23 8 19
23 8 20
23 8 21
23 8 22
23 8 23
23 8 24
23 8 25
23 8 26
23 8 27
23 8 28
23 8 29
23 8 30
23 8 31
23 8 32
23 8 33
23 8 34
23 8 35
23 8 36
23 8 37
23 8 38
23 8 39
23 9 0
23 9 39
23 10 0
23 10 39
23 11 0
23 11 39
23 12 0
23 12 39
23 13 0
23 13 39
23 14 0
23 14 39
23 15 0
23 15 39
23 16 0
23 16 39
23 17 0
23 17 39
23 18 0
23 18 39
23 19 0
23 19 39
23 20 0
23 20 39
23 21 0
23 21 39
23 22 0
23 22 1
23 22 2
23 22 3
23 22 4
23 22 5
23 22 6
23 22 7
23 22 8
23 22 9
23 22 10
23 22 11
23 22 12
23 22 13
23 22 14
23 22 15
23 22 16
23 22 17
23 22 18
23 22 19
23 22 20
23 22 21
23 22 22
23 22 23
23 22 24
23 22 25
23 22 26
23 22 27
23 22 28
23 22 29
23 22 30
23 22 31
23 22 32
23 22 33
23 22 34
23 22 35
23 22 36
23 22 37
23 22 38
23 22 39
23 23 0
23 23 39
23 24 0
23 24 39
23 25 0
23 25 39
23 26 0
23 26 39
23 27 0
23 27 1
23 27 2
23 27 3
23 27 4
23 27 5
23 27 6
23 27 7
23 27 8
23 27 9
23 27 10
23 27 11
23 27 12
23 27 13
23 27 14
23 27 15
23 27 16
23 27 17
23 27 18
23 27 19
23 27 20
23 27 21
23 27 22
23 27 23
23 27 24
23 27 25
23 27 26
23 27 27
23 27 28
23 27 29
23 27 30
23 27 31
23 27 32
23 27 33
23 27 34
23 27 35
23 27 36
23 27 37
23 27 38
23 27 39
23 28 0
23 28 1
23 28 2
23 28 3
23 28 4
23 28 5
23 28 6
23 28 7
23 28 8
23 28 9
23 28 10
23 28 11
23 28 12
23 28 13
23 28 14
23 28 15
23 28 16
23 28 17
23 28 18
23 28 19
23 28 20
23 28 21
23 28 22
23 28 23
23 28 24
23 28 25
23 28 26
23 28 27
23 28 28
23 28 29
23 28 30
23 28 31
23 28 32
23 28 33
23 28 34
23 28 35
23 28 36
23 28 37
23 28 38
23 28 39
23 29 0
23 29 1
23 29 2
23 29 3
23 29 4
23 29 5
23 29 6
23 29 7
23 29 8
23 29 9
23 29 10
23 29 11
23 29 12
23 29 13
23 29 14
23 29 15
23 29 16
23 29 17
23 29 18
23 29 19
23 29 20
23 29 21
23 29 22
23 29 23
23 29 24
23 29 25
23 29 26
23 29 27
23 29 28
23 29 29
23 29 30
23 29 31
23 29 32
23 29 33
23 29 34
23 29 35
23 29 36
23 29 37
23 29 38
23 29 39
23 30 0
23 30 39
23 31 0
23 31 39
23 32 0
23 32 39
23 33 0
23 33 39
23 34 0
23 34 39
23 35 0
23 35 39
23 36 0
23 36 39
23 37 0
23 37 39
23 38 0
23 38 39
23 39 0
23 39 39
23 40 0
23 40 39
23 41 0
23 41 39
23 42 0
23 42 39
23 43 0
23 43 39
23 44 0
23 44 39
23 45 0
23 45 39
23 46 0
23 46 39
23 47 0
23 47 39
23 48 0
23 48 39
23 49 0
23 49 39
23 50 0
23 50 39
23 51 0
23 51 39
23 52 0
23 52 39
23 53 0
23 53 39
23 54 0
23 54 39
23 55 0
23 55 39
23 56 0
23 56 39
23 57 0
23 57 39
23 58 0
23 58 39
23 59 0
23 59 39
23 60 0
23 60 39
23 61 0
23 61 39
23 62 0
23 62 39
23 63 0
23 63 39
23 64 0
23 64 39
23 65 0
23 65 39
23 66 0
23 66 39
23 67 0
23 67 39
23 68 0
23 68 39
23 69 0
23 69 39
23 70 0
23 70 39
23 71 0
23 71 39
23 72 0
23 72 39
23 73 0
23 73 39
23 74 0
23 74 39
23 75 0
23 75 39
23 76 0
23 76 39
23 77 0
23 77 39
23 78 0
23 78 39
23 79 0
23 79 39
23 80 0
23 80 39
23 81 0
23 81 39
23 82 0
23 82 39
23 83 0
23 83 39
23 84 0
23 84 39
23 85 0
23 85 39
23 86 0
23 86 39
23 87 0
23 87 39
23 88 0
23 88 39
23 89 0
23 89 39
23 90 0
23 90 39
23 91 0
23 91 1
23 91 2
23 91 3
23 91 4
23 91 5
23 91 6
23 91 7
23 91 8
23 91 9
23 91 10
23 91 11
23 91 12
23 91 13
23 91 14
23 91 15
23 91 16
23 91 17
23 91 18
23 91 19
23 91 20
23 91 21
23 91 22
23 91 23
23 91 24
23 91 25
23 91 26
23 91 27
23 91 28
23 91 29
23 91 30
23 91 31
23 91 32
23 91 33
23 91 34
23 91 35
23 91 36
23 91 37
23 91 38
23 91 39
23 92 0
23 92 39
23 93 0
23 93 39
23 94 0
23 94 39
23 95 0
23 95 39
23 96 0
23 96 1
23 96 2
23 96 3
23 96 4
23 96 5
23 96 6
23 96 7
23 96 8
23 96 9
23 96 10
23 96 11
23 96 12
23 96 13
23 96 14
23 96 15
23 96 16
23 96 17
23 96 18
23 96 19
23 96 20
23 96 21
23 96 22
23 96 23
23 96 24
23 96 25
23 96 26
23 96 27
23 96 28
23 96 29
23 96 30
23 96 31
23 96 32
23 96 33
23 96 34
23 96 35
23 96 36
23 96 37
23 96 38
23 96 39
23 97 0
23 97 39
23 98 0
23 98 39
23 99 0
23 99 1
23 99 2
23 99 3
23 99 4
23 99 5
23 99 6
23 99 7
23 99 8
23 99 9
23 99 10
23 99 11
23 99 12
23 99 13
23 99 14
23 99 15
23 99 16
23 99 17
23 99 18
23 99 19
23 99 20
23 99 21
23 99 22
23 99 23
23 99 24
23 99 25
23 99 26
23 99 27
23 99 28
23 99 29
23 99 30
23 99 31
23 99 32
23 99 33
23 99 34
23 99 35
23 99 36
23 99 37
23 99 38
23 99 39
24 0 0
24 0 1
24 0 2
24 0 3
24 0 4
24 0 5
24 0 6
24 0 7
24 0 8
24 0 9
24 0 10
24 0 11
24 0 12
24 0 13
24 0 14
24 0 15
24 0 16
24 0 17
24 0 18
24 0 19
24 0 20
24 0 21
24 0 22
24 0 23
24 0 24
24 0 25
24 0 26
24 0 27
24 0 28
24 0 29
24 0 30
24 0 31
24 0 32
24 0 33
24 0 34
24 0 35
24 0 36
24 0 37
24 0 38
24 0 39
24 1 0
24 1 39
24 2 0
24 2 39
24 3 0
24 3 1
24 3 2
24 3 3
24 3 4
24 3 5
24 3 6
24 3 7
24 3 8
24 3 9
24 3 10
24 3 11
24 3 12
24 3 13
24 3 14
24 3 15
24 3 16
24 3 17
24 3 18
24 3 19
24 3 20
24 3 21
24 3 22
24 3 23
24 3 24
24 3 25
24 3 26
24 3 27
24 3 28
24 3 29
24 3 30
24 3 31
24 3 32
24 3 33
24 3 34
24 3 35
24 3 36
24 3 37
24 3 38
24 3 39
24 4 0
24 4 39
24 5 0
24 5 39
24 6 0
24 6 39
24 7 0
24 7 1
24 7 2
24 7 3
24 7 4
24 7 5
24 7 6
24 7 7
24 7 8
24 7 9
24 7 10
24 7 11
24 7 12
24 7 13
24 7 14
24 7 15
24 7 16
24 7 17
24 7 18
24 7 19
24 7 20
24 7 21
24 7 22
24 7 23
24 7 24
24 7 25
24 7 26
24 7 27
24 7 28
24 7 29
24 7 30
24 7 31
24 7 32
24 7 33
24 7 34
24 7 35
24 7 36
24 7 37
24 7 38
24 7 39
24 8 0
24 8 1
24 8 2
24 8 3
24 8 4
24 8 5
24 8 6
24 8 7
24 8 8
24 8 9
24 8 10
24 8 11
24 8 12
24 8 13
24 8 14
24 8 15
24 8 16
24 8 17
24 8 18
24 8 19
24 8 20
24 8 21
24 8 22
24 8 23
24 8 24
24 8 25
24 8 26
24 8 27
24 8 28
24 8 29
24 8 30
24 8 31
24 8 32
24 8 33
24 8 34
24 8 35
24 8 36
24 8 37
24 8 38
24 8 39
24 9 0
24 9 1
24 9 2
24 9 3
24 9 4
24 9 5
24 9 6
24 9 7
24 9 8
24 9 9
24 9 10
24 9 11
24 9 12
24 9 13
24 9 14
24 9 15
24 9 16
24 9 17
24 9 18
24 9 19
24 9 20
24 9 21
24 9 22
24 9 23
24 9 24
24 9 25
24 9 26
24 9 27
24 9 28
24 9 29
24 9 30
24 9 31
24 9 32
24 9 33
24 9 34
24 9 35
24 9 36
24 9 37
24 9 38
24 9 39
24 10 0
24 10 39
24 11 0
24 11 39
24 12 0
24 12 39
24 13 0
24 13 39
24 14 0
24 14 39
24 15 0
24 15 39
24 16 0
24 16 39
24 17 0
24 17 39
24 18 0
24 18 39
24 19 0
24 19 39
24 20 0
24 20 39
24 21 0
24 21 1
24 21 2
24 21 3
24 21 4
24 21 5
24 21 6
24 21 7
24 21 8
24 21 9
24 21 10
24 21 11
24 21 12
24 21 13
24 21 14
24 21 15
24 21 16
24 21 17
24 21 18
24 21 19
24 21 20
24 21 21
24 21 22
24 21 23
24 21 24
24 21 25
24 21 26
24 21 27
24 21 28
24 21 29
24 21 30
24 21 31
24 21 32
24 21 33
24 21 34
24 21 35
24 21 36
24 21 37
24 21 38
24 21 39
24 22 0
24 22 1
24 22 2
24 22 3
24 22 4
24 22 5
24 22 6
24 22 7
24 22 8
24 22 9
24 22 10
24 22 11
24 22 12
24 22 13
24 22 14
24 22 15
24 22 16
24 22 17
24 22 18
24 22 19
24 22 20
24 22 21
24 22 22
24 22 23
24 22 24
24 22 25
24 22 26
24 22 27
24 22 28
24 22 29
24 22 30
24 22 31
24 22 32
24 22 33
24 22 34
24 22 35
24 22 36
24 22 37
24 22 38
24 22 39
24 23 0
24 23 1
24 23 2
24 23 3
24 23 4
24 23 5
24 23 6
24 23 7
24 23 8
24 23 9
24 23 10
24 23 11
24 23 12
24 23 13
24 23 14
24 23 15
24 23 16
24 23 17
24 23 18
24 23 19
24 23 20
24 23 21
24 23 22
24 23 23
24 23 24
24 23 25
24 23 26
24 23 27
24 23 28
24 23 29
24 23 30
24 23 31
24 23 32
24 23 33
24 23 34
24 23 35
24 23 36
24 23 37
24 23 38
24 23 39
24 24 0
24 24 39
24 25 0
24 25 39
24 26 0
24 26 39
24 27 0
24 27 39
24 28 0
24 28 1
24 28 2
24 28 3
24 28 4
24 28 5
24 28 6
24 28 7
24 28 8
24 28 9
24 28 10
24 28 11
24 28 12
24 28 13
24 28 14
24 28 15
24 28 16
24 28 17
24 28 18
24 28 19
24 28 20
24 28 21
24 28 22
24 28 23
24 28 24
24 28 25
24 28 26
24 28 27
24 28 28
24 28 29
24 28 30
24 28 31
24 28 32
24 28 33
24 28 34
24 28 35
24 28 36
24 28 37
24 28 38
24 28 39
24 29 0
24 29 39
24 30 0
24 30 39
24 31 0
24 31 39
24 32 0
24 32 39
24 33 0
24 33 39
24 34 0
24 34 39
24 35 0
24 35 39
24 36 0
24 36 39
24 37 0
24 37 39
24 38 0
24 38 39
24 39 0
24 39 39
24 40 0
24 40 39
24 41 0
24 41 39
24 42 0
24 42 39
24 43 0
24 43 39
24 44 0
24 44 39
24 45 0
24 45 39
24 46 0
24 46 39
24 47 0
24 47 39
24 48 0
24 48 39
24 49 0
24 49 39
24 50 0
24 50 39
24 51 0
24 51 39
24 52 0
24 52 39
24 53 0
24 53 39
24 54 0
24 54 39
24 55 0
24 55 39
24 56 0
24 56 39
24 57 0
24 57 39
24 58 0
24 58 39
24 59 0
24 59 39
24 60 0
24 60 39
24 61 0
24 61 39
24 62 0
24 62 39
24 63 0
24 63 39
24 64 0
24 64 39
24 65 0
24 65 39
24 66 0
24 66 39
24 67 0
24 67 39
24 68 0
24 68 39
24 69 0
24 69 39
24 70 0
24 70 39
24 71 0
24 71 39
24 72 0
24 72 39
24 73 0
24 73 39
24 74 0
24 74 39
24 75 0
24 75 39
24 76 0
24 76 39
24 77 0
24 77 39
24 78 0
24 78 39
24 79 0
24 79 39
24 80 0
24 80 39
24 81 0
24 81 39
24 82 0
24 82 39
24 83 0
24 83 39
24 84 0
24 84 39
24 85 0
24 85 39
24 86 0
24 86 39
24 87 0
24 87 39
24 88 0
24 88 39
24 89 0
24 89 39
24 90 0
24 90 1
24 90 2
24 90 3
24 90 4
24 90 5
24 90 6
24 90 7
24 90 8
24 90 9
24 90 10
24 90 11
24 90 12
24 90 13
24 90 14
24 90 15
24 90 16
24 90 17
24 90 18
24 90 19
24 90 20
24 90 21
24 90 22
24 90 23
24 90 24
24 90 25
24 90 26
24 90 27
24 90 28
24 90 29
24 90 30
24 90 31
24 90 32
24 90 33
24 90 34
24 90 35
24 90 36
24 90 37
24 90 38
24 90 39
24 91 0
24 91 1
24 91 2
24 91 3
24 91 4
24 91 5
24 91 6
24 91 7
24 91 8
24 91 9
24 91 10
24 91 11
24 91 12
24 91 13
24 91 14
24 91 15
24 91 16
24 91 17
24 91 18
24 91 19
24 91 20
24 91 21
24 91 22
24 91 23
24 91 24
24 91 25
24 91 26
24 91 27
24 91 28
24 91 29
24 91 30
24 91 31
24 91 32
24 91 33
24 91 34
24 91 35
24 91 36
24 91 37
24 91 38
24 91 39
24 92 0
24 92 1
24 92 2
24 92 3
24 92 4
24 92 5
24 92 6
24 92 7
24 92 8
24 92 9
24 92 10
24 92 11
24 92 12
24 92 13
24 92 14
24 92 15
24 92 16
24 92 17
24 92 18
24 92 19
24 92 20
24 92 21
24 92 22
24 92 23
24 92 24
24 92 25
24 92 26
24 92 27
24 92 28
24 92 29
24 92 30
24 92 31
24 92 32
24 92 33
24 92 34
24 92 35
24 92 36
24 92 37
24 92 38
24 92 39
24 93 0
24 93 39
24 94 0
24 94 39
24 95 0
24 95 39
24 96 0
24 96 39
24 97 0
24 97 39
24 98 0
24 98 39
24 99 0
24 99 1
24 99 2
24 99 3
24 99 4
24 99 5
24 99 6
24 99 7
24 99 8
24 99 9
24 99 10
24 99 11
24 99 12
24 99 13
24 99 14
24 99 15
24 99 16
24 99 17
24 99 18
24 99 19
24 99 20
24 99 21
24 99 22
24 99 23
24 99 24
24 99 25
24 99 26
24 99 27
24 99 28
24 99 29
24 99 30
24 99 31
24 99 32
24 99 33
24 99 34
24 99 35
24 99 36
24 99 37
24 99 38
24 99 39
25 0 0
25 0 1
25 0 2
25 0 3
25 0 4
25 0 5
25 0 6
25 0 7
25 0 8
25 0 9
25 0 10
25 0 11
25 0 12
25 0 13
25 0 14
25 0 15
25 0 16
25 0 17
25 0 18
25 0 19
25 0 20
25 0 21
25 0 22
25 0 23
25 0 24
25 0 25
25 0 26
25 0 27
25 0 28
25 0 29
25 0 30
25 0 31
25 0 32
25 0 33
25 0 34
25 0 35
25 0 36
25 0 37
25 0 38
25 0 39
25 1 0
25 1 39
25 2 0
25 2 1
25 2 2
25 2 3
25 2 4
25 2 5
25 2 6
25 2 7
25 2 8
25 2 9
25 2 10
25 2 11
25 2 12
25 2 13
25 2 14
25 2 15
25 2 16
25 2 17
25 2 18
25 2 19
25 2 20
25 2 21
25 2 22
25 2 23
25 2 24
25 2 25
25 2 26
25 2 27
25 2 28
25 2 29
25 2 30
25 2 31
25 2 32
25 2 33
25 2 34
25 2 35
25 2 36
25 2 37
25 2 38
25 2 39
25 3 0
25 3 1
25 3 2
25 3 3
25 3 4
25 3 5
25 3 6
25 3 7
25 3 8
25 3 9
25 3 10
25 3 11
25 3 12
25 3 13
25 3 14
25 3 15
25 3 16
25 3 17
25 3 18
25 3 19
25 3 20
25 3 21
25 3 22
25 3 23
25 3 24
25 3 25
25 3 26
25 3 27
25 3 28
25 3 29
25 3 30
25 3 31
25 3 32
25 3 33
25 3 34
25 3 35
25 3 36
25 3 37
25 3 38
25 3 39
25 4 0
25 4 1
25 4 2
25 4 3
25 4 4
25 4 5
25 4 6
25 4 7
25 4 8
25 4 9
25 4 10
25 4 11
25 4 12
25 4 13
25 4 14
25 4 15
25 4 16
25 4 17
25 4 18
25 4 19
25 4 20
25 4 21
25 4 22
25 4 23
25 4 24
25 4 25
25 4 26
25 4 27
25 4 28
25 4 29
25 4 30
25 4 31
25 4 32
25 4 33
25 4 34
25 4 35
25 4 36
25 4 37
25 4 38
25 4 39
25 5 0
25 5 39
25 6 0
25 6 39
25 7 0
25 7 39
25 8 0
25 8 1
25 8 2
25 8 3
25 8 4
25 8 5
25 8 6
25 8 7
25 8 8
25 8 9
25 8 10
25 8 11
25 8 12
25 8 13
25 8 14
25 8 15
25 8 16
25 8 17
25 8 18
25 8 19
25 8 20
25 8 21
25 8 22
25 8 23
25 8 24
25 8 25
25 8 26
25 8 27
25 8 28
25 8 29
25 8 30
25 8 31
25 8 32
25 8 33
25 8 34
25 8 35
25 8 36
25 8 37
25 8 38
25 8 39
25 9 0
25 9 39
25 10 0
25 10 39
25 11 0
25 11 39
25 12 0
25 12 1
25 12 2
25 12 3
25 12 4
25 12 5
25 12 6
25 12 7
25 12 8
25 12 9
25 12 10
25 12 11
25 12 12
25 12 13
25 12 14
25 12 15
25 12 16
25 12 17
25 12 18
25 12 19
25 12 20
25 12 21
25 12 22
25 12 23
25 12 24
25 12 25
25 12 26
25 12 27
25 12 28
25 12 29
25 12 30
25 12 31
25 12 32
25 12 33
25 12 34
25 12 35
25 12 36
25 12 37
25 12 38
25 12 39
25 13 0
25 13 39
25 14 0
25 14 39
25 15 0
25 15 39
25 16 0
25 16 39
25 17 0
25 17 39
25 18 0
25 18 39
25 19 0
25 19 39
25 20 0
25 20 39
25 21 0
25 21 39
25 22 0
25 22 1
25 22 2
25 22 3
25 22 4
25 22 5
25 22 6
25 22 7
25 22 8
25 22 9
25 22 10
25 22 11
25 22 12
25 22 13
25 22 14
25 22 15
25 22 16
25 22 17
25 22 18
25 22 19
25 22 20
25 22 21
25 22 22
25 22 23
25 22 24
25 22 25
25 22 26
25 22 27
25 22 28
25 22 29
25 22 30
25 22 31
25 22 32
25 22 33
25 22 34
25 22 35
25 22 36
25 22 37
25 22 38
25 22 39
25 23 0
25 23 39
25 24 0
25 24 39
25 25 0
25 25 39
25 26 0
25 26 39
25 27 0
25 27 39
25 28 0
25 28 39
25 29 0
25 29 39
25 30 0
25 30 39
25 31 0
25 31 39
25 32 0
25 32 39
25 33 0
25 33 39
25 34 0
25 34 39
25 35 0
25 35 39
25 36 0
25 36 39
25 37 0
25 37 39
25 38 0
25 38 39
25 39 0
25 39 39
25 40 0
25 40 39
25 41 0
25 41 39
25 42 0
25 42 39
25 43 0
25 43 39
25 44 0
25 44 39
25 45 0
25 45 39
25 46 0
25 46 39
25 47 0
25 47 39
25 48 0
25 48 39
25 49 0
25 49 39
25 50 0
25 50 39
25 51 0
25 51 39
25 52 0
25 52 39
25 53 0
25 53 39
25 54 0
25 54 39
25 55 0
25 55 39
25 56 0
25 56 39
25 57 0
25 57 39
25 58 0
25 58 39
25 59 0
25 59 39
25 60 0
25 60 39
25 61 0
25 61 39
25 62 0
25 62 39
25 63 0
25 63 39
25 64 0
25 64 1
25 64 2
25 64 3
25 64 4
25 64 5
25 64 6
25 64 7
25 64 8
25 64 9
25 64 10
25 64 11
25 64 12
25 64 13
25 64 14
25 64 15
25 64 16
25 64 17
25 64 18
25 64 19
25 64 20
25 64 21
25 64 22
25 64 23
25 64 24
25 64 25
25 64 26
25 64 27
25 64 28
25 64 29
25 64 30
25 64 31
25 64 32
25 64 33
25 64 34
25 64 35
25 64 36
25 64 37
25 64 38
25 64 39
25 65 0
25 65 39
25 66 0
25 66 39
25 67 0
25 67 39
25 68 0
25 68 39
25 69 0
25 69 39
25 70 0
25 70 39
25 71 0
25 71 39
25 72 0
25 72 39
25 73 0
25 73 39
25 74 0
25 74 39
25 75 0
25 75 39
25 76 0
25 76 39
25 77 0
25 77 39
25 78 0
25 78 39
25 79 0
25 79 39
25 80 0
25 80 39
25 81 0
25 81 39
25 82 0
25 82 39
25 83 0
25 83 39
25 84 0
25 84 39
25 85 0
25 85 39
25 86 0
25 86 39
25 87 0
25 87 39
25 88 0
25 88 39
25 89 0
25 89 39
25 90 0
25 90 39
25 91 0
25 91 1
25 91 2
25 91 3
25 91 4
25 91 5
25 91 6
25 91 7
25 91 8
25 91 9
25 91 10
25 91 11
25 91 12
25 91 13
25 91 14
25 91 15
25 91 16
25 91 17
25 91 18
25 91 19
25 91 20
25 91 21
25 91 22
25 91 23
25 91 24
25 91 25
25 91 26
25 91 27
25 91 28
25 91 29
25 91 30
25 91 31
25 91 32
25 91 33
25 91 34
25 91 35
25 91 36
25 91 37
25 91 38
25 91 39
25 92 0
25 92 39
25 93 0
25 93 39
25 94 0
25 94 39
25 95 0
25 95 39
25 96 0
25 96 39
25 97 0
25 97 39
25 98 0
25 98 39
25 99 0
25 99 1
25 99 2
25 99 3
25 99 4
25 99 5
25 99 6
25 99 7
25 99 8
25 99 9
25 99 10
25 99 11
25 99 12
25 99 13
25 99 14
25 99 15
25 99 16
25 99 17
25 99 18
25 99 19
25 99 20
25 99 21
25 99 22
25 99 23
25 99 24
25 99 25
25 99 26
25 99 27
25 99 28
25 99 29
25 99 30
25 99 31
25 99 32
25 99 33
25 99 34
25 99 35
25 99 36
25 99 37
25 99 38
25 99 39
26 0 0
26 0 1
26 0 2
26 0 3
26 0 4
26 0 5
26 0 6
26 0 7
26 0 8
26 0 9
26 0 10
26 0 11
26 0 12
26 0 13
26 0 14
26 0 15
26 0 16
26 0 17
26 0 18
26 0 19
26 0 20
26 0 21
26 0 22
26 0 23
26 0 24
26 0 25
26 0 26
26 0 27
26 0 28
26 0 29
26 0 30
26 0 31
26 0 32
26 0 33
26 0 34
26 0 35
26 0 36
26 0 37
26 0 38
26 0 39
26 1 0
26 1 39
26 2 0
26 2 39
26 3 0
26 3 1
26 3 2
26 3 3
26 3 4
26 3 5
26 3 6
26 3 7
26 3 8
26 3 9
26 3 10
26 3 11
26 3 12
26 3 13
26 3 14
26 3 15
26 3 16
26 3 17
26 3 18
26 3 19
26 3 20
26 3 21
26 3 22
26 3 23
26 3 24
26 3 25
26 3 26
26 3 27
26 3 28
26 3 29
26 3 30
26 3 31
26 3 32
26 3 33
26 3 34
26 3 35
26 3 36
26 3 37
26 3 38
26 3 39
26 4 0
26 4 39
26 5 0
26 5 39
26 6 0
26 6 39
26 7 0
26 7 39
26 8 0
26 8 39
26 9 0
26 9 39
26 10 0
26 10 39
26 11 0
26 11 1
26 11 2
26 11 3
26 11 4
26 11 5
26 11 6
26 11 7
26 11 8
26 11 9
26 11 10
26 11 11
26 11 12
26 11 13
26 11 14
26 11 15
26 11 16
26 11 17
26 11 18
26 11 19
26 11 20
26 11 21
26 11 22
26 11 23
26 11 24
26 11 25
26 11 26
26 11 27
26 11 28
26 11 29
26 11 30
26 11 31
26 11 32
26 11 33
26 11 34
26 11 35
26 11 36
26 11 37
26 11 38
26 11 39
26 12 0
26 12 1
26 12 2
26 12 3
26 12 4
26 12 5
26 12 6
26 12 7
26 12 8
26 12 9
26 12 10
26 12 11
26 12 12
26 12 13
26 12 14
26 12 15
26 12 16
26 12 17
26 12 18
26 12 19
26 12 20
26 12 21
26 12 22
26 12 23
26 12 24
26 12 25
26 12 26
26 12 27
26 12 28
26 12 29
26 12 30
26 12 31
26 12 32
26 12 33
26 12 34
26 12 35
26 12 36
26 12 37
26 12 38
26 12 39
26 13 0
26 13 1
26 13 2
26 13 3
26 13 4
26 13 5
26 13 6
26 13 7
26 13 8
26 13 9
26 13 10
26 13 11
26 13 12
26 13 13
26 13 14
26 13 15
26 13 16
26 13 17
26 13 18
26 13 19
26 13 20
26 13 21
26 13 22
26 13 23
26 13 24
26 13 25
26 13 26
26 13 27
26 13 28
26 13 29
26 13 30
26 13 31
26 13 32
26 13 33
26 13 34
26 13 35
26 13 36
26 13 37
26 13 38
26 13 39
26 14 0
26 14 39
26 15 0
26 15 39
26 16 0
26 16 39
26 17 0
26 17 39
26 18 0
26 18 39
26 19 0
26 19 39
26 20 0
26 20 39
26 21 0
26 21 39
26 22 0
26 22 39
26 23 0
26 23 39
26 24 0
26 24 39
26 25 0
26 25 39
26 26 0
26 26 39
26 27 0
26 27 39
26 28 0
26 28 39
26 29 0
26 29 39
26 30 0
26 30 39
26 31 0
26 31 39
26 32 0
26 32 39
26 33 0
26 33 39
26 34 0
26 34 39
26 35 0
26 35 39
26 36 0
26 36 39
26 37 0
26 37 39
26 38 0
26 38 39
26 39 0
26 39 39
26 40 0
26 40 39
26 41 0
26 41 39
26 42 0
26 42 39
26 43 0
26 43 39
26 44 0
26 44 39
26 45 0
26 45 39
26 46 0
26 46 39
26 47 0
26 47 39
26 48 0
26 48 39
26 49 0
26 49 39
26 50 0
26 50 39
26 51 0
26 51 39
26 52 0
26 52 39
26 53 0
26 53 39
26 54 0
26 54 39
26 55 0
26 55 39
26 56 0
26 56 39
26 57 0
26 57 39
26 58 0
26 58 39
26 59 0
26 59 39
26 60 0
26 60 39
26 61 0
26 61 39
26 62 0
26 62 39
26 63 0
26 63 1
26 63 2
26 63 3
26 63 4
26 63 5
26 63 6
26 63 7
26 63 8
26 63 9
26 63 10
26 63 11
26 63 12
26 63 13
26 63 14
26 63 15
26 63 16
26 63 17
26 63 18
26 63 19
26 63 20
26 63 21
26 63 22
26 63 23
26 63 24
26 63 25
26 63 26
26 63 27
26 63 28
26 63 29
26 63 30
26 63 31
26 63 32
26 63 33
26 63 34
26 63 35
26 63 36
26 63 37
26 63 38
26 63 39
26 64 0
26 64 1
26 64 2
26 64 3
26 64 4
26 64 5
26 64 6
26 64 7
26 64 8
26 64 9
26 64 10
26 64 11
26 64 12
26 64 13
26 64 14
26 64 15
26 64 16
26 64 17
26 64 18
26 64 19
26 64 20
26 64 21
26 64 22
26 64 23
26 64 24
26 64 25
26 64 26
26 64 27
26 64 28
26 64 29
26 64 30
26 64 31
26 64 32
26 64 33
26 64 34
26 64 35
26 64 36
26 64 37
26 64 38
26 64 39
26 65 0
26 65 1
26 65 2
26 65 3
26 65 4
26 65 5
26 65 6
26 65 7
26 65 8
26 65 9
26 65 10
26 65 11
26 65 12
26 65 13
26 65 14
26 65 15
26 65 16
26 65 17
26 65 18
26 65 19
26 65 20
26 65 21
26 65 22
26 65 23
26 65 24
26 65 25
26 65 26
26 65 27
26 65 28
26 65 29
26 65 30
26 65 31
26 65 32
26 65 33
26 65 34
26 65 35
26 65 36
26 65 37
26 65 38
26 65 39
26 66 0
26 66 39
26 67 0
26 67 39
26 68 0
26 68 39
26 69 0
26 69 39
26 70 0
26 70 39
26 71 0
26 71 39
26 72 0
26 72 39
26 73 0
26 73 39
26 74 0
26 74 39
26 75 0
26 75 39
26 76 0
26 76 39
26 77 0
26 77 39
26 78 0
26 78 39
26 79 0
26 79 39
26 80 0
26 80 39
26 81 0
26 81 39
26 82 0
26 82 39
26 83 0
26 83 39
26 84 0
26 84 39
26 85 0
26 85 39
26 86 0
26 86 39
26 87 0
26 87 39
26 88 0
26 88 39
26 89 0
26 89 39
26 90 0
26 90 39
26 91 0
26 91 39
26 92 0
26 92 39
26 93 0
26 93 39
26 94 0
26 94 39
26 95 0
26 95 1
26 95 2
26 95 3
26 95 4
26 95 5
26 95 6
26 95 7
26 95 8
26 95 9
26 95 10
26 95 11
26 95 12
26 95 13
26 95 14
26 95 15
26 95 16
26 95 17
26 95 18
26 95 19
26 95 20
26 95 21
26 95 22
26 95 23
26 95 24
26 95 25
26 95 26
26 95 27
26 95 28
26 95 29
26 95 30
26 95 31
26 95 32
26 95 33
26 95 34
26 95 35
26 95 36
26 95 37
26 95 38
26 95 39
26 96 0
26 96 39
26 97 0
26 97 39
26 98 0
26 98 39
26 99 0
26 99 1
26 99 2
26 99 3
26 99 4
26 99 5
26 99 6
26 99 7
26 99 8
26 99 9
26 99 10
26 99 11
26 99 12
26 99 13
26 99 14
26 99 15
26 99 16
26 99 17
26 99 18
26 99 19
26 99 20
26 99 21
26 99 22
26 99 23
26 99 24
26 99 25
26 99 26
26 99 27
26 99 28
26 99 29
26 99 30
26 99 31
26 99 32
26 99 33
26 99 34
26 99 35
26 99 36
26 99 37
26 99 38
26 99 39
27 0 0
27 0 1
27 0 2
27 0 3
27 0 4
27 0 5
27 0 6
27 0 7
27 0 8
27 0 9
27 0 10
27 0 11
27 0 12
27 0 13
27 0 14
27 0 15
27 0 16
27 0 17
27 0 18
27 0 19
27 0 20
27 0 21
27 0 22
27 0 23
27 0 24
27 0 25
27 0 26
27 0 27
27 0 28
27 0 29
27 0 30
27 0 31
27 0 32
27 0 33
27 0 34
27 0 35
27 0 36
27 0 37
27 0 38
27 0 39
27 1 0
27 1 39
27 2 0
27 2 39
27 3 0
27 3 39
27 4 0
27 4 39
27 5 0
27 5 39
27 6 0
27 6 39
27 7 0
27 7 39
27 8 0
27 8 39
27 9 0
27 9 39
27 10 0
27 10 39
27 11 0
27 11 39
27 12 0
27 12 1
27 12 2
27 12 3
27 12 4
27 12 5
27 12 6
27 12 7
27 12 8
27 12 9
27 12 10
27 12 11
27 12 12
27 12 13
27 12 14
27 12 15
27 12 16
27 12 17
27 12 18
27 12 19
27 12 20
27 12 21
27 12 22
27 12 23
27 12 24
27 12 25
27 12 26
27 12 27
27 12 28
27 12 29
27 12 30
27 12 31
27 12 32
27 12 33
27 12 34
27 12 35
27 12 36
27 12 37
27 12 38
27 12 39
27 13 0
27 13 39
27 14 0
27 14 39
27 15 0
27 15 39
27 16 0
27 16 39
27 17 0
27 17 39
27 18 0
27 18 39
27 19 0
27 19 39
27 20 0
27 20 39
27 21 0
27 21 39
27 22 0
27 22 39
27 23 0
27 23 39
27 24 0
27 24 39
27 25 0
27 25 39
27 26 0
27 26 39
27 27 0
27 27 39
27 28 0
27 28 39
27 29 0
27 29 39
27 30 0
27 30 39
27 31 0
27 31 39
27 32 0
27 32 39
27 33 0
27 33 39
27 34 0
27 34 39
27 35 0
27 35 39
27 36 0
27 36 39
27 37 0
27 37 39
27 38 0
27 38 39
27 39 0
27 39 39
27 40 0
27 40 39
27 41 0
27 41 39
27 42 0
27 42 39
27 43 0
27 43 39
27 44 0
27 44 39
27 45 0
27 45 39
27 46 0
27 46 39
27 47 0
27 47 39
27 48 0
27 48 39
27 49 0
27 49 39
27 50 0
27 50 39
27 51 0
27 51 39
27 52 0
27 52 39
27 53 0
27 53 39
27 54 0
27 54 39
27 55 0
27 55 39
27 56 0
27 56 39
27 57 0
27 57 39
27 58 0
27 58 39
27 59 0
27 59 39
27 60 0
27 60 39
27 61 0
27 61 39
27 62 0
27 62 39
27 63 0
27 63 39
27 64 0
27 64 1
27 64 2
27 64 3
27 64 4
27 64 5
27 64 6
27 64 7
27 64 8
27 64 9
27 64 10
27 64 11
27 64 12
27 64 13
27 64 14
27 64 15
27 64 16
27 64 17
27 64 18
27 64 19
27 64 20
27 64 21
27 64 22
27 64 23
27 64 24
27 64 25
27 64 26
27 64 27
27 64 28
27 64 29
27 64 30
27 64 31
27 64 32
27 64 33
27 64 34
27 64 35
27 64 36
27 64 37
27 64 38
27 64 39
27 65 0
27 65 39
27 66 0
27 66 39
27 67 0
27 67 39
27 68 0
27 68 39
27 69 0
27 69 39
27 70 0
27 70 39
27 71 0
27 71 39
27 72 0
27 72 39
27 73 0
27 73 39
27 74 0
27 74 39
27 75 0
27 75 39
27 76 0
27 76 39
27 77 0
27 77 39
27 78 0
27 78 39
27 79 0
27 79 39
27 80 0
27 80 39
27 81 0
27 81 39
27 82 0
27 82 39
27 83 0
27 83 39
27 84 0
27 84 39
27 85 0
27 85 39
27 86 0
27 86 39
27 87 0
27 87 39
27 88 0
27 88 39
27 89 0
27 89 39
27 90 0
27 90 39
27 91 0
27 91 39
27 92 0
27 92 39
27 93 0
27 93 39
27 94 0
27 94 1
27 94 2
27 94 3
27 94 4
27 94 5
27 94 6
27 94 7
27 94 8
27 94 9
27 94 10
27 94 11
27 94 12
27 94 13
27 94 14
27 94 15
27 94 16
27 94 17
27 94 18
27 94 19
27 94 20
27 94 21
27 94 22
27 94 23
27 94 24
27 94 25
27 94 26
27 94 27
27 94 28
27 94 29
27 94 30
27 94 31
27 94 32
27 94 33
27 94 34
27 94 35
27 94 36
27 94 37
27 94 38
27 94 39
27 95 0
27 95 1
27 95 2
27 95 3
27 95 4
27 95 5
27 95 6
27 95 7
27 95 8
27 95 9
27 95 10
27 95 11
27 95 12
27 95 13
27 95 14
27 95 15
27 95 16
27 95 17
27 95 18
27 95 19
27 95 20
27 95 21
27 95 22
27 95 23
27 95 24
27 95 25
27 95 26
27 95 27
27 95 28
27 95 29
27 95 30
27 95 31
27 95 32
27 95 33
27 95 34
27 95 35
27 95 36
27 95 37
27 95 38
27 95 39
27 96 0
27 96 1
27 96 2
27 96 3
27 96 4
27 96 5
27 96 6
27 96 7
27 96 8
27 96 9
27 96 10
27 96 11
27 96 12
27 96 13
27 96 14
27 96 15
27 96 16
27 96 17
27 96 18
27 96 19
27 96 20
27 96 21
27 96 22
27 96 23
27 96 24
27 96 25
27 96 26
27 96 27
27 96 28
27 96 29
27 96 30
27 96 31
27 96 32
27 96 33
27 96 34
27 96 35
27 96 36
27 96 37
27 96 38
27 96 39
27 97 0
27 97 39
27 98 0
27 98 39
27 99 0
27 99 1
27 99 2
27 99 3
27 99 4
27 99 5
27 99 6
27 99 7
27 99 8
27 99 9
27 99 10
27 99 11
27 99 12
27 99 13
27 99 14
27 99 15
27 99 16
27 99 17
27 99 18
27 99 19
27 99 20
27 99 21
27 99 22
27 99 23
27 99 24
27 99 25
27 99 26
27 99 27
27 99 28
27 99 29
27 99 30
27 99 31
27 99 32
27 99 33
27 99 34
27 99 35
27 99 36
27 99 37
27 99 38
27 99 39
28 0 0
28 0 1
28 0 2
28 0 3
28 0 4
28 0 5
28 0 6
28 0 7
28 0 8
28 0 9
28 0 10
28 0 11
28 0 12
28 0 13
28 0 14
28 0 15
28 0 16
28 0 17
28 0 18
28 0 19
28 0 20
28 0 21
28 0 22
28 0 23
28 0 24
28 0 25
28 0 26
28 0 27
28 0 28
28 0 29
28 0 30
28 0 31
28 0 32
28 0 33
28 0 34
28 0 35
28 0 36
28 0 37
28 0 38
28 0 39
28 1 0
28 1 39
28 2 0
28 2 39
28 3 0
28 3 39
28 4 0
28 4 39
28 5 0
28 5 39
28 6 0
28 6 39
28 7 0
28 7 39
28 8 0
28 8 39
28 9 0
28 9 39
28 10 0
28 10 39
28 11 0
28 11 39
28 12 0
28 12 39
28 13 0
28 13 39
28 14 0
28 14 39
28 15 0
28 15 39
28 16 0
28 16 39
28 17 0
28 17 39
28 18 0
28 18 39
28 19 0
28 19 39
28 20 0
28 20 39
28 21 0
28 21 39
28 22 0
28 22 39
28 23 0
28 23 39
28 24 0
28 24 39
28 25 0
28 25 39
28 26 0
28 26 39
28 27 0
28 27 39
28 28 0
28 28 39
28 29 0
28 29 39
28 30 0
28 30 39
28 31 0
28 31 39
28 32 0
28 32 39
28 33 0
28 33 39
28 34 0
28 34 39
28 35 0
28 35 39
28 36 0
28 36 39
28 37 0
28 37 39
28 38 0
28 38 39
28 39 0
28 39 39
28 40 0
28 40 39
28 41 0
28 41 39
28 42 0
28 42 39
28 43 0
28 43 39
28 44 0
28 44 39
28 45 0
28 45 39
28 46 0
28 46 39
28 47 0
28 47 39
28 48 0
28 48 39
28 49 0
28 49 39
28 50 0
28 50 39
28 51 0
28 51 39
28 52 0
28 52 39
28 53 0
28 53 39
28 54 0
28 54 39
28 55 0
28 55 39
28 56 0
28 56 39
28 57 0
28 57 39
28 58 0
28 58 39
28 59 0
28 59 39
28 60 0
28 60 39
28 61 0
28 61 39
28 62 0
28 62 39
28 63 0
28 63 39
28 64 0
28 64 39
28 65 0
28 65 39
28 66 0
28 66 39
28 67 0
28 67 39
28 68 0
28 68 1
28 68 2
28 68 3
28 68 4
28 68 5
28 68 6
28 68 7
28 68 8
28 68 9
28 68 10
28 68 11
28 68 12
28 68 13
28 68 14
28 68 15
28 68 16
28 68 17
28 68 18
28 68 19
28 68 20
28 68 21
28 68 22
28 68 23
28 68 24
28 68 25
28 68 26
28 68 27
28 68 28
28 68 29
28 68 30
28 68 31
28 68 32
28 68 33
28 68 34
28 68 35
28 68 36
28 68 37
28 68 38
28 68 39
28 69 0
28 69 39
28 70 0
28 70 39
28 71 0
28 71 39
28 72 0
28 72 39
28 73 0
28 73 39
28 74 0
28 74 39
28 75 0
28 75 39
28 76 0
28 76 39
28 77 0
28 77 39
28 78 0
28 78 39
28 79 0
28 79 39
28 80 0
28 80 39
28 81 0
28 81 39
28 82 0
28 82 39
28 83 0
28 83 39
28 84 0
28 84 39
28 85 0
28 85 39
28 86 0
28 86 39
28 87 0
28 87 39
28 88 0
28 88 39
28 89 0
28 89 39
28 90 0
28 90 39
28 91 0
28 91 39
28 92 0
28 92 39
28 93 0
28 93 39
28 94 0
28 94 39
28 95 0
28 95 1
28 95 2
28 95 3
28 95 4
28 95 5
28 95 6
28 95 7
28 95 8
28 95 9
28 95 10
28 95 11
28 95 12
28 95 13
28 95 14
28 95 15
28 95 16
28 95 17
28 95 18
28 95 19
28 95 20
28 95 21
28 95 22
28 95 23
28 95 24
28 95 25
28 95 26
28 95 27
28 95 28
28 95 29
28 95 30
28 95 31
28 95 32
28 95 33
28 95 34
28 95 35
28 95 36
28 95 37
28 95 38
28 95 39
28 96 0
28 96 39
28 97 0
28 97 39
28 98 0
28 98 39
28 99 0
28 99 1
28 99 2
28 99 3
28 99 4
28 99 5
28 99 6
28 99 7
28 99 8
28 99 9
28 99 10
28 99 11
28 99 12
28 99 13
28 99 14
28 99 15
28 99 16
28 99 17
28 99 18
28 99 19
28 99 20
28 99 21
28 99 22
28 99 23
28 99 24
28 99 25
28 99 26
28 99 27
28 99 28
28 99 29
28 99 30
28 99 31
28 99 32
28 99 33
28 99 34
28 99 35
28 99 36
28 99 37
28 99 38
28 99 39
29 0 0
29 0 1
29 0 2
29 0 3
29 0 4
29 0 5
29 0 6
29 0 7
29 0 8
29 0 9
29 0 10
29 0 11
29 0 12
29 0 13
29 0 14
29 0 15
29 0 16
29 0 17
29 0 18
29 0 19
29 0 20
29 0 21
29 0 22
29 0 23
29 0 24
29 0 25
29 0 26
29 0 27
29 0 28
29 0 29
29 0 30
29 0 31
29 0 32
29 0 33
29 0 34
29 0 35
29 0 36
29 0 37
29 0 38
29 0 39
29 1 0
29 1 39
29 2 0
29 2 39
29 3 0
29 3 39
29 4 0
29 4 39
29 5 0
29 5 39
29 6 0
29 6 39
29 7 0
29 7 39
29 8 0
29 8 39
29 9 0
29 9 39
29 10 0
29 10 39
29 11 0
29 11 39
29 12 0
29 12 39
29 13 0
29 13 39
29 14 0
29 14 39
29 15 0
29 15 39
29 16 0
29 16 39
29 17 0
29 17 39
29 18 0
29 18 39
29 19 0
29 19 39
29 20 0
29 20 39
29 21 0
29 21 1
29 21 2
29 21 3
29 21 4
29 21 5
29 21 6
29 21 7
29 21 8
29 21 9
29 21 10
29 21 11
29 21 12
29 21 13
29 21 14
29 21 15
29 21 16
29 21 17
29 21 18
29 21 19
29 21 20
29 21 21
29 21 22
29 21 23
29 21 24
29 21 25
29 21 26
29 21 27
29 21 28
29 21 29
29 21 30
29 21 31
29 21 32
29 21 33
29 21 34
29 21 35
29 21 36
29 21 37
29 21 38
29 21 39
29 22 0
29 22 39
29 23 0
29 23 39
29 24 0
29 24 39
29 25 0
29 25 39
29 26 0
29 26 39
29 27 0
29 27 39
29 28 0
29 28 39
29 29 0
29 29 39
29 30 0
29 30 39
29 31 0
29 31 39
29 32 0
29 32 39
29 33 0
29 33 39
29 34 0
29 34 39
29 35 0
29 35 39
29 36 0
29 36 39
29 37 0
29 37 39
29 38 0
29 38 39
29 39 0
29 39 39
29 40 0
29 40 39
29 41 0
29 41 39
29 42 0
29 42 39
29 43 0
29 43 39
29 44 0
29 44 39
29 45 0
29 45 39
29 46 0
29 46 39
29 47 0
29 47 39
29 48 0
29 48 39
29 49 0
29 49 39
29 50 0
29 50 39
29 51 0
29 51 39
29 52 0
29 52 39
29 53 0
29 53 39
29 54 0
29 54 39
29 55 0
29 55 39
29 56 0
29 56 39
29 57 0
29 57 39
29 58 0
29 58 1
29 58 2
29 58 3
29 58 4
29 58 5
29 58 6
29 58 7
29 58 8
29 58 9
29 58 10
29 58 11
29 58 12
29 58 13
29 58 14
29 58 15
29 58 16
29 58 17
29 58 18
29 58 19
29 58 20
29 58 21
29 58 22
29 58 23
29 58 24
29 58 25
29 58 26
29 58 27
29 58 28
29 58 29
29 58 30
29 58 31
29 58 32
29 58 33
29 58 34
29 58 35
29 58 36
29 58 37
29 58 38
29 58 39
29 59 0
29 59 39
29 60 0
29 60 39
29 61 0
29 61 39
29 62 0
29 62 39
29 63 0
29 63 39
29 64 0
29 64 39
29 65 0
29 65 39
29 66 0
29 66 39
29 67 0
29 67 1
29 67 2
29 67 3
29 67 4
29 67 5
29 67 6
29 67 7
29 67 8
29 67 9
29 67 10
29 67 11
29 67 12
29 67 13
29 67 14
29 67 15
29 67 16
29 67 17
29 67 18
29 67 19
29 67 20
29 67 21
29 67 22
29 67 23
29 67 24
29 67 25
29 67 26
29 67 27
29 67 28
29 67 29
29 67 30
29 67 31
29 67 32
29 67 33
29 67 34
29 67 35
29 67 36
29 67 37
29 67 38
29 67 39
29 68 0
29 68 1
29 68 2
29 68 3
29 68 4
29 68 5
29 68 6
29 68 7
29 68 8
29 68 9
29 68 10
29 68 11
29 68 12
29 68 13
29 68 14
29 68 15
29 68 16
29 68 17
29 68 18
29 68 19
29 68 20
29 68 21
29 68 22
29 68 23
29 68 24
29 68 25
29 68 26
29 68 27
29 68 28
29 68 29
29 68 30
29 68 31
29 68 32
29 68 33
29 68 34
29 68 35
29 68 36
29 68 37
29 68 38
29 68 39
29 69 0
29 69 1
29 69 2
29 69 3
29 69 4
29 69 5
29 69 6
29 69 7
29 69 8
29 69 9
29 69 10
29 69 11
29 69 12
29 69 13
29 69 14
29 69 15
29 69 16
29 69 17
29 69 18
29 69 19
29 69 20
29 69 21
29 69 22
29 69 23
29 69 24
29 69 25
29 69 26
29 69 27
29 69 28
29 69 29
29 69 30
29 69 31
29 69 32
29 69 33
29 69 34
29 69 35
29 69 36
29 69 37
29 69 38
29 69 39
29 70 0
29 70 39
29 71 0
29 71 39
29 72 0
29 72 39
29 73 0
29 73 39
29 74 0
29 74 39
29 75 0
29 75 39
29 76 0
29 76 39
29 77 0
29 77 39
29 78 0
29 78 39
29 79 0
29 79 39
29 80 0
29 80 39
29 81 0
29 81 39
29 82 0
29 82 39
29 83 0
29 83 39
29 84 0
29 84 39
29 85 0
29 85 39
29 86 0
29 86 39
29 87 0
29 87 39
29 88 0
29 88 39
29 89 0
29 89 39
29 90 0
29 90 39
29 91 0
29 91 39
29 92 0
29 92 39
29 93 0
29 93 39
29 94 0
29 94 39
29 95 0
29 95 39
29 96 0
29 96 39
29 97 0
29 97 39
29 98 0
29 98 39
29 99 0
29 99 1
29 99 2
29 99 3
29 99 4
29 99 5
29 99 6
29 99 7
29 99 8
29 99 9
29 99 10
29 99 11
29 99 12
29 99 13
29 99 14
29 99 15
29 99 16
29 99 17
29 99 18
29 99 19
29 99 20
29 99 21
29 99 22
29 99 23
29 99 24
29 99 25
29 99 26
29 99 27
29 99 28
29 99 29
29 99 30
29 99 31
29 99 32
29 99 33
29 99 34
29 99 35
29 99 36
29 99 37
29 99 38
29 99 39
30 0 0
30 0 1
30 0 2
30 0 3
30 0 4
30 0 5
30 0 6
30 0 7
30 0 8
30 0 9
30 0 10
30 0 11
30 0 12
30 0 13
30 0 14
30 0 15
30 0 16
30 0 17
30 0 18
30 0 19
30 0 20
30 0 21
30 0 22
30 0 23
30 0 24
30 0 25
30 0 26
30 0 27
30 0 28
30 0 29
30 0 30
30 0 31
30 0 32
30 0 33
30 0 34
30 0 35
30 0 36
30 0 37
30 0 38
30 0 39
30 1 0
30 1 39
30 2 0
30 2 39
30 3 0
30 3 39
30 4 0
30 4 39
30 5 0
30 5 39
30 6 0
30 6 39
30 7 0
30 7 39
30 8 0
30 8 39
30 9 0
30 9 39
30 10 0
30 10 39
30 11 0
30 11 39
30 12 0
30 12 39
30 13 0
30 13 39
30 14 0
30 14 39
30 15 0
30 15 39
30 16 0
30 16 39
30 17 0
30 17 39
30 18 0
30 18 39
30 19 0
30 19 39
30 20 0
30 20 1
30 20 2
30 20 3
30 20 4
30 20 5
30 20 6
30 20 7
30 20 8
30 20 9
30 20 10
30 20 11
30 20 12
30 20 13
30 20 14
30 20 15
30 20 16
30 20 17
30 20 18
30 20 19
30 20 20
30 20 21
30 20 22
30 20 23
30 20 24
30 20 25
30 20 26
30 20 27
30 20 28
30 20 29
30 20 30
30 20 31
30 20 32
30 20 33
30 20 34
30 20 35
30 20 36
30 20 37
30 20 38
30 20 39
30 21 0
30 21 1
30 21 2
30 21 3
30 21 4
30 21 5
30 21 6
30 21 7
30 21 8
30 21 9
30 21 10
30 21 11
30 21 12
30 21 13
30 21 14
30 21 15
30 21 16
30 21 17
30 21 18
30 21 19
30 21 20
30 21 21
30 21 22
30 21 23
30 21 24
30 21 25
30 21 26
30 21 27
30 21 28
30 21 29
30 21 30
30 21 31
30 21 32
30 21 33
30 21 34
30 21 35
30 21 36
30 21 37
30 21 38
30 21 39
30 22 0
30 22 1
30 22 2
30 22 3
30 22 4
30 22 5
30 22 6
30 22 7
30 22 8
30 22 9
30 22 10
30 22 11
30 22 12
30 22 13
30 22 14
30 22 15
30 22 16
30 22 17
30 22 18
30 22 19
30 22 20
30 22 21
30 22 22
30 22 23
30 22 24
30 22 25
30 22 26
30 22 27
30 22 28
30 22 29
30 22 30
30 22 31
30 22 32
30 22 33
30 22 34
30 22 35
30 22 36
30 22 37
30 22 38
30 22 39
30 23 0
30 23 39
30 24 0
30 24 39
30 25 0
30 25 39
30 26 0
30 26 39
30 27 0
30 27 39
30 28 0
30 28 39
30 29 0
30 29 39
30 30 0
30 30 39
30 31 0
30 31 39
30 32 0
30 32 39
30 33 0
30 33 39
30 34 0
30 34 39
30 35 0
30 35 39
30 36 0
30 36 39
30 37 0
30 37 39
30 38 0
30 38 39
30 39 0
30 39 39
30 40 0
30 40 39
30 41 0
30 41 39
30 42 0
30 42 39
30 43 0
30 43 39
30 44 0
30 44 39
30 45 0
30 45 39
30 46 0
30 46 39
30 47 0
30 47 39
30 48 0
30 48 39
30 49 0
30 49 39
30 50 0
30 50 39
30 51 0
30 51 39
30 52 0
30 52 39
30 53 0
30 53 39
30 54 0
30 54 39
30 55 0
30 55 39
30 56 0
30 56 39
30 57 0
30 57 1
30 57 2
30 57 3
30 57 4
30 57 5
30 57 6
30 57 7
30 57 8
30 57 9
30 57 10
30 57 11
30 57 12
30 57 13
30 57 14
30 57 15
30 57 16
30 57 17
30 57 18
30 57 19
30 57 20
30 57 21
30 57 22
30 57 23
30 57 24
30 57 25
30 57 26
30 57 27
30 57 28
30 57 29
30 57 30
30 57 31
30 57 32
30 57 33
30 57 34
30 57 35
30 57 36
30 57 37
30 57 38
30 57 39
30 58 0
30 58 1
30 58 2
30 58 3
30 58 4
30 58 5
30 58 6
30 58 7
30 58 8
30 58 9
30 58 10
30 58 11
30 58 12
30 58 13
30 58 14
30 58 15
30 58 16
30 58 17
30 58 18
30 58 19
30 58 20
30 58 21
30 58 22
30 58 23
30 58 24
30 58 25
30 58 26
30 58 27
30 58 28
30 58 29
30 58 30
30 58 31
30 58 32
30 58 33
30 58 34
30 58 35
30 58 36
30 58 37
30 58 38
30 58 39
30 59 0
30 59 1
30 59 2
30 59 3
30 59 4
30 59 5
30 59 6
30 59 7
30 59 8
30 59 9
30 59 10
30 59 11
30 59 12
30 59 13
30 59 14
30 59 15
30 59 16
30 59 17
30 59 18
30 59 19
30 59 20
30 59 21
30 59 22
30 59 23
30 59 24
30 59 25
30 59 26
30 59 27
30 59 28
30 59 29
30 59 30
30 59 31
30 59 32
30 59 33
30 59 34
30 59 35
30 59 36
30 59 37
30 59 38
30 59 39
30 60 0
30 60 1
30 60 2
30 60 3
30 60 4
30 60 5
30 60 6
30 60 7
30 60 8
30 60 9
30 60 10
30 60 11
30 60 12
30 60 13
30 60 14
30 60 15
30 60 16
30 60 17
30 60 18
30 60 19
30 60 20
30 60 21
30 60 22
30 60 23
30 60 24
30 60 25
30 60 26
30 60 27
30 60 28
30 60 29
30 60 30
30 60 31
30 60 32
30 60 33
30 60 34
30 60 35
30 60 36
30 60 37
30 60 38
30 60 39
30 61 0
30 61 39
30 62 0
30 62 39
30 63 0
30 63 39
30 64 0
30 64 39
30 65 0
30 65 39
30 66 0
30 66 39
30 67 0
30 67 39
30 68 0
30 68 1
30 68 2
30 68 3
30 68 4
30 68 5
30 68 6
30 68 7
30 68 8
30 68 9
30 68 10
30 68 11
30 68 12
30 68 13
30 68 14
30 68 15
30 68 16
30 68 17
30 68 18
30 68 19
30 68 20
30 68 21
30 68 22
30 68 23
30 68 24
30 68 25
30 68 26
30 68 27
30 68 28
30 68 29
30 68 30
30 68 31
30 68 32
30 68 33
30 68 34
30 68 35
30 68 36
30 68 37
30 68 38
30 68 39
30 69 0
30 69 39
30 70 0
30 70 39
30 71 0
30 71 39
30 72 0
30 72 39
30 73 0
30 73 39
30 74 0
30 74 39
30 75 0
30 75 39
30 76 0
30 76 39
30 77 0
30 77 39
30 78 0
30 78 39
30 79 0
30 79 39
30 80 0
30 80 39
30 81 0
30 81 39
30 82 0
30 82 39
30 83 0
30 83 39
30 84 0
30 84 39
30 85 0
30 85 39
30 86 0
30 86 39
30 87 0
30 87 39
30 88 0
30 88 39
30 89 0
30 89 39
30 90 0
30 90 39
30 91 0
30 91 39
30 92 0
30 92 39
30 93 0
30 93 39
30 94 0
30 94 39
30 95 0
30 95 39
30 96 0
30 96 39
30 97 0
30 97 39
30 98 0
30 98 39
30 99 0
30 99 1
30 99 2
30 99 3
30 99 4
30 99 5
30 99 6
30 99 7
30 99 8
30 99 9
30 99 10
30 99 11
30 99 12
30 99 13
30 99 14
30 99 15
30 99 16
30 99 17
30 99 18
30 99 19
30 99 20
30 99 21
30 99 22
30 99 23
30 99 24
30 99 25
30 99 26
30 99 27
30 99 28
30 99 29
30 99 30
30 99 31
30 99 32
30 99 33
30 99 34
30 99 35
30 99 36
30 99 37
30 99 38
30 99 39
31 0 0
31 0 1
31 0 2
31 0 3
31 0 4
31 0 5
31 0 6
31 0 7
31 0 8
31 0 9
31 0 10
31 0 11
31 0 12
31 0 13
31 0 14
31 0 15
31 0 16
31 0 17
31 0 18
31 0 19
31 0 20
31 0 21
31 0 22
31 0 23
31 0 24
31 0 25
31 0 26
31 0 27
31 0 28
31 0 29
31 0 30
31 0 31
31 0 32
31 0 33
31 0 34
31 0 35
31 0 36
31 0 37
31 0 38
31 0 39
31 1 0
31 1 39
31 2 0
31 2 39
31 3 0
31 3 39
31 4 0
31 4 39
31 5 0
31 5 39
31 6 0
31 6 39
31 7 0
31 7 39
31 8 0
31 8 39
31 9 0
31 9 39
31 10 0
31 10 39
31 11 0
31 11 39
31 12 0
31 12 39
31 13 0
31 13 39
31 14 0
31 14 39
31 15 0
31 15 39
31 16 0
31 16 39
31 17 0
31 17 39
31 18 0
31 18 39
31 19 0
31 19 39
31 20 0
31 20 39
31 21 0
31 21 1
31 21 2
31 21 3
31 21 4
31 21 5
31 21 6
31 21 7
31 21 8
31 21 9
31 21 10
31 21 11
31 21 12
31 21 13
31 21 14
31 21 15
31 21 16
31 21 17
31 21 18
31 21 19
31 21 20
31 21 21
31 21 22
31 21 23
31 21 24
31 21 25
31 21 26
31 21 27
31 21 28
31 21 29
31 21 30
31 21 31
31 21 32
31 21 33
31 21 34
31 21 35
31 21 36
31 21 37
31 21 38
31 21 39
31 22 0
31 22 39
31 23 0
31 23 39
31 24 0
31 24 39
31 25 0
31 25 39
31 26 0
31 26 39
31 27 0
31 27 39
31 28 0
31 28 39
31 29 0
31 29 39
31 30 0
31 30 39
31 31 0
31 31 39
31 32 0
31 32 39
31 33 0
31 33 39
31 34 0
31 34 39
31 35 0
31 35 39
31 36 0
31 36 39
31 37 0
31 37 39
31 38 0
31 38 39
31 39 0
31 39 39
31 40 0
31 40 39
31 41 0
31 41 39
31 42 0
31 42 39
31 43 0
31 43 39
31 44 0
31 44 39
31 45 0
31 45 39
31 46 0
31 46 39
31 47 0
31 47 39
31 48 0
31 48 39
31 49 0
31 49 39
31 50 0
31 50 39
31 51 0
31 51 39
31 52 0
31 52 39
31 53 0
31 53 39
31 54 0
31 54 39
31 55 0
31 55 39
31 56 0
31 56 39
31 57 0
31 57 39
31 58 0
31 58 1
31 58 2
31 58 3
31 58 4
31 58 5
31 58 6
31 58 7
31 58 8
31 58 9
31 58 10
31 58 11
31 58 12
31 58 13
31 58 14
31 58 15
31 58 16
31 58 17
31 58 18
31 58 19
31 58 20
31 58 21
31 58 22
31 58 23
31 58 24
31 58 25
31 58 26
31 58 27
31 58 28
31 58 29
31 58 30
31 58 31
31 58 32
31 58 33
31 58 34
31 58 35
31 58 36
31 58 37
31 58 38
31 58 39
31 59 0
31 59 1
31 59 2
31 59 3
31 59 4
31 59 5
31 59 6
31 59 7
31 59 8
31 59 9
31 59 10
31 59 11
31 59 12
31 59 13
31 59 14
31 59 15
31 59 16
31 59 17
31 59 18
31 59 19
31 59 20
31 59 21
31 59 22
31 59 23
31 59 24
31 59 25
31 59 26
31 59 27
31 59 28
31 59 29
31 59 30
31 59 31
31 59 32
31 59 33
31 59 34
31 59 35
31 59 36
31 59 37
31 59 38
31 59 39
31 60 0
31 60 1
31 60 2
31 60 3
31 60 4
31 60 5
31 60 6
31 60 7
31 60 8
31 60 9
31 60 10
31 60 11
31 60 12
31 60 13
31 60 14
31 60 15
31 60 16
31 60 17
31 60 18
31 60 19
31 60 20
31 60 21
31 60 22
31 60 23
31 60 24
31 60 25
31 60 26
31 60 27
31 60 28
31 60 29
31 60 30
31 60 31
31 60 32
31 60 33
31 60 34
31 60 35
31 60 36
31 60 37
31 60 38
31 60 39
31 61 0
31 61 1
31 61 2
31 61 3
31 61 4
31 61 5
31 61 6
31 61 7
31 61 8
31 61 9
31 61 10
31 61 11
31 61 12
31 61 13
31 61 14
31 61 15
31 61 16
31 61 17
31 61 18
31 61 19
31 61 20
31 61 21
31 61 22
31 61 23
31 61 24
31 61 25
31 61 26
31 61 27
31 61 28
31 61 29
31 61 30
31 61 31
31 61 32
31 61 33
31 61 34
31 61 35
31 61 36
31 61 37
31 61 38
31 61 39
31 62 0
31 62 39
31 63 0
31 63 39
31 64 0
31 64 39
31 65 0
31 65 39
31 66 0
31 66 39
31 67 0
31 67 39
31 68 0
31 68 39
31 69 0
31 69 39
31 70 0
31 70 39
31 71 0
31 71 39
31 72 0
31 72 39
31 73 0
31 73 39
31 74 0
31 74 39
31 75 0
31 75 39
31 76 0
31 76 39
31 77 0
31 77 39
31 78 0
31 78 39
31 79 0
31 79 39
31 80 0
31 80 39
31 81 0
31 81 39
31 82 0
31 82 39
31 83 0
31 83 39
31 84 0
31 84 39
31 85 0
31 85 39
31 86 0
31 86 39
31 87 0
31 87 39
31 88 0
31 88 39
31 89 0
31 89 39
31 90 0
31 90 39
31 91 0
31 91 39
31 92 0
31 92 39
31 93 0
31 93 39
31 94 0
31 94 39
31 95 0
31 95 39
31 96 0
31 96 39
31 97 0
31 97 39
31 98 0
31 98 39
31 99 0
31 99 1
31 99 2
31 99 3
31 99 4
31 99 5
31 99 6
31 99 7
31 99 8
31 99 9
31 99 10
31 99 11
31 99 12
31 99 13
31 99 14
31 99 15
31 99 16
31 99 17
31 99 18
31 99 19
31 99 20
31 99 21
31 99 22
31 99 23
31 99 24
31 99 25
31 99 26
31 99 27
31 99 28
31 99 29
31 99 30
31 99 31
31 99 32
31 99 33
31 99 34
31 99 35
31 99 36
31 99 37
31 99 38
31 99 39
32 0 0
32 0 1
32 0 2
32 0 3
32 0 4
32 0 5
32 0 6
32 0 7
32 0 8
32 0 9
32 0 10
32 0 11
32 0 12
32 0 13
32 0 14
32 0 15
32 0 16
32 0 17
32 0 18
32 0 19
32 0 20
32 0 21
32 0 22
32 0 23
32 0 24
32 0 25
32 0 26
32 0 27
32 0 28
32 0 29
32 0 30
32 0 31
32 0 32
32 0 33
32 0 34
32 0 35
32 0 36
32 0 37
32 0 38
32 0 39
32 1 0
32 1 39
32 2 0
32 2 39
32 3 0
32 3 39
32 4 0
32 4 39
32 5 0
32 5 39
32 6 0
32 6 39
32 7 0
32 7 39
32 8 0
32 8 39
32 9 0
32 9 39
32 10 0
32 10 39
32 11 0
32 11 39
32 12 0
32 12 39
32 13 0
32 13 39
32 14 0
32 14 39
32 15 0
32 15 39
32 16 0
32 16 39
32 17 0
32 17 39
32 18 0
32 18 39
32 19 0
32 19 39
32 20 0
32 20 39
32 21 0
32 21 39
32 22 0
32 22 1
32 22 2
32 22 3
32 22 4
32 22 5
32 22 6
32 22 7
32 22 8
32 22 9
32 22 10
32 22 11
32 22 12
32 22 13
32 22 14
32 22 15
32 22 16
32 22 17
32 22 18
32 22 19
32 22 20
32 22 21
32 22 22
32 22 23
32 22 24
32 22 25
32 22 26
32 22 27
32 22 28
32 22 29
32 22 30
32 22 31
32 22 32
32 22 33
32 22 34
32 22 35
32 22 36
32 22 37
32 22 38
32 22 39
32 23 0
32 23 39
32 24 0
32 24 39
32 25 0
32 25 39
32 26 0
32 26 39
32 27 0
32 27 39
32 28 0
32 28 39
32 29 0
32 29 39
32 30 0
32 30 39
32 31 0
32 31 39
32 32 0
32 32 39
32 33 0
32 33 39
32 34 0
32 34 39
32 35 0
32 35 39
32 36 0
32 36 39
32 37 0
32 37 39
32 38 0
32 38 39
32 39 0
32 39 39
32 40 0
32 40 39
32 41 0
32 41 39
32 42 0
32 42 39
32 43 0
32 43 39
32 44 0
32 44 39
32 45 0
32 45 39
32 46 0
32 46 39
32 47 0
32 47 39
32 48 0
32 48 39
32 49 0
32 49 39
32 50 0
32 50 39
32 51 0
32 51 39
32 52 0
32 52 39
32 53 0
32 53 39
32 54 0
32 54 39
32 55 0
32 55 39
32 56 0
32 56 39
32 57 0
32 57 39
32 58 0
32 58 39
32 59 0
32 59 39
32 60 0
32 60 1
32 60 2
32 60 3
32 60 4
32 60 5
32 60 6
32 60 7
32 60 8
32 60 9
32 60 10
32 60 11
32 60 12
32 60 13
32 60 14
32 60 15
32 60 16
32 60 17
32 60 18
32 60 19
32 60 20
32 60 21
32 60 22
32 60 23
32 60 24
32 60 25
32 60 26
32 60 27
32 60 28
32 60 29
32 60 30
32 60 31
32 60 32
32 60 33
32 60 34
32 60 35
32 60 36
32 60 37
32 60 38
32 60 39
32 61 0
32 61 39
32 62 0
32 62 39
32 63 0
32 63 39
32 64 0
32 64 39
32 65 0
32 65 39
32 66 0
32 66 39
32 67 0
32 67 39
32 68 0
32 68 39
32 69 0
32 69 39
32 70 0
32 70 39
32 71 0
32 71 39
32 72 0
32 72 39
32 73 0
32 73 39
32 74 0
32 74 39
32 75 0
32 75 39
32 76 0
32 76 39
32 77 0
32 77 39
32 78 0
32 78 39
32 79 0
32 79 39
32 80 0
32 80 39
32 81 0
32 81 39
32 82 0
32 82 39
32 83 0
32 83 39
32 84 0
32 84 39
32 85 0
32 85 39
32 86 0
32 86 39
32 87 0
32 87 39
32 88 0
32 88 39
32 89 0
32 89 39
32 90 0
32 90 39
32 91 0
32 91 39
32 92 0
32 92 39
32 93 0
32 93 39
32 94 0
32 94 39
32 95 0
32 95 39
32 96 0
32 96 39
32 97 0
32 97 39
32 98 0
32 98 39
32 99 0
32 99 1
32 99 2
32 99 3
32 99 4
32 99 5
32 99 6
32 99 7
32 99 8
32 99 9
32 99 10
32 99 11
32 99 12
32 99 13
32 99 14
32 99 15
32 99 16
32 99 17
32 99 18
32 99 19
32 99 20
32 99 21
32 99 22
32 99 23
32 99 24
32 99 25
32 99 26
32 99 27
32 99 28
32 99 29
32 99 30
32 99 31
32 99 32
32 99 33
32 99 34
32 99 35
32 99 36
32 99 37
32 99 38
32 99 39
33 0 0
33 0 1
33 0 2
33 0 3
33 0 4
33 0 5
33 0 6
33 0 7
33 0 8
33 0 9
33 0 10
33 0 11
33 0 12
33 0 13
33 0 14
33 0 15
33 0 16
33 0 17
33 0 18
33 0 19
33 0 20
33 0 21
33 0 22
33 0 23
33 0 24
33 0 25
33 0 26
33 0 27
33 0 28
33 0 29
33 0 30
33 0 31
33 0 32
33 0 33
33 0 34
33 0 35
33 0 36
33 0 37
33 0 38
33 0 39
33 1 0
33 1 39
33 2 0
33 2 39
33 3 0
33 3 39
33 4 0
33 4 39
33 5 0
33 5 39
33 6 0
33 6 39
33 7 0
33 7 39
33 8 0
33 8 39
33 9 0
33 9 39
33 10 0
33 10 39
33 11 0
33 11 39
33 12 0
33 12 39
33 13 0
33 13 39
33 14 0
33 14 39
33 15 0
33 15 39
33 16 0
33 16 39
33 17 0
33 17 39
33 18 0
33 18 1
33 18 2
33 18 3
33 18 4
33 18 5
33 18 6
33 18 7
33 18 8
33 18 9
33 18 10
33 18 11
33 18 12
33 18 13
33 18 14
33 18 15
33 18 16
33 18 17
33 18 18
33 18 19
33 18 20
33 18 21
33 18 22
33 18 23
33 18 24
33 18 25
33 18 26
33 18 27
33 18 28
33 18 29
33 18 30
33 18 31
33 18 32
33 18 33
33 18 34
33 18 35
33 18 36
33 18 37
33 18 38
33 18 39
33 19 0
33 19 39
33 20 0
33 20 39
33 21 0
33 21 1
33 21 2
33 21 3
33 21 4
33 21 5
33 21 6
33 21 7
33 21 8
33 21 9
33 21 10
33 21 11
33 21 12
33 21 13
33 21 14
33 21 15
33 21 16
33 21 17
33 21 18
33 21 19
33 21 20
33 21 21
33 21 22
33 21 23
33 21 24
33 21 25
33 21 26
33 21 27
33 21 28
33 21 29
33 21 30
33 21 31
33 21 32
33 21 33
33 21 34
33 21 35
33 21 36
33 21 37
33 21 38
33 21 39
33 22 0
33 22 1
33 22 2
33 22 3
33 22 4
33 22 5
33 22 6
33 22 7
33 22 8
33 22 9
33 22 10
33 22 11
33 22 12
33 22 13
33 22 14
33 22 15
33 22 16
33 22 17
33 22 18
33 22 19
33 22 20
33 22 21
33 22 22
33 22 23
33 22 24
33 22 25
33 22 26
33 22 27
33 22 28
33 22 29
33 22 30
33 22 31
33 22 32
33 22 33
33 22 34
33 22 35
33 22 36
33 22 37
33 22 38
33 22 39
33 23 0
33 23 1
33 23 2
33 23 3
33 23 4
33 23 5
33 23 6
33 23 7
33 23 8
33 23 9
33 23 10
33 23 11
33 23 12
33 23 13
33 23 14
33 23 15
33 23 16
33 23 17
33 23 18
33 23 19
33 23 20
33 23 21
33 23 22
33 23 23
33 23 24
33 23 25
33 23 26
33 23 27
33 23 28
33 23 29
33 23 30
33 23 31
33 23 32
33 23 33
33 23 34
33 23 35
33 23 36
33 23 37
33 23 38
33 23 39
33 24 0
33 24 39
33 25 0
33 25 39
33 26 0
33 26 39
33 27 0
33 27 39
33 28 0
33 28 39
33 29 0
33 29 39
33 30 0
33 30 39
33 31 0
33 31 39
33 32 0
33 32 39
33 33 0
33 33 39
33 34 0
33 34 39
33 35 0
33 35 39
33 36 0
33 36 39
33 37 0
33 37 1
33 37 2
33 37 3
33 37 4
33 37 5
33 37 6
33 37 7
33 37 8
33 37 9
33 37 10
33 37 11
33 37 12
33 37 13
33 37 14
33 37 15
33 37 16
33 37 17
33 37 18
33 37 19
33 37 20
33 37 21
33 37 22
33 37 23
33 37 24
33 37 25
33 37 26
33 37 27
33 37 28
33 37 29
33 37 30
33 37 31
33 37 32
33 37 33
33 37 34
33 37 35
33 37 36
33 37 37
33 37 38
33 37 39
33 38 0
33 38 39
33 39 0
33 39 39
33 40 0
33 40 39
33 41 0
33 41 39
33 42 0
33 42 39
33 43 0
33 43 39
33 44 0
33 44 39
33 45 0
33 45 39
33 46 0
33 46 39
33 47 0
33 47 39
33 48 0
33 48 39
33 49 0
33 49 39
33 50 0
33 50 39
33 51 0
33 51 39
33 52 0
33 52 39
33 53 0
33 53 39
33 54 0
33 54 39
33 55 0
33 55 39
33 56 0
33 56 39
33 57 0
33 57 39
33 58 0
33 58 39
33 59 0
33 59 39
33 60 0
33 60 39
33 61 0
33 61 39
33 62 0
33 62 39
33 63 0
33 63 39
33 64 0
33 64 39
33 65 0
33 65 39
33 66 0
33 66 39
33 67 0
33 67 39
33 68 0
33 68 39
33 69 0
33 69 39
33 70 0
33 70 39
33 71 0
33 71 39
33 72 0
33 72 39
33 73 0
33 73 39
33 74 0
33 74 39
33 75 0
33 75 39
33 76 0
33 76 39
33 77 0
33 77 39
33 78 0
33 78 39
33 79 0
33 79 39
33 80 0
33 80 39
33 81 0
33 81 39
33 82 0
33 82 39
33 83 0
33 83 39
33 84 0
33 84 39
33 85 0
33 85 39
33 86 0
33 86 39
33 87 0
33 87 39
33 88 0
33 88 39
33 89 0
33 89 39
33 90 0
33 90 39
33 91 0
33 91 39
33 92 0
33 92 39
33 93 0
33 93 39
33 94 0
33 94 39
33 95 0
33 95 39
33 96 0
33 96 39
33 97 0
33 97 39
33 98 0
33 98 39
33 99 0
33 99 1
33 99 2
33 99 3
33 99 4
33 99 5
33 99 6
33 99 7
33 99 8
33 99 9
33 99 10
33 99 11
33 99 12
33 99 13
33 99 14
33 99 15
33 99 16
33 99 17
33 99 18
33 99 19
33 99 20
33 99 21
33 99 22
33 99 23
33 99 24
33 99 25
33 99 26
33 99 27
33 99 28
33 99 29
33 99 30
33 99 31
33 99 32
33 99 33
33 99 34
33 99 35
33 99 36
33 99 37
33 99 38
33 99 39
34 0 0
34 0 1
34 0 2
34 0 3
34 0 4
34 0 5
34 0 6
34 0 7
34 0 8
34 0 9
34 0 10
34 0 11
34 0 12
34 0 13
34 0 14
34 0 15
34 0 16
34 0 17
34 0 18
34 0 19
34 0 20
34 0 21
34 0 22
34 0 23
34 0 24
34 0 25
34 0 26
34 0 27
34 0 28
34 0 29
34 0 30
34 0 31
34 0 32
34 0 33
34 0 34
34 0 35
34 0 36
34 0 37
34 0 38
34 0 39
34 1 0
34 1 39
34 2 0
34 2 39
34 3 0
34 3 39
34 4 0
34 4 39
34 5 0
34 5 39
34 6 0
34 6 39
34 7 0
34 7 39
34 8 0
34 8 39
34 9 0
34 9 39
34 10 0
34 10 39
34 11 0
34 11 39
34 12 0
34 12 39
34 13 0
34 13 39
34 14 0
34 14 39
34 15 0
34 15 39
34 16 0
34 16 39
34 17 0
34 17 1
34 17 2
34 17 3
34 17 4
34 17 5
34 17 6
34 17 7
34 17 8
34 17 9
34 17 10
34 17 11
34 17 12
34 17 13
34 17 14
34 17 15
34 17 16
34 17 17
34 17 18
34 17 19
34 17 20
34 17 21
34 17 22
34 17 23
34 17 24
34 17 25
34 17 26
34 17 27
34 17 28
34 17 29
34 17 30
34 17 31
34 17 32
34 17 33
34 17 34
34 17 35
34 17 36
34 17 37
34 17 38
34 17 39
34 18 0
34 18 1
34 18 2
34 18 3
34 18 4
34 18 5
34 18 6
34 18 7
34 18 8
34 18 9
34 18 10
34 18 11
34 18 12
34 18 13
34 18 14
34 18 15
34 18 16
34 18 17
34 18 18
34 18 19
34 18 20
34 18 21
34 18 22
34 18 23
34 18 24
34 18 25
34 18 26
34 18 27
34 18 28
34 18 29
34 18 30
34 18 31
34 18 32
34 18 33
34 18 34
34 18 35
34 18 36
34 18 37
34 18 38
34 18 39
34 19 0
34 19 1
34 19 2
34 19 3
34 19 4
34 19 5
34 19 6
34 19 7
34 19 8
34 19 9
34 19 10
34 19 11
34 19 12
34 19 13
34 19 14
34 19 15
34 19 16
34 19 17
34 19 18
34 19 19
34 19 20
34 19 21
34 19 22
34 19 23
34 19 24
34 19 25
34 19 26
34 19 27
34 19 28
34 19 29
34 19 30
34 19 31
34 19 32
34 19 33
34 19 34
34 19 35
34 19 36
34 19 37
34 19 38
34 19 39
34 20 0
34 20 39
34 21 0
34 21 39
34 22 0
34 22 1
34 22 2
34 22 3
34 22 4
34 22 5
34 22 6
34 22 7
34 22 8
34 22 9
34 22 10
34 22 11
34 22 12
34 22 13
34 22 14
34 22 15
34 22 16
34 22 17
34 22 18
34 22 19
34 22 20
34 22 21
34 22 22
34 22 23
34 22 24
34 22 25
34 22 26
34 22 27
34 22 28
34 22 29
34 22 30
34 22 31
34 22 32
34 22 33
34 22 34
34 22 35
34 22 36
34 22 37
34 22 38
34 22 39
34 23 0
34 23 39
34 24 0
34 24 39
34 25 0
34 25 39
34 26 0
34 26 39
34 27 0
34 27 39
34 28 0
34 28 39
34 29 0
34 29 39
34 30 0
34 30 39
34 31 0
34 31 39
34 32 0
34 32 39
34 33 0
34 33 39
34 34 0
34 34 39
34 35 0
34 35 39
34 36 0
34 36 1
34 36 2
34 36 3
34 36 4
34 36 5
34 36 6
34 36 7
34 36 8
34 36 9
34 36 10
34 36 11
34 36 12
34 36 13
34 36 14
34 36 15
34 36 16
34 36 17
34 36 18
34 36 19
34 36 20
34 36 21
34 36 22
34 36 23
34 36 24
34 36 25
34 36 26
34 36 27
34 36 28
34 36 29
34 36 30
34 36 31
34 36 32
34 36 33
34 36 34
34 36 35
34 36 36
34 36 37
34 36 38
34 36 39
34 37 0
34 37 1
34 37 2
34 37 3
34 37 4
34 37 5
34 37 6
34 37 7
34 37 8
34 37 9
34 37 10
34 37 11
34 37 12
34 37 13
34 37 14
34 37 15
34 37 16
34 37 17
34 37 18
34 37 19
34 37 20
34 37 21
34 37 22
34 37 23
34 37 24
34 37 25
34 37 26
34 37 27
34 37 28
34 37 29
34 37 30
34 37 31
34 37 32
34 37 33
34 37 34
34 37 35
34 37 36
34 37 37
34 37 38
34 37 39
34 38 0
34 38 1
34 38 2
34 38 3
34 38 4
34 38 5
34 38 6
34 38 7
34 38 8
34 38 9
34 38 10
34 38 11
34 38 12
34 38 13
34 38 14
34 38 15
34 38 16
34 38 17
34 38 18
34 38 19
34 38 20
34 38 21
34 38 22
34 38 23
34 38 24
34 38 25
34 38 26
34 38 27
34 38 28
34 38 29
34 38 30
34 38 31
34 38 32
34 38 33
34 38 34
34 38 35
34 38 36
34 38 37
34 38 38
34 38 39
34 39 0
34 39 39
34 40 0
34 40 39
34 41 0
34 41 39
34 42 0
34 42 39
34 43 0
34 43 39
34 44 0
34 44 39
34 45 0
34 45 39
34 46 0
34 46 39
34 47 0
34 47 39
34 48 0
34 48 39
34 49 0
34 49 39
34 50 0
34 50 39
34 51 0
34 51 39
34 52 0
34 52 39
34 53 0
34 53 39
34 54 0
34 54 39
34 55 0
34 55 39
34 56 0
34 56 39
34 57 0
34 57 39
34 58 0
34 58 39
34 59 0
34 59 39
34 60 0
34 60 39
34 61 0
34 61 39
34 62 0
34 62 39
34 63 0
34 63 39
34 64 0
34 64 39
34 65 0
34 65 39
34 66 0
34 66 39
34 67 0
34 67 39
34 68 0
34 68 39
34 69 0
34 69 39
34 70 0
34 70 39
34 71 0
34 71 39
34 72 0
34 72 39
34 73 0
34 73 39
34 74 0
34 74 39
34 75 0
34 75 39
34 76 0
34 76 39
34 77 0
34 77 39
34 78 0
34 78 39
34 79 0
34 79 39
34 80 0
34 80 39
34 81 0
34 81 39
34 82 0
34 82 39
34 83 0
34 83 39
34 84 0
34 84 39
34 85 0
34 85 39
34 86 0
34 86 39
34 87 0
34 87 39
34 88 0
34 88 39
34 89 0
34 89 39
34 90 0
34 90 39
34 91 0
34 91 1
34 91 2
34 91 3
34 91 4
34 91 5
34 91 6
34 91 7
34 91 8
34 91 9
34 91 10
34 91 11
34 91 12
34 91 13
34 91 14
34 91 15
34 91 16
34 91 17
34 91 18
34 91 19
34 91 20
34 91 21
34 91 22
34 91 23
34 91 24
34 91 25
34 91 26
34 91 27
34 91 28
34 91 29
34 91 30
34 91 31
34 91 32
34 91 33
34 91 34
34 91 35
34 91 36
34 91 37
34 91 38
34 91 39
34 92 0
34 92 39
34 93 0
34 93 39
34 94 0
34 94 39
34 95 0
34 95 39
34 96 0
34 96 39
34 97 0
34 97 39
34 98 0
34 98 39
34 99 0
34 99 1
34 99 2
34 99 3
34 99 4
34 99 5
34 99 6
34 99 7
34 99 8
34 99 9
34 99 10
34 99 11
34 99 12
34 99 13
34 99 14
34 99 15
34 99 16
34 99 17
34 99 18
34 99 19
34 99 20
34 99 21
34 99 22
34 99 23
34 99 24
34 99 25
34 99 26
34 99 27
34 99 28
34 99 29
34 99 30
34 99 31
34 99 32
34 99 33
34 99 34
34 99 35
34 99 36
34 99 37
34 99 38
34 99 39
35 0 0
35 0 1
35 0 2
35 0 3
35 0 4
35 0 5
35 0 6
35 0 7
35 0 8
35 0 9
35 0 10
35 0 11
35 0 12
35 0 13
35 0 14
35 0 15
35 0 16
35 0 17
35 0 18
35 0 19
35 0 20
35 0 21
35 0 22
35 0 23
35 0 24
35 0 25
35 0 26
35 0 27
35 0 28
35 0 29
35 0 30
35 0 31
35 0 32
35 0 33
35 0 34
35 0 35
35 0 36
35 0 37
35 0 38
35 0 39
35 1 0
35 1 39
35 2 0
35 2 39
35 3 0
35 3 39
35 4 0
35 4 39
35 5 0
35 5 39
35 6 0
35 6 39
35 7 0
35 7 39
35 8 0
35 8 39
35 9 0
35 9 39
35 10 0
35 10 39
35 11 0
35 11 39
35 12 0
35 12 39
35 13 0
35 13 1
35 13 2
35 13 3
35 13 4
35 13 5
35 13 6
35 13 7
35 13 8
35 13 9
35 13 10
35 13 11
35 13 12
35 13 13
35 13 14
35 13 15
35 13 16
35 13 17
35 13 18
35 13 19
35 13 20
35 13 21
35 13 22
35 13 23
35 13 24
35 13 25
35 13 26
35 13 27
35 13 28
35 13 29
35 13 30
35 13 31
35 13 32
35 13 33
35 13 34
35 13 35
35 13 36
35 13 37
35 13 38
35 13 39
35 14 0
35 14 39
35 15 0
35 15 39
35 16 0
35 16 39
35 17 0
35 17 39
35 18 0
35 18 1
35 18 2
35 18 3
35 18 4
35 18 5
35 18 6
35 18 7
35 18 8
35 18 9
35 18 10
35 18 11
35 18 12
35 18 13
35 18 14
35 18 15
35 18 16
35 18 17
35 18 18
35 18 19
35 18 20
35 18 21
35 18 22
35 18 23
35 18 24
35 18 25
35 18 26
35 18 27
35 18 28
35 18 29
35 18 30
35 18 31
35 18 32
35 18 33
35 18 34
35 18 35
35 18 36
35 18 37
35 18 38
35 18 39
35 19 0
35 19 39
35 20 0
35 20 39
35 21 0
35 21 39
35 22 0
35 22 39
35 23 0
35 23 39
35 24 0
35 24 39
35 25 0
35 25 39
35 26 0
35 26 39
35 27 0
35 27 39
35 28 0
35 28 39
35 29 0
35 29 39
35 30 0
35 30 39
35 31 0
35 31 39
35 32 0
35 32 39
35 33 0
35 33 39
35 34 0
35 34 39
35 35 0
35 35 39
35 36 0
35 36 39
35 37 0
35 37 1
35 37 2
35 37 3
35 37 4
35 37 5
35 37 6
35 37 7
35 37 8
35 37 9
35 37 10
35 37 11
35 37 12
35 37 13
35 37 14
35 37 15
35 37 16
35 37 17
35 37 18
35 37 19
35 37 20
35 37 21
35 37 22
35 37 23
35 37 24
35 37 25
35 37 26
35 37 27
35 37 28
35 37 29
35 37 30
35 37 31
35 37 32
35 37 33
35 37 34
35 37 35
35 37 36
35 37 37
35 37 38
35 37 39
35 38 0
35 38 39
35 39 0
35 39 39
35 40 0
35 40 39
35 41 0
35 41 39
35 42 0
35 42 39
35 43 0
35 43 39
35 44 0
35 44 39
35 45 0
35 45 39
35 46 0
35 46 39
35 47 0
35 47 39
35 48 0
35 48 39
35 49 0
35 49 39
35 50 0
35 50 39
35 51 0
35 51 39
35 52 0
35 52 39
35 53 0
35 53 39
35 54 0
35 54 39
35 55 0
35 55 39
35 56 0
35 56 39
35 57 0
35 57 39
35 58 0
35 58 39
35 59 0
35 59 39
35 60 0
35 60 39
35 61 0
35 61 39
35 62 0
35 62 39
35 63 0
35 63 39
35 64 0
35 64 39
35 65 0
35 65 39
35 66 0
35 66 39
35 67 0
35 67 39
35 68 0
35 68 39
35 69 0
35 69 39
35 70 0
35 70 39
35 71 0
35 71 39
35 72 0
35 72 39
35 73 0
35 73 39
35 74 0
35 74 39
35 75 0
35 75 39
35 76 0
35 76 39
35 77 0
35 77 39
35 78 0
35 78 39
35 79 0
35 79 39
35 80 0
35 80 39
35 81 0
35 81 39
35 82 0
35 82 39
35 83 0
35 83 39
35 84 0
35 84 39
35 85 0
35 85 39
35 86 0
35 86 39
35 87 0
35 87 39
35 88 0
35 88 39
35 89 0
35 89 39
35 90 0
35 90 1
35 90 2
35 90 3
35 90 4
35 90 5
35 90 6
35 90 7
35 90 8
35 90 9
35 90 10
35 90 11
35 90 12
35 90 13
35 90 14
35 90 15
35 90 16
35 90 17
35 90 18
35 90 19
35 90 20
35 90 21
35 90 22
35 90 23
35 90 24
35 90 25
35 90 26
35 90 27
35 90 28
35 90 29
35 90 30
35 90 31
35 90 32
35 90 33
35 90 34
35 90 35
35 90 36
35 90 37
35 90 38
35 90 39
35 91 0
35 91 1
35 91 2
35 91 3
35 91 4
35 91 5
35 91 6
35 91 7
35 91 8
35 91 9
35 91 10
35 91 11
35 91 12
35 91 13
35 91 14
35 91 15
35 91 16
35 91 17
35 91 18
35 91 19
35 91 20
35 91 21
35 91 22
35 91 23
35 91 24
35 91 25
35 91 26
35 91 27
35 91 28
35 91 29
35 91 30
35 91 31
35 91 32
35 91 33
35 91 34
35 91 35
35 91 36
35 91 37
35 91 38
35 91 39
35 92 0
35 92 1
35 92 2
35 92 3
35 92 4
35 92 5
35 92 6
35 92 7
35 92 8
35 92 9
35 92 10
35 92 11
35 92 12
35 92 13
35 92 14
35 92 15
35 92 16
35 92 17
35 92 18
35 92 19
35 92 20
35 92 21
35 92 22
35 92 23
35 92 24
35 92 25
35 92 26
35 92 27
35 92 28
35 92 29
35 92 30
35 92 31
35 92 32
35 92 33
35 92 34
35 92 35
35 92 36
35 92 37
35 92 38
35 92 39
35 93 0
35 93 39
35 94 0
35 94 39
35 95 0
35 95 39
35 96 0
35 96 39
35 97 0
35 97 39
35 98 0
35 98 39
35 99 0
35 99 1
35 99 2
35 99 3
35 99 4
35 99 5
35 99 6
35 99 7
35 99 8
35 99 9
35 99 10
35 99 11
35 99 12
35 99 13
35 99 14
35 99 15
35 99 16
35 99 17
35 99 18
35 99 19
35 99 20
35 99 21
35 99 22
35 99 23
35 99 24
35 99 25
35 99 26
35 99 27
35 99 28
35 99 29
35 99 30
35 99 31
35 99 32
35 99 33
35 99 34
35 99 35
35 99 36
35 99 37
35 99 38
35 99 39
36 0 0
36 0 1
36 0 2
36 0 3
36 0 4
36 0 5
36 0 6
36 0 7
36 0 8
36 0 9
36 0 10
36 0 11
36 0 12
36 0 13
36 0 14
36 0 15
36 0 16
36 0 17
36 0 18
36 0 19
36 0 20
36 0 21
36 0 22
36 0 23
36 0 24
36 0 25
36 0 26
36 0 27
36 0 28
36 0 29
36 0 30
36 0 31
36 0 32
36 0 33
36 0 34
36 0 35
36 0 36
36 0 37
36 0 38
36 0 39
36 1 0
36 1 39
36 2 0
36 2 39
36 3 0
36 3 39
36 4 0
36 4 39
36 5 0
36 5 39
36 6 0
36 6 39
36 7 0
36 7 39
36 8 0
36 8 39
36 9 0
36 9 39
36 10 0
36 10 39
36 11 0
36 11 39
36 12 0
36 12 1
36 12 2
36 12 3
36 12 4
36 12 5
36 12 6
36 12 7
36 12 8
36 12 9
36 12 10
36 12 11
36 12 12
36 12 13
36 12 14
36 12 15
36 12 16
36 12 17
36 12 18
36 12 19
36 12 20
36 12 21
36 12 22
36 12 23
36 12 24
36 12 25
36 12 26
36 12 27
36 12 28
36 12 29
36 12 30
36 12 31
36 12 32
36 12 33
36 12 34
36 12 35
36 12 36
36 12 37
36 12 38
36 12 39
36 13 0
36 13 1
36 13 2
36 13 3
36 13 4
36 13 5
36 13 6
36 13 7
36 13 8
36 13 9
36 13 10
36 13 11
36 13 12
36 13 13
36 13 14
36 13 15
36 13 16
36 13 17
36 13 18
36 13 19
36 13 20
36 13 21
36 13 22
36 13 23
36 13 24
36 13 25
36 13 26
36 13 27
36 13 28
36 13 29
36 13 30
36 13 31
36 13 32
36 13 33
36 13 34
36 13 35
36 13 36
36 13 37
36 13 38
36 13 39
36 14 0
36 14 1
36 14 2
36 14 3
36 14 4
36 14 5
36 14 6
36 14 7
36 14 8
36 14 9
36 14 10
36 14 11
36 14 12
36 14 13
36 14 14
36 14 15
36 14 16
36 14 17
36 14 18
36 14 19
36 14 20
36 14 21
36 14 22
36 14 23
36 14 24
36 14 25
36 14 26
36 14 27
36 14 28
36 14 29
36 14 30
36 14 31
36 14 32
36 14 33
36 14 34
36 14 35
36 14 36
36 14 37
36 14 38
36 14 39
36 15 0
36 15 39
36 16 0
36 16 39
36 17 0
36 17 39
36 18 0
36 18 39
36 19 0
36 19 39
36 20 0
36 20 39
36 21 0
36 21 39
36 22 0
36 22 39
36 23 0
36 23 39
36 24 0
36 24 39
36 25 0
36 25 39
36 26 0
36 26 39
36 27 0
36 27 39
36 28 0
36 28 39
36 29 0
36 29 39
36 30 0
36 30 39
36 31 0
36 31 39
36 32 0
36 32 39
36 33 0
36 33 39
36 34 0
36 34 39
36 35 0
36 35 39
36 36 0
36 36 39
36 37 0
36 37 39
36 38 0
36 38 39
36 39 0
36 39 39
36 40 0
36 40 39
36 41 0
36 41 39
36 42 0
36 42 39
36 43 0
36 43 39
36 44 0
36 44 39
36 45 0
36 45 39
36 46 0
36 46 39
36 47 0
36 47 39
36 48 0
36 48 39
36 49 0
36 49 39
36 50 0
36 50 39
36 51 0
36 51 39
36 52 0
36 52 39
36 53 0
36 53 39
36 54 0
36 54 39
36 55 0
36 55 39
36 56 0
36 56 39
36 57 0
36 57 39
36 58 0
36 58 39
36 59 0
36 59 39
36 60 0
36 60 39
36 61 0
36 61 39
36 62 0
36 62 39
36 63 0
36 63 39
36 64 0
36 64 39
36 65 0
36 65 39
36 66 0
36 66 39
36 67 0
36 67 39
36 68 0
36 68 39
36 69 0
36 69 39
36 70 0
36 70 39
36 71 0
36 71 39
36 72 0
36 72 39
36 73 0
36 73 39
36 74 0
36 74 39
36 75 0
36 75 39
36 76 0
36 76 39
36 77 0
36 77 39
36 78 0
36 78 39
36 79 0
36 79 39
36 80 0
36 80 39
36 81 0
36 81 39
36 82 0
36 82 39
36 83 0
36 83 39
36 84 0
36 84 39
36 85 0
36 85 39
36 86 0
36 86 39
36 87 0
36 87 39
36 88 0
36 88 39
36 89 0
36 89 39
36 90 0
36 90 39
36 91 0
36 91 1
36 91 2
36 91 3
36 91 4
36 91 5
36 91 6
36 91 7
36 91 8
36 91 9
36 91 10
36 91 11
36 91 12
36 91 13
36 91 14
36 91 15
36 91 16
36 91 17
36 91 18
36 91 19
36 91 20
36 91 21
36 91 22
36 91 23
36 91 24
36 91 25
36 91 26
36 91 27
36 91 28
36 91 29
36 91 30
36 91 31
36 91 32
36 91 33
36 91 34
36 91 35
36 91 36
36 91 37
36 91 38
36 91 39
36 92 0
36 92 39
36 93 0
36 93 39
36 94 0
36 94 39
36 95 0
36 95 39
36 96 0
36 96 39
36 97 0
36 97 39
36 98 0
36 98 39
36 99 0
36 99 1
36 99 2
36 99 3
36 99 4
36 99 5
36 99 6
36 99 7
36 99 8
36 99 9
36 99 10
36 99 11
36 99 12
36 99 13
36 99 14
36 99 15
36 99 16
36 99 17
36 99 18
36 99 19
36 99 20
36 99 21
36 99 22
36 99 23
36 99 24
36 99 25
36 99 26
36 99 27
36 99 28
36 99 29
36 99 30
36 99 31
36 99 32
36 99 33
36 99 34
36 99 35
36 99 36
36 99 37
36 99 38
36 99 39
37 0 0
37 0 1
37 0 2
37 0 3
37 0 4
37 0 5
37 0 6
37 0 7
37 0 8
37 0 9
37 0 10
37 0 11
37 0 12
37 0 13
37 0 14
37 0 15
37 0 16
37 0 17
37 0 18
37 0 19
37 0 20
37 0 21
37 0 22
37 0 23
37 0 24
37 0 25
37 0 26
37 0 27
37 0 28
37 0 29
37 0 30
37 0 31
37 0 32
37 0 33
37 0 34
37 0 35
37 0 36
37 0 37
37 0 38
37 0 39
37 1 0
37 1 39
37 2 0
37 2 39
37 3 0
37 3 39
37 4 0
37 4 39
37 5 0
37 5 39
37 6 0
37 6 39
37 7 0
37 7 39
37 8 0
37 8 39
37 9 0
37 9 39
37 10 0
37 10 39
37 11 0
37 11 39
37 12 0
37 12 39
37 13 0
37 13 1
37 13 2
37 13 3
37 13 4
37 13 5
37 13 6
37 13 7
37 13 8
37 13 9
37 13 10
37 13 11
37 13 12
37 13 13
37 13 14
37 13 15
37 13 16
37 13 17
37 13 18
37 13 19
37 13 20
37 13 21
37 13 22
37 13 23
37 13 24
37 13 25
37 13 26
37 13 27
37 13 28
37 13 29
37 13 30
37 13 31
37 13 32
37 13 33
37 13 34
37 13 35
37 13 36
37 13 37
37 13 38
37 13 39
37 14 0
37 14 39
37 15 0
37 15 39
37 16 0
37 16 39
37 17 0
37 17 39
37 18 0
37 18 39
37 19 0
37 19 39
37 20 0
37 20 39
37 21 0
37 21 39
37 22 0
37 22 39
37 23 0
37 23 39
37 24 0
37 24 39
37 25 0
37 25 39
37 26 0
37 26 39
37 27 0
37 27 39
37 28 0
37 28 39
37 29 0
37 29 39
37 30 0
37 30 39
37 31 0
37 31 39
37 32 0
37 32 39
37 33 0
37 33 39
37 34 0
37 34 39
37 35 0
37 35 39
37 36 0
37 36 39
37 37 0
37 37 39
37 38 0
37 38 39
37 39 0
37 39 39
37 40 0
37 40 39
37 41 0
37 41 39
37 42 0
37 42 39
37 43 0
37 43 39
37 44 0
37 44 39
37 45 0
37 45 39
37 46 0
37 46 39
37 47 0
37 47 39
37 48 0
37 48 39
37 49 0
37 49 39
37 50 0
37 50 39
37 51 0
37 51 39
37 52 0
37 52 39
37 53 0
37 53 39
37 54 0
37 54 39
37 55 0
37 55 39
37 56 0
37 56 39
37 57 0
37 57 39
37 58 0
37 58 39
37 59 0
37 59 39
37 60 0
37 60 39
37 61 0
37 61 39
37 62 0
37 62 39
37 63 0
37 63 39
37 64 0
37 64 39
37 65 0
37 65 39
37 66 0
37 66 39
37 67 0
37 67 39
37 68 0
37 68 39
37 69 0
37 69 39
37 70 0
37 70 39
37 71 0
37 71 39
37 72 0
37 72 39
37 73 0
37 73 39
37 74 0
37 74 39
37 75 0
37 75 39
37 76 0
37 76 39
37 77 0
37 77 39
37 78 0
37 78 39
37 79 0
37 79 39
37 80 0
37 80 39
37 81 0
37 81 39
37 82 0
37 82 39
37 83 0
37 83 39
37 84 0
37 84 39
37 85 0
37 85 39
37 86 0
37 86 39
37 87 0
37 87 39
37 88 0
37 88 39
37 89 0
37 89 39
37 90 0
37 90 39
37 91 0
37 91 39
37 92 0
37 92 39
37 93 0
37 93 39
37 94 0
37 94 39
37 95 0
37 95 39
37 96 0
37 96 39
37 97 0
37 97 39
37 98 0
37 98 39
37 99 0
37 99 1
37 99 2
37 99 3
37 99 4
37 99 5
37 99 6
37 99 7
37 99 8
37 99 9
37 99 10
37 99 11
37 99 12
37 99 13
37 99 14
37 99 15
37 99 16
37 99 17
37 99 18
37 99 19
37 99 20
37 99 21
37 99 22
37 99 23
37 99 24
37 99 25
37 99 26
37 99 27
37 99 28
37 99 29
37 99 30
37 99 31
37 99 32
37 99 33
37 99 34
37 99 35
37 99 36
37 99 37
37 99 38
37 99 39
38 0 0
38 0 1
38 0 2
38 0 3
38 0 4
38 0 5
38 0 6
38 0 7
38 0 8
38 0 9
38 0 10
38 0 11
38 0 12
38 0 13
38 0 14
38 0 15
38 0 16
38 0 17
38 0 18
38 0 19
38 0 20
38 0 21
38 0 22
38 0 23
38 0 24
38 0 25
38 0 26
38 0 27
38 0 28
38 0 29
38 0 30
38 0 31
38 0 32
38 0 33
38 0 34
38 0 35
38 0 36
38 0 37
38 0 38
38 0 39
38 1 0
38 1 39
38 2 0
38 2 39
38 3 0
38 3 39
38 4 0
38 4 39
38 5 0
38 5 39
38 6 0
38 6 39
38 7 0
38 7 39
38 8 0
38 8 39
38 9 0
38 9 39
38 10 0
38 10 39
38 11 0
38 11 39
38 12 0
38 12 39
38 13 0
38 13 39
38 14 0
38 14 39
38 15 0
38 15 39
38 16 0
38 16 39
38 17 0
38 17 39
38 18 0
38 18 39
38 19 0
38 19 39
38 20 0
38 20 39
38 21 0
38 21 39
38 22 0
38 22 39
38 23 0
38 23 39
38 24 0
38 24 39
38 25 0
38 25 39
38 26 0
38 26 39
38 27 0
38 27 39
38 28 0
38 28 39
38 29 0
38 29 39
38 30 0
38 30 39
38 31 0
38 31 39
38 32 0
38 32 39
38 33 0
38 33 39
38 34 0
38 34 39
38 35 0
38 35 39
38 36 0
38 36 39
38 37 0
38 37 39
38 38 0
38 38 39
38 39 0
38 39 39
38 40 0
38 40 39
38 41 0
38 41 39
38 42 0
38 42 39
38 43 0
38 43 39
38 44 0
38 44 39
38 45 0
38 45 39
38 46 0
38 46 39
38 47 0
38 47 39
38 48 0
38 48 39
38 49 0
38 49 39
38 50 0
38 50 39
38 51 0
38 51 39
38 52 0
38 52 39
38 53 0
38 53 39
38 54 0
38 54 39
38 55 0
38 55 39
38 56 0
38 56 39
38 57 0
38 57 39
38 58 0
38 58 39
38 59 0
38 59 39
38 60 0
38 60 39
38 61 0
38 61 39
38 62 0
38 62 39
38 63 0
38 63 39
38 64 0
38 64 39
38 65 0
38 65 39
38 66 0
38 66 39
38 67 0
38 67 39
38 68 0
38 68 39
38 69 0
38 69 39
38 70 0
38 70 39
38 71 0
38 71 39
38 72 0
38 72 39
38 73 0
38 73 39
38 74 0
38 74 39
38 75 0
38 75 39
38 76 0
38 76 39
38 77 0
38 77 39
38 78 0
38 78 39
38 79 0
38 79 39
38 80 0
38 80 39
38 81 0
38 81 39
38 82 0
38 82 39
38 83 0
38 83 39
38 84 0
38 84 39
38 85 0
38 85 39
38 86 0
38 86 39
38 87 0
38 87 39
38 88 0
38 88 39
38 89 0
38 89 39
38 90 0
38 90 39
38 91 0
38 91 39
38 92 0
38 92 39
38 93 0
38 93 39
38 94 0
38 94 39
38 95 0
38 95 39
38 96 0
38 96 39
38 97 0
38 97 39
38 98 0
38 98 39
38 99 0
38 99 1
38 99 2
38 99 3
38 99 4
38 99 5
38 99 6
38 99 7
38 99 8
38 99 9
38 99 10
38 99 11
38 99 12
38 99 13
38 99 14
38 99 15
38 99 16
38 99 17
38 99 18
38 99 19
38 99 20
38 99 21
38 99 22
38 99 23
38 99 24
38 99 25
38 99 26
38 99 27
38 99 28
38 99 29
38 99 30
38 99 31
38 99 32
38 99 33
38 99 34
38 99 35
38 99 36
38 99 37
38 99 38
38 99 39
39 0 0
39 0 1
39 0 2
39 0 3
39 0 4
39 0 5
39 0 6
39 0 7
39 0 8
39 0 9
39 0 10
39 0 11
39 0 12
39 0 13
39 0 14
39 0 15
39 0 16
39 0 17
39 0 18
39 0 19
39 0 20
39 0 21
39 0 22
39 0 23
39 0 24
39 0 25
39 0 26
39 0 27
39 0 28
39 0 29
39 0 30
39 0 31
39 0 32
39 0 33
39 0 34
39 0 35
39 0 36
39 0 37
39 0 38
39 0 39
39 1 0
39 1 39
39 2 0
39 2 39
39 3 0
39 3 39
39 4 0
39 4 39
39 5 0
39 5 39
39 6 0
39 6 39
39 7 0
39 7 39
39 8 0
39 8 39
39 9 0
39 9 39
39 10 0
39 10 39
39 11 0
39 11 39
39 12 0
39 12 39
39 13 0
39 13 39
39 14 0
39 14 39
39 15 0
39 15 39
39 16 0
39 16 39
39 17 0
39 17 39
39 18 0
39 18 39
39 19 0
39 19 39
39 20 0
39 20 39
39 21 0
39 21 1
39 21 2
39 21 3
39 21 4
39 21 5
39 21 6
39 21 7
39 21 8
39 21 9
39 21 10
39 21 11
39 21 12
39 21 13
39 21 14
39 21 15
39 21 16
39 21 17
39 21 18
39 21 19
39 21 20
39 21 21
39 21 22
39 21 23
39 21 24
39 21 25
39 21 26
39 21 27
39 21 28
39 21 29
39 21 30
39 21 31
39 21 32
39 21 33
39 21 34
39 21 35
39 21 36
39 21 37
39 21 38
39 21 39
39 22 0
39 22 39
39 23 0
39 23 39
39 24 0
39 24 39
39 25 0
39 25 39
39 26 0
39 26 39
39 27 0
39 27 39
39 28 0
39 28 39
39 29 0
39 29 39
39 30 0
39 30 39
39 31 0
39 31 39
39 32 0
39 32 39
39 33 0
39 33 39
39 34 0
39 34 39
39 35 0
39 35 39
39 36 0
39 36 39
39 37 0
39 37 39
39 38 0
39 38 39
39 39 0
39 39 39
39 40 0
39 40 39
39 41 0
39 41 39
39 42 0
39 42 39
39 43 0
39 43 39
39 44 0
39 44 39
39 45 0
39 45 39
39 46 0
39 46 39
39 47 0
39 47 39
39 48 0
39 48 39
39 49 0
39 49 39
39 50 0
39 50 39
39 51 0
39 51 39
39 52 0
39 52 39
39 53 0
39 53 39
39 54 0
39 54 39
39 55 0
39 55 39
39 56 0
39 56 39
39 57 0
39 57 39
39 58 0
39 58 39
39 59 0
39 59 39
39 60 0
39 60 39
39 61 0
39 61 39
39 62 0
39 62 39
39 63 0
39 63 39
39 64 0
39 64 39
39 65 0
39 65 39
39 66 0
39 66 39
39 67 0
39 67 39
39 68 0
39 68 39
39 69 0
39 69 39
39 70 0
39 70 39
39 71 0
39 71 39
39 72 0
39 72 39
39 73 0
39 73 39
39 74 0
39 74 39
39 75 0
39 75 39
39 76 0
39 76 39
39 77 0
39 77 39
39 78 0
39 78 39
39 79 0
39 79 1
39 79 2
39 79 3
39 79 4
39 79 5
39 79 6
39 79 7
39 79 8
39 79 9
39 79 10
39 79 11
39 79 12
39 79 13
39 79 14
39 79 15
39 79 16
39 79 17
39 79 18
39 79 19
39 79 20
39 79 21
39 79 22
39 79 23
39 79 24
39 79 25
39 79 26
39 79 27
39 79 28
39 79 29
39 79 30
39 79 31
39 79 32
39 79 33
39 79 34
39 79 35
39 79 36
39 79 37
39 79 38
39 79 39
39 80 0
39 80 39
39 81 0
39 81 39
39 82 0
39 82 39
39 83 0
39 83 39
39 84 0
39 84 39
39 85 0
39 85 1
39 85 2
39 85 3
39 85 4
39 85 5
39 85 6
39 85 7
39 85 8
39 85 9
39 85 10
39 85 11
39 85 12
39 85 13
39 85 14
39 85 15
39 85 16
39 85 17
39 85 18
39 85 19
39 85 20
39 85 21
39 85 22
39 85 23
39 85 24
39 85 25
39 85 26
39 85 27
39 85 28
39 85 29
39 85 30
39 85 31
39 85 32
39 85 33
39 85 34
39 85 35
39 85 36
39 85 37
39 85 38
39 85 39
39 86 0
39 86 39
39 87 0
39 87 39
39 88 0
39 88 39
39 89 0
39 89 39
39 90 0
39 90 39
39 91 0
39 91 39
39 92 0
39 92 39
39 93 0
39 93 39
39 94 0
39 94 39
39 95 0
39 95 39
39 96 0
39 96 39
39 97 0
39 97 39
39 98 0
39 98 39
39 99 0
39 99 1
39 99 2
39 99 3
39 99 4
39 99 5
39 99 6
39 99 7
39 99 8
39 99 9
39 99 10
39 99 11
39 99 12
39 99 13
39 99 14
39 99 15
39 99 16
39 99 17
39 99 18
39 99 19
39 99 20
39 99 21
39 99 22
39 99 23
39 99 24
39 99 25
39 99 26
39 99 27
39 99 28
39 99 29
39 99 30
39 99 31
39 99 32
39 99 33
39 99 34
39 99 35
39 99 36
39 99 37
39 99 38
39 99 39
40 0 0
40 0 1
40 0 2
40 0 3
40 0 4
40 0 5
40 0 6
40 0 7
40 0 8
40 0 9
40 0 10
40 0 11
40 0 12
40 0 13
40 0 14
40 0 15
40 0 16
40 0 17
40 0 18
40 0 19
40 0 20
40 0 21
40 0 22
40 0 23
40 0 24
40 0 25
40 0 26
40 0 27
40 0 28
40 0 29
40 0 30
40 0 31
40 0 32
40 0 33
40 0 34
40 0 35
40 0 36
40 0 37
40 0 38
40 0 39
40 1 0
40 1 39
40 2 0
40 2 39
40 3 0
40 3 39
40 4 0
40 4 39
40 5 0
40 5 39
40 6 0
40 6 39
40 7 0
40 7 39
40 8 0
40 8 39
40 9 0
40 9 39
40 10 0
40 10 39
40 11 0
40 11 39
40 12 0
40 12 39
40 13 0
40 13 39
40 14 0
40 14 39
40 15 0
40 15 39
40 16 0
40 16 39
40 17 0
40 17 39
40 18 0
40 18 39
40 19 0
40 19 39
40 20 0
40 20 1
40 20 2
40 20 3
40 20 4
40 20 5
40 20 6
40 20 7
40 20 8
40 20 9
40 20 10
40 20 11
40 20 12
40 20 13
40 20 14
40 20 15
40 20 16
40 20 17
40 20 18
40 20 19
40 20 20
40 20 21
40 20 22
40 20 23
40 20 24
40 20 25
40 20 26
40 20 27
40 20 28
40 20 29
40 20 30
40 20 31
40 20 32
40 20 33
40 20 34
40 20 35
40 20 36
40 20 37
40 20 38
40 20 39
40 21 0
40 21 1
40 21 2
40 21 3
40 21 4
40 21 5
40 21 6
40 21 7
40 21 8
40 21 9
40 21 10
40 21 11
40 21 12
40 21 13
40 21 14
40 21 15
40 21 16
40 21 17
40 21 18
40 21 19
40 21 20
40 21 21
40 21 22
40 21 23
40 21 24
40 21 25
40 21 26
40 21 27
40 21 28
40 21 29
40 21 30
40 21 31
40 21 32
40 21 33
40 21 34
40 21 35
40 21 36
40 21 37
40 21 38
40 21 39
40 22 0
40 22 1
40 22 2
40 22 3
40 22 4
40 22 5
40 22 6
40 22 7
40 22 8
40 22 9
40 22 10
40 22 11
40 22 12
40 22 13
40 22 14
40 22 15
40 22 16
40 22 17
40 22 18
40 22 19
40 22 20
40 22 21
40 22 22
40 22 23
40 22 24
40 22 25
40 22 26
40 22 27
40 22 28
40 22 29
40 22 30
40 22 31
40 22 32
40 22 33
40 22 34
40 22 35
40 22 36
40 22 37
40 22 38
40 22 39
40 23 0
40 23 39
40 24 0
40 24 39
40 25 0
40 25 39
40 26 0
40 26 39
40 27 0
40 27 39
40 28 0
40 28 39
40 29 0
40 29 39
40 30 0
40 30 39
40 31 0
40 31 39
40 32 0
40 32 39
40 33 0
40 33 39
40 34 0
40 34 39
40 35 0
40 35 39
40 36 0
40 36 39
40 37 0
40 37 39
40 38 0
40 38 39
40 39 0
40 39 39
40 40 0
40 40 39
40 41 0
40 41 39
40 42 0
40 42 39
40 43 0
40 43 39
40 44 0
40 44 39
40 45 0
40 45 39
40 46 0
40 46 39
40 47 0
40 47 39
40 48 0
40 48 39
40 49 0
40 49 39
40 50 0
40 50 39
40 51 0
40 51 39
40 52 0
40 52 39
40 53 0
40 53 39
40 54 0
40 54 39
40 55 0
40 55 39
40 56 0
40 56 39
40 57 0
40 57 39
40 58 0
40 58 39
40 59 0
40 59 39
40 60 0
40 60 39
40 61 0
40 61 39
40 62 0
40 62 39
40 63 0
40 63 39
40 64 0
40 64 39
40 65 0
40 65 39
40 66 0
40 66 39
40 67 0
40 67 39
40 68 0
40 68 39
40 69 0
40 69 39
40 70 0
40 70 39
40 71 0
40 71 39
40 72 0
40 72 39
40 73 0
40 73 39
40 74 0
40 74 39
40 75 0
40 75 39
40 76 0
40 76 39
40 77 0
40 77 39
40 78 0
40 78 1
40 78 2
40 78 3
40 78 4
40 78 5
40 78 6
40 78 7
40 78 8
40 78 9
40 78 10
40 78 11
40 78 12
40 78 13
40 78 14
40 78 15
40 78 16
40 78 17
40 78 18
40 78 19
40 78 20
40 78 21
40 78 22
40 78 23
40 78 24
40 78 25
40 78 26
40 78 27
40 78 28
40 78 29
40 78 30
40 78 31
40 78 32
40 78 33
40 78 34
40 78 35
40 78 36
40 78 37
40 78 38
40 78 39
40 79 0
40 79 1
40 79 2
40 79 3
40 79 4
40 79 5
40 79 6
40 79 7
40 79 8
40 79 9
40 79 10
40 79 11
40 79 12
40 79 13
40 79 14
40 79 15
40 79 16
40 79 17
40 79 18
40 79 19
40 79 20
40 79 21
40 79 22
40 79 23
40 79 24
40 79 25
40 79 26
40 79 27
40 79 28
40 79 29
40 79 30
40 79 31
40 79 32
40 79 33
40 79 34
40 79 35
40 79 36
40 79 37
40 79 38
40 79 39
40 80 0
40 80 1
40 80 2
40 80 3
40 80 4
40 80 5
40 80 6
40 80 7
40 80 8
40 80 9
40 80 10
40 80 11
40 80 12
40 80 13
40 80 14
40 80 15
40 80 16
40 80 17
40 80 18
40 80 19
40 80 20
40 80 21
40 80 22
40 80 23
40 80 24
40 80 25
40 80 26
40 80 27
40 80 28
40 80 29
40 80 30
40 80 31
40 80 32
40 80 33
40 80 34
40 80 35
40 80 36
40 80 37
40 80 38
40 80 39
40 81 0
40 81 39
40 82 0
40 82 39
40 83 0
40 83 39
40 84 0
40 84 1
40 84 2
40 84 3
40 84 4
40 84 5
40 84 6
40 84 7
40 84 8
40 84 9
40 84 10
40 84 11
40 84 12
40 84 13
40 84 14
40 84 15
40 84 16
40 84 17
40 84 18
40 84 19
40 84 20
40 84 21
40 84 22
40 84 23
40 84 24
40 84 25
40 84 26
40 84 27
40 84 28
40 84 29
40 84 30
40 84 31
40 84 32
40 84 33
40 84 34
40 84 35
40 84 36
40 84 37
40 84 38
40 84 39
40 85 0
40 85 1
40 85 2
40 85 3
40 85 4
40 85 5
40 85 6
40 85 7
40 85 8
40 85 9
40 85 10
40 85 11
40 85 12
40 85 13
40 85 14
40 85 15
40 85 16
40 85 17
40 85 18
40 85 19
40 85 20
40 85 21
40 85 22
40 85 23
40 85 24
40 85 25
40 85 26
40 85 27
40 85 28
40 85 29
40 85 30
40 85 31
40 85 32
40 85 33
40 85 34
40 85 35
40 85 36
40 85 37
40 85 38
40 85 39
40 86 0
40 86 1
40 86 2
40 86 3
40 86 4
40 86 5
40 86 6
40 86 7
40 86 8
40 86 9
40 86 10
40 86 11
40 86 12
40 86 13
40 86 14
40 86 15
40 86 16
40 86 17
40 86 18
40 86 19
40 86 20
40 86 21
40 86 22
40 86 23
40 86 24
40 86 25
40 86 26
40 86 27
40 86 28
40 86 29
40 86 30
40 86 31
40 86 32
40 86 33
40 86 34
40 86 35
40 86 36
40 86 37
40 86 38
40 86 39
40 87 0
40 87 39
40 88 0
40 88 39
40 89 0
40 89 39
40 90 0
40 90 39
40 91 0
40 91 39
40 92 0
40 92 39
40 93 0
40 93 39
40 94 0
40 94 39
40 95 0
40 95 39
40 96 0
40 96 39
40 97 0
40 97 39
40 98 0
40 98 39
40 99 0
40 99 1
40 99 2
40 99 3
40 99 4
40 99 5
40 99 6
40 99 7
40 99 8
40 99 9
40 99 10
40 99 11
40 99 12
40 99 13
40 99 14
40 99 15
40 99 16
40 99 17
40 99 18
40 99 19
40 99 20
40 99 21
40 99 22
40 99 23
40 99 24
40 99 25
40 99 26
40 99 27
40 99 28
40 99 29
40 99 30
40 99 31
40 99 32
40 99 33
40 99 34
40 99 35
40 99 36
40 99 37
40 99 38
40 99 39
41 0 0
41 0 1
41 0 2
41 0 3
41 0 4
41 0 5
41 0 6
41 0 7
41 0 8
41 0 9
41 0 10
41 0 11
41 0 12
41 0 13
41 0 14
41 0 15
41 0 16
41 0 17
41 0 18
41 0 19
41 0 20
41 0 21
41 0 22
41 0 23
41 0 24
41 0 25
41 0 26
41 0 27
41 0 28
41 0 29
41 0 30
41 0 31
41 0 32
41 0 33
41 0 34
41 0 35
41 0 36
41 0 37
41 0 38
41 0 39
41 1 0
41 1 39
41 2 0
41 2 39
41 3 0
41 3 39
41 4 0
41 4 39
41 5 0
41 5 39
41 6 0
41 6 39
41 7 0
41 7 39
41 8 0
41 8 39
41 9 0
41 9 39
41 10 0
41 10 39
41 11 0
41 11 39
41 12 0
41 12 39
41 13 0
41 13 39
41 14 0
41 14 39
41 15 0
41 15 39
41 16 0
41 16 39
41 17 0
41 17 39
41 18 0
41 18 39
41 19 0
41 19 39
41 20 0
41 20 39
41 21 0
41 21 1
41 21 2
41 21 3
41 21 4
41 21 5
41 21 6
41 21 7
41 21 8
41 21 9
41 21 10
41 21 11
41 21 12
41 21 13
41 21 14
41 21 15
41 21 16
41 21 17
41 21 18
41 21 19
41 21 20
41 21 21
41 21 22
41 21 23
41 21 24
41 21 25
41 21 26
41 21 27
41 21 28
41 21 29
41 21 30
41 21 31
41 21 32
41 21 33
41 21 34
41 21 35
41 21 36
41 21 37
41 21 38
41 21 39
41 22 0
41 22 39
41 23 0
41 23 39
41 24 0
41 24 39
41 25 0
41 25 39
41 26 0
41 26 39
41 27 0
41 27 39
41 28 0
41 28 39
41 29 0
41 29 39
41 30 0
41 30 39
41 31 0
41 31 39
41 32 0
41 32 39
41 33 0
41 33 39
41 34 0
41 34 39
41 35 0
41 35 39
41 36 0
41 36 39
41 37 0
41 37 39
41 38 0
41 38 39
41 39 0
41 39 39
41 40 0
41 40 39
41 41 0
41 41 39
41 42 0
41 42 39
41 43 0
41 43 39
41 44 0
41 44 39
41 45 0
41 45 39
41 46 0
41 46 39
41 47 0
41 47 39
41 48 0
41 48 39
41 49 0
41 49 39
41 50 0
41 50 39
41 51 0
41 51 1
41 51 2
41 51 3
41 51 4
41 51 5
41 51 6
41 51 7
41 51 8
41 51 9
41 51 10
41 51 11
41 51 12
41 51 13
41 51 14
41 51 15
41 51 16
41 51 17
41 51 18
41 51 19
41 51 20
41 51 21
41 51 22
41 51 23
41 51 24
41 51 25
41 51 26
41 51 27
41 51 28
41 51 29
41 51 30
41 51 31
41 51 32
41 51 33
41 51 34
41 51 35
41 51 36
41 51 37
41 51 38
41 51 39
41 52 0
41 52 39
41 53 0
41 53 39
41 54 0
41 54 39
41 55 0
41 55 39
41 56 0
41 56 39
41 57 0
41 57 39
41 58 0
41 58 39
41 59 0
41 59 39
41 60 0
41 60 39
41 61 0
41 61 39
41 62 0
41 62 39
41 63 0
41 63 39
41 64 0
41 64 39
41 65 0
41 65 39
41 66 0
41 66 39
41 67 0
41 67 39
41 68 0
41 68 39
41 69 0
41 69 39
41 70 0
41 70 39
41 71 0
41 71 39
41 72 0
41 72 39
41 73 0
41 73 39
41 74 0
41 74 39
41 75 0
41 75 39
41 76 0
41 76 39
41 77 0
41 77 39
41 78 0
41 78 39
41 79 0
41 79 1
41 79 2
41 79 3
41 79 4
41 79 5
41 79 6
41 79 7
41 79 8
41 79 9
41 79 10
41 79 11
41 79 12
41 79 13
41 79 14
41 79 15
41 79 16
41 79 17
41 79 18
41 79 19
41 79 20
41 79 21
41 79 22
41 79 23
41 79 24
41 79 25
41 79 26
41 79 27
41 79 28
41 79 29
41 79 30
41 79 31
41 79 32
41 79 33
41 79 34
41 79 35
41 79 36
41 79 37
41 79 38
41 79 39
41 80 0
41 80 39
41 81 0
41 81 39
41 82 0
41 82 39
41 83 0
41 83 39
41 84 0
41 84 39
41 85 0
41 85 1
41 85 2
41 85 3
41 85 4
41 85 5
41 85 6
41 85 7
41 85 8
41 85 9
41 85 10
41 85 11
41 85 12
41 85 13
41 85 14
41 85 15
41 85 16
41 85 17
41 85 18
41 85 19
41 85 20
41 85 21
41 85 22
41 85 23
41 85 24
41 85 25
41 85 26
41 85 27
41 85 28
41 85 29
41 85 30
41 85 31
41 85 32
41 85 33
41 85 34
41 85 35
41 85 36
41 85 37
41 85 38
41 85 39
41 86 0
41 86 1
41 86 2
41 86 3
41 86 4
41 86 5
41 86 6
41 86 7
41 86 8
41 86 9
41 86 10
41 86 11
41 86 12
41 86 13
41 86 14
41 86 15
41 86 16
41 86 17
41 86 18
41 86 19
41 86 20
41 86 21
41 86 22
41 86 23
41 86 24
41 86 25
41 86 26
41 86 27
41 86 28
41 86 29
41 86 30
41 86 31
41 86 32
41 86 33
41 86 34
41 86 35
41 86 36
41 86 37
41 86 38
41 86 39
41 87 0
41 87 39
41 88 0
41 88 39
41 89 0
41 89 39
41 90 0
41 90 39
41 91 0
41 91 39
41 92 0
41 92 39
41 93 0
41 93 39
41 94 0
41 94 39
41 95 0
41 95 39
41 96 0
41 96 39
41 97 0
41 97 39
41 98 0
41 98 39
41 99 0
41 99 1
41 99 2
41 99 3
41 99 4
41 99 5
41 99 6
41 99 7
41 99 8
41 99 9
41 99 10
41 99 11
41 99 12
41 99 13
41 99 14
41 99 15
41 99 16
41 99 17
41 99 18
41 99 19
41 99 20
41 99 21
41 99 22
41 99 23
41 99 24
41 99 25
41 99 26
41 99 27
41 99 28
41 99 29
41 99 30
41 99 31
41 99 32
41 99 33
41 99 34
41 99 35
41 99 36
41 99 37
41 99 38
41 99 39
42 0 0
42 0 1
42 0 2
42 0 3
42 0 4
42 0 5
42 0 6
42 0 7
42 0 8
42 0 9
42 0 10
42 0 11
42 0 12
42 0 13
42 0 14
42 0 15
42 0 16
42 0 17
42 0 18
42 0 19
42 0 20
42 0 21
42 0 22
42 0 23
42 0 24
42 0 25
42 0 26
42 0 27
42 0 28
42 0 29
42 0 30
42 0 31
42 0 32
42 0 33
42 0 34
42 0 35
42 0 36
42 0 37
42 0 38
42 0 39
42 1 0
42 1 39
42 2 0
42 2 39
42 3 0
42 3 39
42 4 0
42 4 39
42 5 0
42 5 39
42 6 0
42 6 39
42 7 0
42 7 39
42 8 0
42 8 39
42 9 0
42 9 39
42 10 0
42 10 39
42 11 0
42 11 39
42 12 0
42 12 39
42 13 0
42 13 39
42 14 0
42 14 39
42 15 0
42 15 39
42 16 0
42 16 39
42 17 0
42 17 39
42 18 0
42 18 39
42 19 0
42 19 39
42 20 0
42 20 39
42 21 0
42 21 39
42 22 0
42 22 39
42 23 0
42 23 39
42 24 0
42 24 39
42 25 0
42 25 39
42 26 0
42 26 39
42 27 0
42 27 39
42 28 0
42 28 39
42 29 0
42 29 39
42 30 0
42 30 39
42 31 0
42 31 39
42 32 0
42 32 39
42 33 0
42 33 39
42 34 0
42 34 39
42 35 0
42 35 39
42 36 0
42 36 39
42 37 0
42 37 39
42 38 0
42 38 39
42 39 0
42 39 39
42 40 0
42 40 39
42 41 0
42 41 39
42 42 0
42 42 39
42 43 0
42 43 39
42 44 0
42 44 39
42 45 0
42 45 39
42 46 0
42 46 39
42 47 0
42 47 39
42 48 0
42 48 39
42 49 0
42 49 39
42 50 0
42 50 1
42 50 2
42 50 3
42 50 4
42 50 5
42 50 6
42 50 7
42 50 8
42 50 9
42 50 10
42 50 11
42 50 12
42 50 13
42 50 14
42 50 15
42 50 16
42 50 17
42 50 18
42 50 19
42 50 20
42 50 21
42 50 22
42 50 23
42 50 24
42 50 25
42 50 26
42 50 27
42 50 28
42 50 29
42 50 30
42 50 31
42 50 32
42 50 33
42 50 34
42 50 35
42 50 36
42 50 37
42 50 38
42 50 39
42 51 0
42 51 1
42 51 2
42 51 3
42 51 4
42 51 5
42 51 6
42 51 7
42 51 8
42 51 9
42 51 10
42 51 11
42 51 12
42 51 13
42 51 14
42 51 15
42 51 16
42 51 17
42 51 18
42 51 19
42 51 20
42 51 21
42 51 22
42 51 23
42 51 24
42 51 25
42 51 26
42 51 27
42 51 28
42 51 29
42 51 30
42 51 31
42 51 32
42 51 33
42 51 34
42 51 35
42 51 36
42 51 37
42 51 38
42 51 39
42 52 0
42 52 1
42 52 2
42 52 3
42 52 4
42 52 5
42 52 6
42 52 7
42 52 8
42 52 9
42 52 10
42 52 11
42 52 12
42 52 13
42 52 14
42 52 15
42 52 16
42 52 17
42 52 18
42 52 19
42 52 20
42 52 21
42 52 22
42 52 23
42 52 24
42 52 25
42 52 26
42 52 27
42 52 28
42 52 29
42 52 30
42 52 31
42 52 32
42 52 33
42 52 34
42 52 35
42 52 36
42 52 37
42 52 38
42 52 39
42 53 0
42 53 39
42 54 0
42 54 39
42 55 0
42 55 39
42 56 0
42 56 39
42 57 0
42 57 39
42 58 0
42 58 39
42 59 0
42 59 1
42 59 2
42 59 3
42 59 4
42 59 5
42 59 6
42 59 7
42 59 8
42 59 9
42 59 10
42 59 11
42 59 12
42 59 13
42 59 14
42 59 15
42 59 16
42 59 17
42 59 18
42 59 19
42 59 20
42 59 21
42 59 22
42 59 23
42 59 24
42 59 25
42 59 26
42 59 27
42 59 28
42 59 29
42 59 30
42 59 31
42 59 32
42 59 33
42 59 34
42 59 35
42 59 36
42 59 37
42 59 38
42 59 39
42 60 0
42 60 39
42 61 0
42 61 39
42 62 0
42 62 39
42 63 0
42 63 39
42 64 0
42 64 39
42 65 0
42 65 39
42 66 0
42 66 39
42 67 0
42 67 39
42 68 0
42 68 39
42 69 0
42 69 39
42 70 0
42 70 39
42 71 0
42 71 39
42 72 0
42 72 39
42 73 0
42 73 39
42 74 0
42 74 39
42 75 0
42 75 39
42 76 0
42 76 39
42 77 0
42 77 39
42 78 0
42 78 39
42 79 0
42 79 39
42 80 0
42 80 39
42 81 0
42 81 39
42 82 0
42 82 39
42 83 0
42 83 39
42 84 0
42 84 39
42 85 0
42 85 1
42 85 2
42 85 3
42 85 4
42 85 5
42 85 6
42 85 7
42 85 8
42 85 9
42 85 10
42 85 11
42 85 12
42 85 13
42 85 14
42 85 15
42 85 16
42 85 17
42 85 18
42 85 19
42 85 20
42 85 21
42 85 22
42 85 23
42 85 24
42 85 25
42 85 26
42 85 27
42 85 28
42 85 29
42 85 30
42 85 31
42 85 32
42 85 33
42 85 34
42 85 35
42 85 36
42 85 37
42 85 38
42 85 39
42 86 0
42 86 1
42 86 2
42 86 3
42 86 4
42 86 5
42 86 6
42 86 7
42 86 8
42 86 9
42 86 10
42 86 11
42 86 12
42 86 13
42 86 14
42 86 15
42 86 16
42 86 17
42 86 18
42 86 19
42 86 20
42 86 21
42 86 22
42 86 23
42 86 24
42 86 25
42 86 26
42 86 27
42 86 28
42 86 29
42 86 30
42 86 31
42 86 32
42 86 33
42 86 34
42 86 35
42 86 36
42 86 37
42 86 38
42 86 39
42 87 0
42 87 1
42 87 2
42 87 3
42 87 4
42 87 5
42 87 6
42 87 7
42 87 8
42 87 9
42 87 10
42 87 11
42 87 12
42 87 13
42 87 14
42 87 15
42 87 16
42 87 17
42 87 18
42 87 19
42 87 20
42 87 21
42 87 22
42 87 23
42 87 24
42 87 25
42 87 26
42 87 27
42 87 28
42 87 29
42 87 30
42 87 31
42 87 32
42 87 33
42 87 34
42 87 35
42 87 36
42 87 37
42 87 38
42 87 39
42 88 0
42 88 39
42 89 0
42 89 39
42 90 0
42 90 39
42 91 0
42 91 39
42 92 0
42 92 39
42 93 0
42 93 39
42 94 0
42 94 39
42 95 0
42 95 39
42 96 0
42 96 39
42 97 0
42 97 39
42 98 0
42 98 39
42 99 0
42 99 1
42 99 2
42 99 3
42 99 4
42 99 5
42 99 6
42 99 7
42 99 8
42 99 9
42 99 10
42 99 11
42 99 12
42 99 13
42 99 14
42 99 15
42 99 16
42 99 17
42 99 18
42 99 19
42 99 20
42 99 21
42 99 22
42 99 23
42 99 24
42 99 25
42 99 26
42 99 27
42 99 28
42 99 29
42 99 30
42 99 31
42 99 32
42 99 33
42 99 34
42 99 35
42 99 36
42 99 37
42 99 38
42 99 39
43 0 0
43 0 1
43 0 2
43 0 3
43 0 4
43 0 5
43 0 6
43 0 7
43 0 8
43 0 9
43 0 10
43 0 11
43 0 12
43 0 13
43 0 14
43 0 15
43 0 16
43 0 17
43 0 18
43 0 19
43 0 20
43 0 21
43 0 22
43 0 23
43 0 24
43 0 25
43 0 26
43 0 27
43 0 28
43 0 29
43 0 30
43 0 31
43 0 32
43 0 33
43 0 34
43 0 35
43 0 36
43 0 37
43 0 38
43 0 39
43 1 0
43 1 39
43 2 0
43 2 39
43 3 0
43 3 39
43 4 0
43 4 39
43 5 0
43 5 39
43 6 0
43 6 39
43 7 0
43 7 39
43 8 0
43 8 39
43 9 0
43 9 39
43 10 0
43 10 39
43 11 0
43 11 39
43 12 0
43 12 39
43 13 0
43 13 39
43 14 0
43 14 39
43 15 0
43 15 39
43 16 0
43 16 39
43 17 0
43 17 39
43 18 0
43 18 39
43 19 0
43 19 39
43 20 0
43 20 39
43 21 0
43 21 39
43 22 0
43 22 39
43 23 0
43 23 39
43 24 0
43 24 39
43 25 0
43 25 39
43 26 0
43 26 39
43 27 0
43 27 39
43 28 0
43 28 39
43 29 0
43 29 39
43 30 0
43 30 39
43 31 0
43 31 39
43 32 0
43 32 39
43 33 0
43 33 1
43 33 2
43 33 3
43 33 4
43 33 5
43 33 6
43 33 7
43 33 8
43 33 9
43 33 10
43 33 11
43 33 12
43 33 13
43 33 14
43 33 15
43 33 16
43 33 17
43 33 18
43 33 19
43 33 20
43 33 21
43 33 22
43 33 23
43 33 24
43 33 25
43 33 26
43 33 27
43 33 28
43 33 29
43 33 30
43 33 31
43 33 32
43 33 33
43 33 34
43 33 35
43 33 36
43 33 37
43 33 38
43 33 39
43 34 0
43 34 39
43 35 0
43 35 39
43 36 0
43 36 39
43 37 0
43 37 39
43 38 0
43 38 39
43 39 0
43 39 39
43 40 0
43 40 39
43 41 0
43 41 39
43 42 0
43 42 39
43 43 0
43 43 39
43 44 0
43 44 39
43 45 0
43 45 39
43 46 0
43 46 39
43 47 0
43 47 39
43 48 0
43 48 39
43 49 0
43 49 39
43 50 0
43 50 1
43 50 2
43 50 3
43 50 4
43 50 5
43 50 6
43 50 7
43 50 8
43 50 9
43 50 10
43 50 11
43 50 12
43 50 13
43 50 14
43 50 15
43 50 16
43 50 17
43 50 18
43 50 19
43 50 20
43 50 21
43 50 22
43 50 23
43 50 24
43 50 25
43 50 26
43 50 27
43 50 28
43 50 29
43 50 30
43 50 31
43 50 32
43 50 33
43 50 34
43 50 35
43 50 36
43 50 37
43 50 38
43 50 39
43 51 0
43 51 1
43 51 2
43 51 3
43 51 4
43 51 5
43 51 6
43 51 7
43 51 8
43 51 9
43 51 10
43 51 11
43 51 12
43 51 13
43 51 14
43 51 15
43 51 16
43 51 17
43 51 18
43 51 19
43 51 20
43 51 21
43 51 22
43 51 23
43 51 24
43 51 25
43 51 26
43 51 27
43 51 28
43 51 29
43 51 30
43 51 31
43 51 32
43 51 33
43 51 34
43 51 35
43 51 36
43 51 37
43 51 38
43 51 39
43 52 0
43 52 1
43 52 2
43 52 3
43 52 4
43 52 5
43 52 6
43 52 7
43 52 8
43 52 9
43 52 10
43 52 11
43 52 12
43 52 13
43 52 14
43 52 15
43 52 16
43 52 17
43 52 18
43 52 19
43 52 20
43 52 21
43 52 22
43 52 23
43 52 24
43 52 25
43 52 26
43 52 27
43 52 28
43 52 29
43 52 30
43 52 31
43 52 32
43 52 33
43 52 34
43 52 35
43 52 36
43 52 37
43 52 38
43 52 39
43 53 0
43 53 39
43 54 0
43 54 39
43 55 0
43 55 39
43 56 0
43 56 39
43 57 0
43 57 39
43 58 0
43 58 1
43 58 2
43 58 3
43 58 4
43 58 5
43 58 6
43 58 7
43 58 8
43 58 9
43 58 10
43 58 11
43 58 12
43 58 13
43 58 14
43 58 15
43 58 16
43 58 17
43 58 18
43 58 19
43 58 20
43 58 21
43 58 22
43 58 23
43 58 24
43 58 25
43 58 26
43 58 27
43 58 28
43 58 29
43 58 30
43 58 31
43 58 32
43 58 33
43 58 34
43 58 35
43 58 36
43 58 37
43 58 38
43 58 39
43 59 0
43 59 1
43 59 2
43 59 3
43 59 4
43 59 5
43 59 6
43 59 7
43 59 8
43 59 9
43 59 10
43 59 11
43 59 12
43 59 13
43 59 14
43 59 15
43 59 16
43 59 17
43 59 18
43 59 19
43 59 20
43 59 21
43 59 22
43 59 23
43 59 24
43 59 25
43 59 26
43 59 27
43 59 28
43 59 29
43 59 30
43 59 31
43 59 32
43 59 33
43 59 34
43 59 35
43 59 36
43 59 37
43 59 38
43 59 39
43 60 0
43 60 1
43 60 2
43 60 3
43 60 4
43 60 5
43 60 6
43 60 7
43 60 8
43 60 9
43 60 10
43 60 11
43 60 12
43 60 13
43 60 14
43 60 15
43 60 16
43 60 17
43 60 18
43 60 19
43 60 20
43 60 21
43 60 22
43 60 23
43 60 24
43 60 25
43 60 26
43 60 27
43 60 28
43 60 29
43 60 30
43 60 31
43 60 32
43 60 33
43 60 34
43 60 35
43 60 36
43 60 37
43 60 38
43 60 39
43 61 0
43 61 39
43 62 0
43 62 39
43 63 0
43 63 39
43 64 0
43 64 39
43 65 0
43 65 39
43 66 0
43 66 39
43 67 0
43 67 1
43 67 2
43 67 3
43 67 4
43 67 5
43 67 6
43 67 7
43 67 8
43 67 9
43 67 10
43 67 11
43 67 12
43 67 13
43 67 14
43 67 15
43 67 16
43 67 17
43 67 18
43 67 19
43 67 20
43 67 21
43 67 22
43 67 23
43 67 24
43 67 25
43 67 26
43 67 27
43 67 28
43 67 29
43 67 30
43 67 31
43 67 32
43 67 33
43 67 34
43 67 35
43 67 36
43 67 37
43 67 38
43 67 39
43 68 0
43 68 39
43 69 0
43 69 39
43 70 0
43 70 39
43 71 0
43 71 39
43 72 0
43 72 39
43 73 0
43 73 39
43 74 0
43 74 39
43 75 0
43 75 39
43 76 0
43 76 39
43 77 0
43 77 39
43 78 0
43 78 39
43 79 0
43 79 39
43 80 0
43 80 39
43 81 0
43 81 39
43 82 0
43 82 39
43 83 0
43 83 39
43 84 0
43 84 39
43 85 0
43 85 39
43 86 0
43 86 1
43 86 2
43 86 3
43 86 4
43 86 5
43 86 6
43 86 7
43 86 8
43 86 9
43 86 10
43 86 11
43 86 12
43 86 13
43 86 14
43 86 15
43 86 16
43 86 17
43 86 18
43 86 19
43 86 20
43 86 21
43 86 22
43 86 23
43 86 24
43 86 25
43 86 26
43 86 27
43 86 28
43 86 29
43 86 30
43 86 31
43 86 32
43 86 33
43 86 34
43 86 35
43 86 36
43 86 37
43 86 38
43 86 39
43 87 0
43 87 39
43 88 0
43 88 39
43 89 0
43 89 1
43 89 2
43 89 3
43 89 4
43 89 5
43 89 6
43 89 7
43 89 8
43 89 9
43 89 10
43 89 11
43 89 12
43 89 13
43 89 14
43 89 15
43 89 16
43 89 17
43 89 18
43 89 19
43 89 20
43 89 21
43 89 22
43 89 23
43 89 24
43 89 25
43 89 26
43 89 27
43 89 28
43 89 29
43 89 30
43 89 31
43 89 32
43 89 33
43 89 34
43 89 35
43 89 36
43 89 37
43 89 38
43 89 39
43 90 0
43 90 39
43 91 0
43 91 39
43 92 0
43 92 39
43 93 0
43 93 39
43 94 0
43 94 39
43 95 0
43 95 39
43 96 0
43 96 39
43 97 0
43 97 39
43 98 0
43 98 39
43 99 0
43 99 1
43 99 2
43 99 3
43 99 4
43 99 5
43 99 6
43 99 7
43 99 8
43 99 9
43 99 10
43 99 11
43 99 12
43 99 13
43 99 14
43 99 15
43 99 16
43 99 17
43 99 18
43 99 19
43 99 20
43 99 21
43 99 22
43 99 23
43 99 24
43 99 25
43 99 26
43 99 27
43 99 28
43 99 29
43 99 30
43 99 31
43 99 32
43 99 33
43 99 34
43 99 35
43 99 36
43 99 37
43 99 38
43 99 39
44 0 0
44 0 1
44 0 2
44 0 3
44 0 4
44 0 5
44 0 6
44 0 7
44 0 8
44 0 9
44 0 10
44 0 11
44 0 12
44 0 13
44 0 14
44 0 15
44 0 16
44 0 17
44 0 18
44 0 19
44 0 20
44 0 21
44 0 22
44 0 23
44 0 24
44 0 25
44 0 26
44 0 27
44 0 28
44 0 29
44 0 30
44 0 31
44 0 32
44 0 33
44 0 34
44 0 35
44 0 36
44 0 37
44 0 38
44 0 39
44 1 0
44 1 39
44 2 0
44 2 39
44 3 0
44 3 39
44 4 0
44 4 39
44 5 0
44 5 39
44 6 0
44 6 1
44 6 2
44 6 3
44 6 4
44 6 5
44 6 6
44 6 7
44 6 8
44 6 9
44 6 10
44 6 11
44 6 12
44 6 13
44 6 14
44 6 15
44 6 16
44 6 17
44 6 18
44 6 19
44 6 20
44 6 21
44 6 22
44 6 23
44 6 24
44 6 25
44 6 26
44 6 27
44 6 28
44 6 29
44 6 30
44 6 31
44 6 32
44 6 33
44 6 34
44 6 35
44 6 36
44 6 37
44 6 38
44 6 39
44 7 0
44 7 39
44 8 0
44 8 39
44 9 0
44 9 39
44 10 0
44 10 39
44 11 0
44 11 39
44 12 0
44 12 39
44 13 0
44 13 39
44 14 0
44 14 39
44 15 0
44 15 39
44 16 0
44 16 39
44 17 0
44 17 39
44 18 0
44 18 39
44 19 0
44 19 39
44 20 0
44 20 39
44 21 0
44 21 39
44 22 0
44 22 39
44 23 0
44 23 39
44 24 0
44 24 39
44 25 0
44 25 39
44 26 0
44 26 39
44 27 0
44 27 39
44 28 0
44 28 39
44 29 0
44 29 39
44 30 0
44 30 39
44 31 0
44 31 39
44 32 0
44 32 1
44 32 2
44 32 3
44 32 4
44 32 5
44 32 6
44 32 7
44 32 8
44 32 9
44 32 10
44 32 11
44 32 12
44 32 13
44 32 14
44 32 15
44 32 16
44 32 17
44 32 18
44 32 19
44 32 20
44 32 21
44 32 22
44 32 23
44 32 24
44 32 25
44 32 26
44 32 27
44 32 28
44 32 29
44 32 30
44 32 31
44 32 32
44 32 33
44 32 34
44 32 35
44 32 36
44 32 37
44 32 38
44 32 39
44 33 0
44 33 1
44 33 2
44 33 3
44 33 4
44 33 5
44 33 6
44 33 7
44 33 8
44 33 9
44 33 10
44 33 11
44 33 12
44 33 13
44 33 14
44 33 15
44 33 16
44 33 17
44 33 18
44 33 19
44 33 20
44 33 21
44 33 22
44 33 23
44 33 24
44 33 25
44 33 26
44 33 27
44 33 28
44 33 29
44 33 30
44 33 31
44 33 32
44 33 33
44 33 34
44 33 35
44 33 36
44 33 37
44 33 38
44 33 39
44 34 0
44 34 1
44 34 2
44 34 3
44 34 4
44 34 5
44 34 6
44 34 7
44 34 8
44 34 9
44 34 10
44 34 11
44 34 12
44 34 13
44 34 14
44 34 15
44 34 16
44 34 17
44 34 18
44 34 19
44 34 20
44 34 21
44 34 22
44 34 23
44 34 24
44 34 25
44 34 26
44 34 27
44 34 28
44 34 29
44 34 30
44 34 31
44 34 32
44 34 33
44 34 34
44 34 35
44 34 36
44 34 37
44 34 38
44 34 39
44 35 0
44 35 39
44 36 0
44 36 39
44 37 0
44 37 39
44 38 0
44 38 39
44 39 0
44 39 39
44 40 0
44 40 39
44 41 0
44 41 39
44 42 0
44 42 39
44 43 0
44 43 39
44 44 0
44 44 39
44 45 0
44 45 39
44 46 0
44 46 39
44 47 0
44 47 39
44 48 0
44 48 39
44 49 0
44 49 39
44 50 0
44 50 39
44 51 0
44 51 1
44 51 2
44 51 3
44 51 4
44 51 5
44 51 6
44 51 7
44 51 8
44 51 9
44 51 10
44 51 11
44 51 12
44 51 13
44 51 14
44 51 15
44 51 16
44 51 17
44 51 18
44 51 19
44 51 20
44 51 21
44 51 22
44 51 23
44 51 24
44 51 25
44 51 26
44 51 27
44 51 28
44 51 29
44 51 30
44 51 31
44 51 32
44 51 33
44 51 34
44 51 35
44 51 36
44 51 37
44 51 38
44 51 39
44 52 0
44 52 39
44 53 0
44 53 39
44 54 0
44 54 39
44 55 0
44 55 39
44 56 0
44 56 39
44 57 0
44 57 39
44 58 0
44 58 39
44 59 0
44 59 1
44 59 2
44 59 3
44 59 4
44 59 5
44 59 6
44 59 7
44 59 8
44 59 9
44 59 10
44 59 11
44 59 12
44 59 13
44 59 14
44 59 15
44 59 16
44 59 17
44 59 18
44 59 19
44 59 20
44 59 21
44 59 22
44 59 23
44 59 24
44 59 25
44 59 26
44 59 27
44 59 28
44 59 29
44 59 30
44 59 31
44 59 32
44 59 33
44 59 34
44 59 35
44 59 36
44 59 37
44 59 38
44 59 39
44 60 0
44 60 1
44 60 2
44 60 3
44 60 4
44 60 5
44 60 6
44 60 7
44 60 8
44 60 9
44 60 10
44 60 11
44 60 12
44 60 13
44 60 14
44 60 15
44 60 16
44 60 17
44 60 18
44 60 19
44 60 20
44 60 21
44 60 22
44 60 23
44 60 24
44 60 25
44 60 26
44 60 27
44 60 28
44 60 29
44 60 30
44 60 31
44 60 32
44 60 33
44 60 34
44 60 35
44 60 36
44 60 37
44 60 38
44 60 39
44 61 0
44 61 39
44 62 0
44 62 39
44 63 0
44 63 39
44 64 0
44 64 39
44 65 0
44 65 39
44 66 0
44 66 1
44 66 2
44 66 3
44 66 4
44 66 5
44 66 6
44 66 7
44 66 8
44 66 9
44 66 10
44 66 11
44 66 12
44 66 13
44 66 14
44 66 15
44 66 16
44 66 17
44 66 18
44 66 19
44 66 20
44 66 21
44 66 22
44 66 23
44 66 24
44 66 25
44 66 26
44 66 27
44 66 28
44 66 29
44 66 30
44 66 31
44 66 32
44 66 33
44 66 34
44 66 35
44 66 36
44 66 37
44 66 38
44 66 39
44 67 0
44 67 1
44 67 2
44 67 3
44 67 4
44 67 5
44 67 6
44 67 7
44 67 8
44 67 9
44 67 10
44 67 11
44 67 12
44 67 13
44 67 14
44 67 15
44 67 16
44 67 17
44 67 18
44 67 19
44 67 20
44 67 21
44 67 22
44 67 23
44 67 24
44 67 25
44 67 26
44 67 27
44 67 28
44 67 29
44 67 30
44 67 31
44 67 32
44 67 33
44 67 34
44 67 35
44 67 36
44 67 37
44 67 38
44 67 39
44 68 0
44 68 1
44 68 2
44 68 3
44 68 4
44 68 5
44 68 6
44 68 7
44 68 8
44 68 9
44 68 10
44 68 11
44 68 12
44 68 13
44 68 14
44 68 15
44 68 16
44 68 17
44 68 18
44 68 19
44 68 20
44 68 21
44 68 22
44 68 23
44 68 24
44 68 25
44 68 26
44 68 27
44 68 28
44 68 29
44 68 30
44 68 31
44 68 32
44 68 33
44 68 34
44 68 35
44 68 36
44 68 37
44 68 38
44 68 39
44 69 0
44 69 39
44 70 0
44 70 39
44 71 0
44 71 39
44 72 0
44 72 39
44 73 0
44 73 39
44 74 0
44 74 39
44 75 0
44 75 39
44 76 0
44 76 39
44 77 0
44 77 39
44 78 0
44 78 39
44 79 0
44 79 39
44 80 0
44 80 39
44 81 0
44 81 39
44 82 0
44 82 39
44 83 0
44 83 39
44 84 0
44 84 39
44 85 0
44 85 39
44 86 0
44 86 39
44 87 0
44 87 39
44 88 0
44 88 1
44 88 2
44 88 3
44 88 4
44 88 5
44 88 6
44 88 7
44 88 8
44 88 9
44 88 10
44 88 11
44 88 12
44 88 13
44 88 14
44 88 15
44 88 16
44 88 17
44 88 18
44 88 19
44 88 20
44 88 21
44 88 22
44 88 23
44 88 24
44 88 25
44 88 26
44 88 27
44 88 28
44 88 29
44 88 30
44 88 31
44 88 32
44 88 33
44 88 34
44 88 35
44 88 36
44 88 37
44 88 38
44 88 39
44 89 0
44 89 1
44 89 2
44 89 3
44 89 4
44 89 5
44 89 6
44 89 7
44 89 8
44 89 9
44 89 10
44 89 11
44 89 12
44 89 13
44 89 14
44 89 15
44 89 16
44 89 17
44 89 18
44 89 19
44 89 20
44 89 21
44 89 22
44 89 23
44 89 24
44 89 25
44 89 26
44 89 27
44 89 28
44 89 29
44 89 30
44 89 31
44 89 32
44 89 33
44 89 34
44 89 35
44 89 36
44 89 37
44 89 38
44 89 39
44 90 0
44 90 1
44 90 2
44 90 3
44 90 4
44 90 5
44 90 6
44 90 7
44 90 8
44 90 9
44 90 10
44 90 11
44 90 12
44 90 13
44 90 14
44 90 15
44 90 16
44 90 17
44 90 18
44 90 19
44 90 20
44 90 21
44 90 22
44 90 23
44 90 24
44 90 25
44 90 26
44 90 27
44 90 28
44 90 29
44 90 30
44 90 31
44 90 32
44 90 33
44 90 34
44 90 35
44 90 36
44 90 37
44 90 38
44 90 39
44 91 0
44 91 39
44 92 0
44 92 39
44 93 0
44 93 39
44 94 0
44 94 39
44 95 0
44 95 39
44 96 0
44 96 39
44 97 0
44 97 39
44 98 0
44 98 39
44 99 0
44 99 1
44 99 2
44 99 3
44 99 4
44 99 5
44 99 6
44 99 7
44 99 8
44 99 9
44 99 10
44 99 11
44 99 12
44 99 13
44 99 14
44 99 15
44 99 16
44 99 17
44 99 18
44 99 19
44 99 20
44 99 21
44 99 22
44 99 23
44 99 24
44 99 25
44 99 26
44 99 27
44 99 28
44 99 29
44 99 30
44 99 31
44 99 32
44 99 33
44 99 34
44 99 35
44 99 36
44 99 37
44 99 38
44 99 39
45 0 0
45 0 1
45 0 2
45 0 3
45 0 4
45 0 5
45 0 6
45 0 7
45 0 8
45 0 9
45 0 10
45 0 11
45 0 12
45 0 13
45 0 14
45 0 15
45 0 16
45 0 17
45 0 18
45 0 19
45 0 20
45 0 21
45 0 22
45 0 23
45 0 24
45 0 25
45 0 26
45 0 27
45 0 28
45 0 29
45 0 30
45 0 31
45 0 32
45 0 33
45 0 34
45 0 35
45 0 36
45 0 37
45 0 38
45 0 39
45 1 0
45 1 39
45 2 0
45 2 39
45 3 0
45 3 39
45 4 0
45 4 39
45 5 0
45 5 1
45 5 2
45 5 3
45 5 4
45 5 5
45 5 6
45 5 7
45 5 8
45 5 9
45 5 10
45 5 11
45 5 12
45 5 13
45 5 14
45 5 15
45 5 16
45 5 17
45 5 18
45 5 19
45 5 20
45 5 21
45 5 22
45 5 23
45 5 24
45 5 25
45 5 26
45 5 27
45 5 28
45 5 29
45 5 30
45 5 31
45 5 32
45 5 33
45 5 34
45 5 35
45 5 36
45 5 37
45 5 38
45 5 39
45 6 0
45 6 1
45 6 2
45 6 3
45 6 4
45 6 5
45 6 6
45 6 7
45 6 8
45 6 9
45 6 10
45 6 11
45 6 12
45 6 13
45 6 14
45 6 15
45 6 16
45 6 17
45 6 18
45 6 19
45 6 20
45 6 21
45 6 22
45 6 23
45 6 24
45 6 25
45 6 26
45 6 27
45 6 28
45 6 29
45 6 30
45 6 31
45 6 32
45 6 33
45 6 34
45 6 35
45 6 36
45 6 37
45 6 38
45 6 39
45 7 0
45 7 1
45 7 2
45 7 3
45 7 4
45 7 5
45 7 6
45 7 7
45 7 8
45 7 9
45 7 10
45 7 11
45 7 12
45 7 13
45 7 14
45 7 15
45 7 16
45 7 17
45 7 18
45 7 19
45 7 20
45 7 21
45 7 22
45 7 23
45 7 24
45 7 25
45 7 26
45 7 27
45 7 28
45 7 29
45 7 30
45 7 31
45 7 32
45 7 33
45 7 34
45 7 35
45 7 36
45 7 37
45 7 38
45 7 39
45 8 0
45 8 39
45 9 0
45 9 39
45 10 0
45 10 39
45 11 0
45 11 39
45 12 0
45 12 39
45 13 0
45 13 39
45 14 0
45 14 39
45 15 0
45 15 39
45 16 0
45 16 39
45 17 0
45 17 39
45 18 0
45 18 39
45 19 0
45 19 39
45 20 0
45 20 39
45 21 0
45 21 39
45 22 0
45 22 39
45 23 0
45 23 39
45 24 0
45 24 39
45 25 0
45 25 39
45 26 0
45 26 39
45 27 0
45 27 39
45 28 0
45 28 39
45 29 0
45 29 39
45 30 0
45 30 39
45 31 0
45 31 39
45 32 0
45 32 1
45 32 2
45 32 3
45 32 4
45 32 5
45 32 6
45 32 7
45 32 8
45 32 9
45 32 10
45 32 11
45 32 12
45 32 13
45 32 14
45 32 15
45 32 16
45 32 17
45 32 18
45 32 19
45 32 20
45 32 21
45 32 22
45 32 23
45 32 24
45 32 25
45 32 26
45 32 27
45 32 28
45 32 29
45 32 30
45 32 31
45 32 32
45 32 33
45 32 34
45 32 35
45 32 36
45 32 37
45 32 38
45 32 39
45 33 0
45 33 1
45 33 2
45 33 3
45 33 4
45 33 5
45 33 6
45 33 7
45 33 8
45 33 9
45 33 10
45 33 11
45 33 12
45 33 13
45 33 14
45 33 15
45 33 16
45 33 17
45 33 18
45 33 19
45 33 20
45 33 21
45 33 22
45 33 23
45 33 24
45 33 25
45 33 26
45 33 27
45 33 28
45 33 29
45 33 30
45 33 31
45 33 32
45 33 33
45 33 34
45 33 35
45 33 36
45 33 37
45 33 38
45 33 39
45 34 0
45 34 39
45 35 0
45 35 39
45 36 0
45 36 39
45 37 0
45 37 39
45 38 0
45 38 39
45 39 0
45 39 39
45 40 0
45 40 39
45 41 0
45 41 39
45 42 0
45 42 39
45 43 0
45 43 39
45 44 0
45 44 39
45 45 0
45 45 39
45 46 0
45 46 39
45 47 0
45 47 39
45 48 0
45 48 39
45 49 0
45 49 39
45 50 0
45 50 39
45 51 0
45 51 39
45 52 0
45 52 39
45 53 0
45 53 39
45 54 0
45 54 39
45 55 0
45 55 39
45 56 0
45 56 39
45 57 0
45 57 39
45 58 0
45 58 39
45 59 0
45 59 1
45 59 2
45 59 3
45 59 4
45 59 5
45 59 6
45 59 7
45 59 8
45 59 9
45 59 10
45 59 11
45 59 12
45 59 13
45 59 14
45 59 15
45 59 16
45 59 17
45 59 18
45 59 19
45 59 20
45 59 21
45 59 22
45 59 23
45 59 24
45 59 25
45 59 26
45 59 27
45 59 28
45 59 29
45 59 30
45 59 31
45 59 32
45 59 33
45 59 34
45 59 35
45 59 36
45 59 37
45 59 38
45 59 39
45 60 0
45 60 1
45 60 2
45 60 3
45 60 4
45 60 5
45 60 6
45 60 7
45 60 8
45 60 9
45 60 10
45 60 11
45 60 12
45 60 13
45 60 14
45 60 15
45 60 16
45 60 17
45 60 18
45 60 19
45 60 20
45 60 21
45 60 22
45 60 23
45 60 24
45 60 25
45 60 26
45 60 27
45 60 28
45 60 29
45 60 30
45 60 31
45 60 32
45 60 33
45 60 34
45 60 35
45 60 36
45 60 37
45 60 38
45 60 39
45 61 0
45 61 1
45 61 2
45 61 3
45 61 4
45 61 5
45 61 6
45 61 7
45 61 8
45 61 9
45 61 10
45 61 11
45 61 12
45 61 13
45 61 14
45 61 15
45 61 16
45 61 17
45 61 18
45 61 19
45 61 20
45 61 21
45 61 22
45 61 23
45 61 24
45 61 25
45 61 26
45 61 27
45 61 28
45 61 29
45 61 30
45 61 31
45 61 32
45 61 33
45 61 34
45 61 35
45 61 36
45 61 37
45 61 38
45 61 39
45 62 0
45 62 39
45 63 0
45 63 39
45 64 0
45 64 39
45 65 0
45 65 39
45 66 0
45 66 39
45 67 0
45 67 1
45 67 2
45 67 3
45 67 4
45 67 5
45 67 6
45 67 7
45 67 8
45 67 9
45 67 10
45 67 11
45 67 12
45 67 13
45 67 14
45 67 15
45 67 16
45 67 17
45 67 18
45 67 19
45 67 20
45 67 21
45 67 22
45 67 23
45 67 24
45 67 25
45 67 26
45 67 27
45 67 28
45 67 29
45 67 30
45 67 31
45 67 32
45 67 33
45 67 34
45 67 35
45 67 36
45 67 37
45 67 38
45 67 39
45 68 0
45 68 39
45 69 0
45 69 39
45 70 0
45 70 39
45 71 0
45 71 39
45 72 0
45 72 39
45 73 0
45 73 39
45 74 0
45 74 39
45 75 0
45 75 39
45 76 0
45 76 39
45 77 0
45 77 39
45 78 0
45 78 39
45 79 0
45 79 39
45 80 0
45 80 39
45 81 0
45 81 39
45 82 0
45 82 39
45 83 0
45 83 39
45 84 0
45 84 39
45 85 0
45 85 39
45 86 0
45 86 39
45 87 0
45 87 39
45 88 0
45 88 39
45 89 0
45 89 1
45 89 2
45 89 3
45 89 4
45 89 5
45 89 6
45 89 7
45 89 8
45 89 9
45 89 10
45 89 11
45 89 12
45 89 13
45 89 14
45 89 15
45 89 16
45 89 17
45 89 18
45 89 19
45 89 20
45 89 21
45 89 22
45 89 23
45 89 24
45 89 25
45 89 26
45 89 27
45 89 28
45 89 29
45 89 30
45 89 31
45 89 32
45 89 33
45 89 34
45 89 35
45 89 36
45 89 37
45 89 38
45 89 39
45 90 0
45 90 39
45 91 0
45 91 39
45 92 0
45 92 39
45 93 0
45 93 39
45 94 0
45 94 39
45 95 0
45 95 39
45 96 0
45 96 39
45 97 0
45 97 39
45 98 0
45 98 39
45 99 0
45 99 1
45 99 2
45 99 3
45 99 4
45 99 5
45 99 6
45 99 7
45 99 8
45 99 9
45 99 10
45 99 11
45 99 12
45 99 13
45 99 14
45 99 15
45 99 16
45 99 17
45 99 18
45 99 19
45 99 20
45 99 21
45 99 22
45 99 23
45 99 24
45 99 25
45 99 26
45 99 27
45 99 28
45 99 29
45 99 30
45 99 31
45 99 32
45 99 33
45 99 34
45 99 35
45 99 36
45 99 37
45 99 38
45 99 39
46 0 0
46 0 1
46 0 2
46 0 3
46 0 4
46 0 5
46 0 6
46 0 7
46 0 8
46 0 9
46 0 10
46 0 11
46 0 12
46 0 13
46 0 14
46 0 15
46 0 16
46 0 17
46 0 18
46 0 19
46 0 20
46 0 21
46 0 22
46 0 23
46 0 24
46 0 25
46 0 26
46 0 27
46 0 28
46 0 29
46 0 30
46 0 31
46 0 32
46 0 33
46 0 34
46 0 35
46 0 36
46 0 37
46 0 38
46 0 39
46 1 0
46 1 39
46 2 0
46 2 39
46 3 0
46 3 39
46 4 0
46 4 39
46 5 0
46 5 39
46 6 0
46 6 1
46 6 2
46 6 3
46 6 4
46 6 5
46 6 6
46 6 7
46 6 8
46 6 9
46 6 10
46 6 11
46 6 12
46 6 13
46 6 14
46 6 15
46 6 16
46 6 17
46 6 18
46 6 19
46 6 20
46 6 21
46 6 22
46 6 23
46 6 24
46 6 25
46 6 26
46 6 27
46 6 28
46 6 29
46 6 30
46 6 31
46 6 32
46 6 33
46 6 34
46 6 35
46 6 36
46 6 37
46 6 38
46 6 39
46 7 0
46 7 39
46 8 0
46 8 39
46 9 0
46 9 39
46 10 0
46 10 39
46 11 0
46 11 39
46 12 0
46 12 39
46 13 0
46 13 39
46 14 0
46 14 39
46 15 0
46 15 39
46 16 0
46 16 1
46 16 2
46 16 3
46 16 4
46 16 5
46 16 6
46 16 7
46 16 8
46 16 9
46 16 10
46 16 11
46 16 12
46 16 13
46 16 14
46 16 15
46 16 16
46 16 17
46 16 18
46 16 19
46 16 20
46 16 21
46 16 22
46 16 23
46 16 24
46 16 25
46 16 26
46 16 27
46 16 28
46 16 29
46 16 30
46 16 31
46 16 32
46 16 33
46 16 34
46 16 35
46 16 36
46 16 37
46 16 38
46 16 39
46 17 0
46 17 39
46 18 0
46 18 39
46 19 0
46 19 39
46 20 0
46 20 39
46 21 0
46 21 39
46 22 0
46 22 39
46 23 0
46 23 39
46 24 0
46 24 39
46 25 0
46 25 39
46 26 0
46 26 39
46 27 0
46 27 39
46 28 0
46 28 39
46 29 0
46 29 39
46 30 0
46 30 39
46 31 0
46 31 1
46 31 2
46 31 3
46 31 4
46 31 5
46 31 6
46 31 7
46 31 8
46 31 9
46 31 10
46 31 11
46 31 12
46 31 13
46 31 14
46 31 15
46 31 16
46 31 17
46 31 18
46 31 19
46 31 20
46 31 21
46 31 22
46 31 23
46 31 24
46 31 25
46 31 26
46 31 27
46 31 28
46 31 29
46 31 30
46 31 31
46 31 32
46 31 33
46 31 34
46 31 35
46 31 36
46 31 37
46 31 38
46 31 39
46 32 0
46 32 1
46 32 2
46 32 3
46 32 4
46 32 5
46 32 6
46 32 7
46 32 8
46 32 9
46 32 10
46 32 11
46 32 12
46 32 13
46 32 14
46 32 15
46 32 16
46 32 17
46 32 18
46 32 19
46 32 20
46 32 21
46 32 22
46 32 23
46 32 24
46 32 25
46 32 26
46 32 27
46 32 28
46 32 29
46 32 30
46 32 31
46 32 32
46 32 33
46 32 34
46 32 35
46 32 36
46 32 37
46 32 38
46 32 39
46 33 0
46 33 1
46 33 2
46 33 3
46 33 4
46 33 5
46 33 6
46 33 7
46 33 8
46 33 9
46 33 10
46 33 11
46 33 12
46 33 13
46 33 14
46 33 15
46 33 16
46 33 17
46 33 18
46 33 19
46 33 20
46 33 21
46 33 22
46 33 23
46 33 24
46 33 25
46 33 26
46 33 27
46 33 28
46 33 29
46 33 30
46 33 31
46 33 32
46 33 33
46 33 34
46 33 35
46 33 36
46 33 37
46 33 38
46 33 39
46 34 0
46 34 39
46 35 0
46 35 39
46 36 0
46 36 39
46 37 0
46 37 39
46 38 0
46 38 39
46 39 0
46 39 39
46 40 0
46 40 39
46 41 0
46 41 39
46 42 0
46 42 39
46 43 0
46 43 39
46 44 0
46 44 39
46 45 0
46 45 39
46 46 0
46 46 39
46 47 0
46 47 39
46 48 0
46 48 39
46 49 0
46 49 39
46 50 0
46 50 39
46 51 0
46 51 39
46 52 0
46 52 39
46 53 0
46 53 39
46 54 0
46 54 39
46 55 0
46 55 39
46 56 0
46 56 39
46 57 0
46 57 39
46 58 0
46 58 39
46 59 0
46 59 39
46 60 0
46 60 1
46 60 2
46 60 3
46 60 4
46 60 5
46 60 6
46 60 7
46 60 8
46 60 9
46 60 10
46 60 11
46 60 12
46 60 13
46 60 14
46 60 15
46 60 16
46 60 17
46 60 18
46 60 19
46 60 20
46 60 21
46 60 22
46 60 23
46 60 24
46 60 25
46 60 26
46 60 27
46 60 28
46 60 29
46 60 30
46 60 31
46 60 32
46 60 33
46 60 34
46 60 35
46 60 36
46 60 37
46 60 38
46 60 39
46 61 0
46 61 39
46 62 0
46 62 39
46 63 0
46 63 39
46 64 0
46 64 39
46 65 0
46 65 39
46 66 0
46 66 39
46 67 0
46 67 39
46 68 0
46 68 39
46 69 0
46 69 39
46 70 0
46 70 39
46 71 0
46 71 39
46 72 0
46 72 39
46 73 0
46 73 39
46 74 0
46 74 39
46 75 0
46 75 39
46 76 0
46 76 39
46 77 0
46 77 39
46 78 0
46 78 39
46 79 0
46 79 39
46 80 0
46 80 39
46 81 0
46 81 39
46 82 0
46 82 39
46 83 0
46 83 39
46 84 0
46 84 39
46 85 0
46 85 39
46 86 0
46 86 39
46 87 0
46 87 39
46 88 0
46 88 39
46 89 0
46 89 39
46 90 0
46 90 39
46 91 0
46 91 39
46 92 0
46 92 39
46 93 0
46 93 39
46 94 0
46 94 39
46 95 0
46 95 39
46 96 0
46 96 39
46 97 0
46 97 39
46 98 0
46 98 39
46 99 0
46 99 1
46 99 2
46 99 3
46 99 4
46 99 5
46 99 6
46 99 7
46 99 8
46 99 9
46 99 10
46 99 11
46 99 12
46 99 13
46 99 14
46 99 15
46 99 16
46 99 17
46 99 18
46 99 19
46 99 20
46 99 21
46 99 22
46 99 23
46 99 24
46 99 25
46 99 26
46 99 27
46 99 28
46 99 29
46 99 30
46 99 31
46 99 32
46 99 33
46 99 34
46 99 35
46 99 36
46 99 37
46 99 38
46 99 39
47 0 0
47 0 1
47 0 2
47 0 3
47 0 4
47 0 5
47 0 6
47 0 7
47 0 8
47 0 9
47 0 10
47 0 11
47 0 12
47 0 13
47 0 14
47 0 15
47 0 16
47 0 17
47 0 18
47 0 19
47 0 20
47 0 21
47 0 22
47 0 23
47 0 24
47 0 25
47 0 26
47 0 27
47 0 28
47 0 29
47 0 30
47 0 31
47 0 32
47 0 33
47 0 34
47 0 35
47 0 36
47 0 37
47 0 38
47 0 39
47 1 0
47 1 39
47 2 0
47 2 39
47 3 0
47 3 39
47 4 0
47 4 39
47 5 0
47 5 39
47 6 0
47 6 39
47 7 0
47 7 39
47 8 0
47 8 39
47 9 0
47 9 39
47 10 0
47 10 39
47 11 0
47 11 39
47 12 0
47 12 39
47 13 0
47 13 39
47 14 0
47 14 39
47 15 0
47 15 1
47 15 2
47 15 3
47 15 4
47 15 5
47 15 6
47 15 7
47 15 8
47 15 9
47 15 10
47 15 11
47 15 12
47 15 13
47 15 14
47 15 15
47 15 16
47 15 17
47 15 18
47 15 19
47 15 20
47 15 21
47 15 22
47 15 23
47 15 24
47 15 25
47 15 26
47 15 27
47 15 28
47 15 29
47 15 30
47 15 31
47 15 32
47 15 33
47 15 34
47 15 35
47 15 36
47 15 37
47 15 38
47 15 39
47 16 0
47 16 1
47 16 2
47 16 3
47 16 4
47 16 5
47 16 6
47 16 7
47 16 8
47 16 9
47 16 10
47 16 11
47 16 12
47 16 13
47 16 14
47 16 15
47 16 16
47 16 17
47 16 18
47 16 19
47 16 20
47 16 21
47 16 22
47 16 23
47 16 24
47 16 25
47 16 26
47 16 27
47 16 28
47 16 29
47 16 30
47 16 31
47 16 32
47 16 33
47 16 34
47 16 35
47 16 36
47 16 37
47 16 38
47 16 39
47 17 0
47 17 1
47 17 2
47 17 3
47 17 4
47 17 5
47 17 6
47 17 7
47 17 8
47 17 9
47 17 10
47 17 11
47 17 12
47 17 13
47 17 14
47 17 15
47 17 16
47 17 17
47 17 18
47 17 19
47 17 20
47 17 21
47 17 22
47 17 23
47 17 24
47 17 25
47 17 26
47 17 27
47 17 28
47 17 29
47 17 30
47 17 31
47 17 32
47 17 33
47 17 34
47 17 35
47 17 36
47 17 37
47 17 38
47 17 39
47 18 0
47 18 39
47 19 0
47 19 39
47 20 0
47 20 39
47 21 0
47 21 39
47 22 0
47 22 39
47 23 0
47 23 39
47 24 0
47 24 39
47 25 0
47 25 39
47 26 0
47 26 39
47 27 0
47 27 39
47 28 0
47 28 39
47 29 0
47 29 39
47 30 0
47 30 39
47 31 0
47 31 39
47 32 0
47 32 1
47 32 2
47 32 3
47 32 4
47 32 5
47 32 6
47 32 7
47 32 8
47 32 9
47 32 10
47 32 11
47 32 12
47 32 13
47 32 14
47 32 15
47 32 16
47 32 17
47 32 18
47 32 19
47 32 20
47 32 21
47 32 22
47 32 23
47 32 24
47 32 25
47 32 26
47 32 27
47 32 28
47 32 29
47 32 30
47 32 31
47 32 32
47 32 33
47 32 34
47 32 35
47 32 36
47 32 37
47 32 38
47 32 39
47 33 0
47 33 39
47 34 0
47 34 39
47 35 0
47 35 39
47 36 0
47 36 39
47 37 0
47 37 39
47 38 0
47 38 39
47 39 0
47 39 39
47 40 0
47 40 39
47 41 0
47 41 39
47 42 0
47 42 39
47 43 0
47 43 39
47 44 0
47 44 39
47 45 0
47 45 39
47 46 0
47 46 39
47 47 0
47 47 39
47 48 0
47 48 39
47 49 0
47 49 39
47 50 0
47 50 39
47 51 0
47 51 39
47 52 0
47 52 1
47 52 2
47 52 3
47 52 4
47 52 5
47 52 6
47 52 7
47 52 8
47 52 9
47 52 10
47 52 11
47 52 12
47 52 13
47 52 14
47 52 15
47 52 16
47 52 17
47 52 18
47 52 19
47 52 20
47 52 21
47 52 22
47 52 23
47 52 24
47 52 25
47 52 26
47 52 27
47 52 28
47 52 29
47 52 30
47 52 31
47 52 32
47 52 33
47 52 34
47 52 35
47 52 36
47 52 37
47 52 38
47 52 39
47 53 0
47 53 39
47 54 0
47 54 39
47 55 0
47 55 39
47 56 0
47 56 39
47 57 0
47 57 39
47 58 0
47 58 39
47 59 0
47 59 39
47 60 0
47 60 39
47 61 0
47 61 39
47 62 0
47 62 39
47 63 0
47 63 39
47 64 0
47 64 39
47 65 0
47 65 39
47 66 0
47 66 39
47 67 0
47 67 39
47 68 0
47 68 39
47 69 0
47 69 39
47 70 0
47 70 39
47 71 0
47 71 39
47 72 0
47 72 39
47 73 0
47 73 39
47 74 0
47 74 39
47 75 0
47 75 39
47 76 0
47 76 39
47 77 0
47 77 39
47 78 0
47 78 39
47 79 0
47 79 39
47 80 0
47 80 39
47 81 0
47 81 39
47 82 0
47 82 39
47 83 0
47 83 39
47 84 0
47 84 39
47 85 0
47 85 39
47 86 0
47 86 39
47 87 0
47 87 39
47 88 0
47 88 39
47 89 0
47 89 39
47 90 0
47 90 39
47 91 0
47 91 39
47 92 0
47 92 39
47 93 0
47 93 39
47 94 0
47 94 39
47 95 0
47 95 39
47 96 0
47 96 39
47 97 0
47 97 39
47 98 0
47 98 39
47 99 0
47 99 1
47 99 2
47 99 3
47 99 4
47 99 5
47 99 6
47 99 7
47 99 8
47 99 9
47 99 10
47 99 11
47 99 12
47 99 13
47 99 14
47 99 15
47 99 16
47 99 17
47 99 18
47 99 19
47 99 20
47 99 21
47 99 22
47 99 23
47 99 24
47 99 25
47 99 26
47 99 27
47 99 28
47 99 29
47 99 30
47 99 31
47 99 32
47 99 33
47 99 34
47 99 35
47 99 36
47 99 37
47 99 38
47 99 39
48 0 0
48 0 1
48 0 2
48 0 3
48 0 4
48 0 5
48 0 6
48 0 7
48 0 8
48 0 9
48 0 10
48 0 11
48 0 12
48 0 13
48 0 14
48 0 15
48 0 16
48 0 17
48 0 18
48 0 19
48 0 20
48 0 21
48 0 22
48 0 23
48 0 24
48 0 25
48 0 26
48 0 27
48 0 28
48 0 29
48 0 30
48 0 31
48 0 32
48 0 33
48 0 34
48 0 35
48 0 36
48 0 37
48 0 38
48 0 39
48 1 0
48 1 39
48 2 0
48 2 39
48 3 0
48 3 39
48 4 0
48 4 39
48 5 0
48 5 39
48 6 0
48 6 39
48 7 0
48 7 39
48 8 0
48 8 39
48 9 0
48 9 39
48 10 0
48 10 39
48 11 0
48 11 39
48 12 0
48 12 39
48 13 0
48 13 39
48 14 0
48 14 39
48 15 0
48 15 39
48 16 0
48 16 1
48 16 2
48 16 3
48 16 4
48 16 5
48 16 6
48 16 7
48 16 8
48 16 9
48 16 10
48 16 11
48 16 12
48 16 13
48 16 14
48 16 15
48 16 16
48 16 17
48 16 18
48 16 19
48 16 20
48 16 21
48 16 22
48 16 23
48 16 24
48 16 25
48 16 26
48 16 27
48 16 28
48 16 29
48 16 30
48 16 31
48 16 32
48 16 33
48 16 34
48 16 35
48 16 36
48 16 37
48 16 38
48 16 39
48 17 0
48 17 39
48 18 0
48 18 39
48 19 0
48 19 39
48 20 0
48 20 39
48 21 0
48 21 39
48 22 0
48 22 39
48 23 0
48 23 39
48 24 0
48 24 39
48 25 0
48 25 39
48 26 0
48 26 1
48 26 2
48 26 3
48 26 4
48 26 5
48 26 6
48 26 7
48 26 8
48 26 9
48 26 10
48 26 11
48 26 12
48 26 13
48 26 14
48 26 15
48 26 16
48 26 17
48 26 18
48 26 19
48 26 20
48 26 21
48 26 22
48 26 23
48 26 24
48 26 25
48 26 26
48 26 27
48 26 28
48 26 29
48 26 30
48 26 31
48 26 32
48 26 33
48 26 34
48 26 35
48 26 36
48 26 37
48 26 38
48 26 39
48 27 0
48 27 39
48 28 0
48 28 39
48 29 0
48 29 39
48 30 0
48 30 39
48 31 0
48 31 39
48 32 0
48 32 39
48 33 0
48 33 39
48 34 0
48 34 39
48 35 0
48 35 39
48 36 0
48 36 39
48 37 0
48 37 39
48 38 0
48 38 39
48 39 0
48 39 39
48 40 0
48 40 39
48 41 0
48 41 39
48 42 0
48 42 39
48 43 0
48 43 39
48 44 0
48 44 39
48 45 0
48 45 39
48 46 0
48 46 39
48 47 0
48 47 39
48 48 0
48 48 39
48 49 0
48 49 39
48 50 0
48 50 39
48 51 0
48 51 1
48 51 2
48 51 3
48 51 4
48 51 5
48 51 6
48 51 7
48 51 8
48 51 9
48 51 10
48 51 11
48 51 12
48 51 13
48 51 14
48 51 15
48 51 16
48 51 17
48 51 18
48 51 19
48 51 20
48 51 21
48 51 22
48 51 23
48 51 24
48 51 25
48 51 26
48 51 27
48 51 28
48 51 29
48 51 30
48 51 31
48 51 32
48 51 33
48 51 34
48 51 35
48 51 36
48 51 37
48 51 38
48 51 39
48 52 0
48 52 1
48 52 2
48 52 3
48 52 4
48 52 5
48 52 6
48 52 7
48 52 8
48 52 9
48 52 10
48 52 11
48 52 12
48 52 13
48 52 14
48 52 15
48 52 16
48 52 17
48 52 18
48 52 19
48 52 20
48 52 21
48 52 22
48 52 23
48 52 24
48 52 25
48 52 26
48 52 27
48 52 28
48 52 29
48 52 30
48 52 31
48 52 32
48 52 33
48 52 34
48 52 35
48 52 36
48 52 37
48 52 38
48 52 39
48 53 0
48 53 1
48 53 2
48 53 3
48 53 4
48 53 5
48 53 6
48 53 7
48 53 8
48 53 9
48 53 10
48 53 11
48 53 12
48 53 13
48 53 14
48 53 15
48 53 16
48 53 17
48 53 18
48 53 19
48 53 20
48 53 21
48 53 22
48 53 23
48 53 24
48 53 25
48 53 26
48 53 27
48 53 28
48 53 29
48 53 30
48 53 31
48 53 32
48 53 33
48 53 34
48 53 35
48 53 36
48 53 37
48 53 38
48 53 39
48 54 0
48 54 39
48 55 0
48 55 39
48 56 0
48 56 39
48 57 0
48 57 39
48 58 0
48 58 39
48 59 0
48 59 39
48 60 0
48 60 39
48 61 0
48 61 39
48 62 0
48 62 39
48 63 0
48 63 39
48 64 0
48 64 39
48 65 0
48 65 39
48 66 0
48 66 39
48 67 0
48 67 39
48 68 0
48 68 39
48 69 0
48 69 39
48 70 0
48 70 39
48 71 0
48 71 39
48 72 0
48 72 39
48 73 0
48 73 39
48 74 0
48 74 39
48 75 0
48 75 39
48 76 0
48 76 39
48 77 0
48 77 39
48 78 0
48 78 39
48 79 0
48 79 39
48 80 0
48 80 39
48 81 0
48 81 39
48 82 0
48 82 39
48 83 0
48 83 39
48 84 0
48 84 39
48 85 0
48 85 39
48 86 0
48 86 39
48 87 0
48 87 39
48 88 0
48 88 39
48 89 0
48 89 39
48 90 0
48 90 39
48 91 0
48 91 39
48 92 0
48 92 39
48 93 0
48 93 39
48 94 0
48 94 39
48 95 0
48 95 39
48 96 0
48 96 39
48 97 0
48 97 39
48 98 0
48 98 39
48 99 0
48 99 1
48 99 2
48 99 3
48 99 4
48 99 5
48 99 6
48 99 7
48 99 8
48 99 9
48 99 10
48 99 11
48 99 12
48 99 13
48 99 14
48 99 15
48 99 16
48 99 17
48 99 18
48 99 19
48 99 20
48 99 21
48 99 22
48 99 23
48 99 24
48 99 25
48 99 26
48 99 27
48 99 28
48 99 29
48 99 30
48 99 31
48 99 32
48 99 33
48 99 34
48 99 35
48 99 36
48 99 37
48 99 38
48 99 39
49 0 0
49 0 1
49 0 2
49 0 3
49 0 4
49 0 5
49 0 6
49 0 7
49 0 8
49 0 9
49 0 10
49 0 11
49 0 12
49 0 13
49 0 14
49 0 15
49 0 16
49 0 17
49 0 18
49 0 19
49 0 20
49 0 21
49 0 22
49 0 23
49 0 24
49 0 25
49 0 26
49 0 27
49 0 28
49 0 29
49 0 30
49 0 31
49 0 32
49 0 33
49 0 34
49 0 35
49 0 36
49 0 37
49 0 38
49 0 39
49 1 0
49 1 39
49 2 0
49 2 39
49 3 0
49 3 39
49 4 0
49 4 39
49 5 0
49 5 39
49 6 0
49 6 39
49 7 0
49 7 39
49 8 0
49 8 39
49 9 0
49 9 39
49 10 0
49 10 39
49 11 0
49 11 39
49 12 0
49 12 39
49 13 0
49 13 39
49 14 0
49 14 39
49 15 0
49 15 39
49 16 0
49 16 39
49 17 0
49 17 39
49 18 0
49 18 39
49 19 0
49 19 39
49 20 0
49 20 39
49 21 0
49 21 39
49 22 0
49 22 39
49 23 0
49 23 39
49 24 0
49 24 39
49 25 0
49 25 1
49 25 2
49 25 3
49 25 4
49 25 5
49 25 6
49 25 7
49 25 8
49 25 9
49 25 10
49 25 11
49 25 12
49 25 13
49 25 14
49 25 15
49 25 16
49 25 17
49 25 18
49 25 19
49 25 20
49 25 21
49 25 22
49 25 23
49 25 24
49 25 25
49 25 26
49 25 27
49 25 28
49 25 29
49 25 30
49 25 31
49 25 32
49 25 33
49 25 34
49 25 35
49 25 36
49 25 37
49 25 38
49 25 39
49 26 0
49 26 1
49 26 2
49 26 3
49 26 4
49 26 5
49 26 6
49 26 7
49 26 8
49 26 9
49 26 10
49 26 11
49 26 12
49 26 13
49 26 14
49 26 15
49 26 16
49 26 17
49 26 18
49 26 19
49 26 20
49 26 21
49 26 22
49 26 23
49 26 24
49 26 25
49 26 26
49 26 27
49 26 28
49 26 29
49 26 30
49 26 31
49 26 32
49 26 33
49 26 34
49 26 35
49 26 36
49 26 37
49 26 38
49 26 39
49 27 0
49 27 1
49 27 2
49 27 3
49 27 4
49 27 5
49 27 6
49 27 7
49 27 8
49 27 9
49 27 10
49 27 11
49 27 12
49 27 13
49 27 14
49 27 15
49 27 16
49 27 17
49 27 18
49 27 19
49 27 20
49 27 21
49 27 22
49 27 23
49 27 24
49 27 25
49 27 26
49 27 27
49 27 28
49 27 29
49 27 30
49 27 31
49 27 32
49 27 33
49 27 34
49 27 35
49 27 36
49 27 37
49 27 38
49 27 39
49 28 0
49 28 39
49 29 0
49 29 39
49 30 0
49 30 39
49 31 0
49 31 39
49 32 0
49 32 39
49 33 0
49 33 39
49 34 0
49 34 39
49 35 0
49 35 39
49 36 0
49 36 39
49 37 0
49 37 39
49 38 0
49 38 39
49 39 0
49 39 39
49 40 0
49 40 39
49 41 0
49 41 39
49 42 0
49 42 39
49 43 0
49 43 39
49 44 0
49 44 39
49 45 0
49 45 39
49 46 0
49 46 39
49 47 0
49 47 39
49 48 0
49 48 39
49 49 0
49 49 39
49 50 0
49 50 39
49 51 0
49 51 39
49 52 0
49 52 1
49 52 2
49 52 3
49 52 4
49 52 5
49 52 6
49 52 7
49 52 8
49 52 9
49 52 10
49 52 11
49 52 12
49 52 13
49 52 14
49 52 15
49 52 16
49 52 17
49 52 18
49 52 19
49 52 20
49 52 21
49 52 22
49 52 23
49 52 24
49 52 25
49 52 26
49 52 27
49 52 28
49 52 29
49 52 30
49 52 31
49 52 32
49 52 33
49 52 34
49 52 35
49 52 36
49 52 37
49 52 38
49 52 39
49 53 0
49 53 39
49 54 0
49 54 39
49 55 0
49 55 39
49 56 0
49 56 39
49 57 0
49 57 39
49 58 0
49 58 39
49 59 0
49 59 39
49 60 0
49 60 39
49 61 0
49 61 39
49 62 0
49 62 39
49 63 0
49 63 39
49 64 0
49 64 39
49 65 0
49 65 39
49 66 0
49 66 39
49 67 0
49 67 39
49 68 0
49 68 39
49 69 0
49 69 39
49 70 0
49 70 39
49 71 0
49 71 39
49 72 0
49 72 39
49 73 0
49 73 39
49 74 0
49 74 39
49 75 0
49 75 39
49 76 0
49 76 39
49 77 0
49 77 1
49 77 2
49 77 3
49 77 4
49 77 5
49 77 6
49 77 7
49 77 8
49 77 9
49 77 10
49 77 11
49 77 12
49 77 13
49 77 14
49 77 15
49 77 16
49 77 17
49 77 18
49 77 19
49 77 20
49 77 21
49 77 22
49 77 23
49 77 24
49 77 25
49 77 26
49 77 27
49 77 28
49 77 29
49 77 30
49 77 31
49 77 32
49 77 33
49 77 34
49 77 35
49 77 36
49 77 37
49 77 38
49 77 39
49 78 0
49 78 39
49 79 0
49 79 39
49 80 0
49 80 39
49 81 0
49 81 39
49 82 0
49 82 39
49 83 0
49 83 39
49 84 0
49 84 39
49 85 0
49 85 39
49 86 0
49 86 39
49 87 0
49 87 39
49 88 0
49 88 39
49 89 0
49 89 39
49 90 0
49 90 39
49 91 0
49 91 39
49 92 0
49 92 39
49 93 0
49 93 39
49 94 0
49 94 39
49 95 0
49 95 39
49 96 0
49 96 39
49 97 0
49 97 39
49 98 0
49 98 39
49 99 0
49 99 1
49 99 2
49 99 3
49 99 4
49 99 5
49 99 6
49 99 7
49 99 8
49 99 9
49 99 10
49 99 11
49 99 12
49 99 13
49 99 14
49 99 15
49 99 16
49 99 17
49 99 18
49 99 19
49 99 20
49 99 21
49 99 22
49 99 23
49 99 24
49 99 25
49 99 26
49 99 27
49 99 28
49 99 29
49 99 30
49 99 31
49 99 32
49 99 33
49 99 34
49 99 35
49 99 36
49 99 37
49 99 38
49 99 39
50 0 0
50 0 1
50 0 2
50 0 3
50 0 4
50 0 5
50 0 6
50 0 7
50 0 8
50 0 9
50 0 10
50 0 11
50 0 12
50 0 13
50 0 14
50 0 15
50 0 16
50 0 17
50 0 18
50 0 19
50 0 20
50 0 21
50 0 22
50 0 23
50 0 24
50 0 25
50 0 26
50 0 27
50 0 28
50 0 29
50 0 30
50 0 31
50 0 32
50 0 33
50 0 34
50 0 35
50 0 36
50 0 37
50 0 38
50 0 39
50 1 0
50 1 39
50 2 0
50 2 39
50 3 0
50 3 39
50 4 0
50 4 39
50 5 0
50 5 39
50 6 0
50 6 39
50 7 0
50 7 39
50 8 0
50 8 39
50 9 0
50 9 39
50 10 0
50 10 39
50 11 0
50 11 39
50 12 0
50 12 39
50 13 0
50 13 1
50 13 2
50 13 3
50 13 4
50 13 5
50 13 6
50 13 7
50 13 8
50 13 9
50 13 10
50 13 11
50 13 12
50 13 13
50 13 14
50 13 15
50 13 16
50 13 17
50 13 18
50 13 19
50 13 20
50 13 21
50 13 22
50 13 23
50 13 24
50 13 25
50 13 26
50 13 27
50 13 28
50 13 29
50 13 30
50 13 31
50 13 32
50 13 33
50 13 34
50 13 35
50 13 36
50 13 37
50 13 38
50 13 39
50 14 0
50 14 39
50 15 0
50 15 39
50 16 0
50 16 39
50 17 0
50 17 39
50 18 0
50 18 39
50 19 0
50 19 39
50 20 0
50 20 39
50 21 0
50 21 39
50 22 0
50 22 39
50 23 0
50 23 39
50 24 0
50 24 39
50 25 0
50 25 39
50 26 0
50 26 1
50 26 2
50 26 3
50 26 4
50 26 5
50 26 6
50 26 7
50 26 8
50 26 9
50 26 10
50 26 11
50 26 12
50 26 13
50 26 14
50 26 15
50 26 16
50 26 17
50 26 18
50 26 19
50 26 20
50 26 21
50 26 22
50 26 23
50 26 24
50 26 25
50 26 26
50 26 27
50 26 28
50 26 29
50 26 30
50 26 31
50 26 32
50 26 33
50 26 34
50 26 35
50 26 36
50 26 37
50 26 38
50 26 39
50 27 0
50 27 39
50 28 0
50 28 39
50 29 0
50 29 39
50 30 0
50 30 39
50 31 0
50 31 39
50 32 0
50 32 39
50 33 0
50 33 39
50 34 0
50 34 39
50 35 0
50 35 39
50 36 0
50 36 39
50 37 0
50 37 39
50 38 0
50 38 39
50 39 0
50 39 39
50 40 0
50 40 39
50 41 0
50 41 39
50 42 0
50 42 39
50 43 0
50 43 39
50 44 0
50 44 39
50 45 0
50 45 39
50 46 0
50 46 39
50 47 0
50 47 39
50 48 0
50 48 39
50 49 0
50 49 39
50 50 0
50 50 39
50 51 0
50 51 39
50 52 0
50 52 39
50 53 0
50 53 39
50 54 0
50 54 39
50 55 0
50 55 39
50 56 0
50 56 39
50 57 0
50 57 39
50 58 0
50 58 39
50 59 0
50 59 39
50 60 0
50 60 39
50 61 0
50 61 39
50 62 0
50 62 39
50 63 0
50 63 1
50 63 2
50 63 3
50 63 4
50 63 5
50 63 6
50 63 7
50 63 8
50 63 9
50 63 10
50 63 11
50 63 12
50 63 13
50 63 14
50 63 15
50 63 16
50 63 17
50 63 18
50 63 19
50 63 20
50 63 21
50 63 22
50 63 23
50 63 24
50 63 25
50 63 26
50 63 27
50 63 28
50 63 29
50 63 30
50 63 31
50 63 32
50 63 33
50 63 34
50 63 35
50 63 36
50 63 37
50 63 38
50 63 39
50 64 0
50 64 39
50 65 0
50 65 39
50 66 0
50 66 39
50 67 0
50 67 39
50 68 0
50 68 39
50 69 0
50 69 39
50 70 0
50 70 39
50 71 0
50 71 39
50 72 0
50 72 39
50 73 0
50 73 39
50 74 0
50 74 39
50 75 0
50 75 39
50 76 0
50 76 1
50 76 2
50 76 3
50 76 4
50 76 5
50 76 6
50 76 7
50 76 8
50 76 9
50 76 10
50 76 11
50 76 12
50 76 13
50 76 14
50 76 15
50 76 16
50 76 17
50 76 18
50 76 19
50 76 20
50 76 21
50 76 22
50 76 23
50 76 24
50 76 25
50 76 26
50 76 27
50 76 28
50 76 29
50 76 30
50 76 31
50 76 32
50 76 33
50 76 34
50 76 35
50 76 36
50 76 37
50 76 38
50 76 39
50 77 0
50 77 1
50 77 2
50 77 3
50 77 4
50 77 5
50 77 6
50 77 7
50 77 8
50 77 9
50 77 10
50 77 11
50 77 12
50 77 13
50 77 14
50 77 15
50 77 16
50 77 17
50 77 18
50 77 19
50 77 20
50 77 21
50 77 22
50 77 23
50 77 24
50 77 25
50 77 26
50 77 27
50 77 28
50 77 29
50 77 30
50 77 31
50 77 32
50 77 33
50 77 34
50 77 35
50 77 36
50 77 37
50 77 38
50 77 39
50 78 0
50 78 1
50 78 2
50 78 3
50 78 4
50 78 5
50 78 6
50 78 7
50 78 8
50 78 9
50 78 10
50 78 11
50 78 12
50 78 13
50 78 14
50 78 15
50 78 16
50 78 17
50 78 18
50 78 19
50 78 20
50 78 21
50 78 22
50 78 23
50 78 24
50 78 25
50 78 26
50 78 27
50 78 28
50 78 29
50 78 30
50 78 31
50 78 32
50 78 33
50 78 34
50 78 35
50 78 36
50 78 37
50 78 38
50 78 39
50 79 0
50 79 39
50 80 0
50 80 39
50 81 0
50 81 39
50 82 0
50 82 39
50 83 0
50 83 39
50 84 0
50 84 39
50 85 0
50 85 39
50 86 0
50 86 39
50 87 0
50 87 39
50 88 0
50 88 39
50 89 0
50 89 39
50 90 0
50 90 39
50 91 0
50 91 39
50 92 0
50 92 39
50 93 0
50 93 39
50 94 0
50 94 39
50 95 0
50 95 39
50 96 0
50 96 39
50 97 0
50 97 39
50 98 0
50 98 39
50 99 0
50 99 1
50 99 2
50 99 3
50 99 4
50 99 5
50 99 6
50 99 7
50 99 8
50 99 9
50 99 10
50 99 11
50 99 12
50 99 13
50 99 14
50 99 15
50 99 16
50 99 17
50 99 18
50 99 19
50 99 20
50 99 21
50 99 22
50 99 23
50 99 24
50 99 25
50 99 26
50 99 27
50 99 28
50 99 29
50 99 30
50 99 31
50 99 32
50 99 33
50 99 34
50 99 35
50 99 36
50 99 37
50 99 38
50 99 39
51 0 0
51 0 1
51 0 2
51 0 3
51 0 4
51 0 5
51 0 6
51 0 7
51 0 8
51 0 9
51 0 10
51 0 11
51 0 12
51 0 13
51 0 14
51 0 15
51 0 16
51 0 17
51 0 18
51 0 19
51 0 20
51 0 21
51 0 22
51 0 23
51 0 24
51 0 25
51 0 26
51 0 27
51 0 28
51 0 29
51 0 30
51 0 31
51 0 32
51 0 33
51 0 34
51 0 35
51 0 36
51 0 37
51 0 38
51 0 39
51 1 0
51 1 39
51 2 0
51 2 39
51 3 0
51 3 39
51 4 0
51 4 39
51 5 0
51 5 39
51 6 0
51 6 39
51 7 0
51 7 39
51 8 0
51 8 39
51 9 0
51 9 39
51 10 0
51 10 39
51 11 0
51 11 39
51 12 0
51 12 1
51 12 2
51 12 3
51 12 4
51 12 5
51 12 6
51 12 7
51 12 8
51 12 9
51 12 10
51 12 11
51 12 12
51 12 13
51 12 14
51 12 15
51 12 16
51 12 17
51 12 18
51 12 19
51 12 20
51 12 21
51 12 22
51 12 23
51 12 24
51 12 25
51 12 26
51 12 27
51 12 28
51 12 29
51 12 30
51 12 31
51 12 32
51 12 33
51 12 34
51 12 35
51 12 36
51 12 37
51 12 38
51 12 39
51 13 0
51 13 1
51 13 2
51 13 3
51 13 4
51 13 5
51 13 6
51 13 7
51 13 8
51 13 9
51 13 10
51 13 11
51 13 12
51 13 13
51 13 14
51 13 15
51 13 16
51 13 17
51 13 18
51 13 19
51 13 20
51 13 21
51 13 22
51 13 23
51 13 24
51 13 25
51 13 26
51 13 27
51 13 28
51 13 29
51 13 30
51 13 31
51 13 32
51 13 33
51 13 34
51 13 35
51 13 36
51 13 37
51 13 38
51 13 39
51 14 0
51 14 1
51 14 2
51 14 3
51 14 4
51 14 5
51 14 6
51 14 7
51 14 8
51 14 9
51 14 10
51 14 11
51 14 12
51 14 13
51 14 14
51 14 15
51 14 16
51 14 17
51 14 18
51 14 19
51 14 20
51 14 21
51 14 22
51 14 23
51 14 24
51 14 25
51 14 26
51 14 27
51 14 28
51 14 29
51 14 30
51 14 31
51 14 32
51 14 33
51 14 34
51 14 35
51 14 36
51 14 37
51 14 38
51 14 39
51 15 0
51 15 39
51 16 0
51 16 39
51 17 0
51 17 39
51 18 0
51 18 39
51 19 0
51 19 39
51 20 0
51 20 39
51 21 0
51 21 39
51 22 0
51 22 39
51 23 0
51 23 39
51 24 0
51 24 39
51 25 0
51 25 39
51 26 0
51 26 39
51 27 0
51 27 39
51 28 0
51 28 39
51 29 0
51 29 39
51 30 0
51 30 39
51 31 0
51 31 39
51 32 0
51 32 39
51 33 0
51 33 39
51 34 0
51 34 39
51 35 0
51 35 39
51 36 0
51 36 39
51 37 0
51 37 39
51 38 0
51 38 39
51 39 0
51 39 39
51 40 0
51 40 39
51 41 0
51 41 39
51 42 0
51 42 39
51 43 0
51 43 39
51 44 0
51 44 39
51 45 0
51 45 39
51 46 0
51 46 39
51 47 0
51 47 39
51 48 0
51 48 39
51 49 0
51 49 39
51 50 0
51 50 39
51 51 0
51 51 39
51 52 0
51 52 39
51 53 0
51 53 39
51 54 0
51 54 39
51 55 0
51 55 39
51 56 0
51 56 39
51 57 0
51 57 39
51 58 0
51 58 39
51 59 0
51 59 39
51 60 0
51 60 39
51 61 0
51 61 39
51 62 0
51 62 1
51 62 2
51 62 3
51 62 4
51 62 5
51 62 6
51 62 7
51 62 8
51 62 9
51 62 10
51 62 11
51 62 12
51 62 13
51 62 14
51 62 15
51 62 16
51 62 17
51 62 18
51 62 19
51 62 20
51 62 21
51 62 22
51 62 23
51 62 24
51 62 25
51 62 26
51 62 27
51 62 28
51 62 29
51 62 30
51 62 31
51 62 32
51 62 33
51 62 34
51 62 35
51 62 36
51 62 37
51 62 38
51 62 39
51 63 0
51 63 1
51 63 2
51 63 3
51 63 4
51 63 5
51 63 6
51 63 7
51 63 8
51 63 9
51 63 10
51 63 11
51 63 12
51 63 13
51 63 14
51 63 15
51 63 16
51 63 17
51 63 18
51 63 19
51 63 20
51 63 21
51 63 22
51 63 23
51 63 24
51 63 25
51 63 26
51 63 27
51 63 28
51 63 29
51 63 30
51 63 31
51 63 32
51 63 33
51 63 34
51 63 35
51 63 36
51 63 37
51 63 38
51 63 39
51 64 0
51 64 1
51 64 2
51 64 3
51 64 4
51 64 5
51 64 6
51 64 7
51 64 8
51 64 9
51 64 10
51 64 11
51 64 12
51 64 13
51 64 14
51 64 15
51 64 16
51 64 17
51 64 18
51 64 19
51 64 20
51 64 21
51 64 22
51 64 23
51 64 24
51 64 25
51 64 26
51 64 27
51 64 28
51 64 29
51 64 30
51 64 31
51 64 32
51 64 33
51 64 34
51 64 35
51 64 36
51 64 37
51 64 38
51 64 39
51 65 0
51 65 39
51 66 0
51 66 39
51 67 0
51 67 39
51 68 0
51 68 39
51 69 0
51 69 39
51 70 0
51 70 39
51 71 0
51 71 39
51 72 0
51 72 39
51 73 0
51 73 39
51 74 0
51 74 39
51 75 0
51 75 39
51 76 0
51 76 1
51 76 2
51 76 3
51 76 4
51 76 5
51 76 6
51 76 7
51 76 8
51 76 9
51 76 10
51 76 11
51 76 12
51 76 13
51 76 14
51 76 15
51 76 16
51 76 17
51 76 18
51 76 19
51 76 20
51 76 21
51 76 22
51 76 23
51 76 24
51 76 25
51 76 26
51 76 27
51 76 28
51 76 29
51 76 30
51 76 31
51 76 32
51 76 33
51 76 34
51 76 35
51 76 36
51 76 37
51 76 38
51 76 39
51 77 0
51 77 1
51 77 2
51 77 3
51 77 4
51 77 5
51 77 6
51 77 7
51 77 8
51 77 9
51 77 10
51 77 11
51 77 12
51 77 13
51 77 14
51 77 15
51 77 16
51 77 17
51 77 18
51 77 19
51 77 20
51 77 21
51 77 22
51 77 23
51 77 24
51 77 25
51 77 26
51 77 27
51 77 28
51 77 29
51 77 30
51 77 31
51 77 32
51 77 33
51 77 34
51 77 35
51 77 36
51 77 37
51 77 38
51 77 39
51 78 0
51 78 1
51 78 2
51 78 3
51 78 4
51 78 5
51 78 6
51 78 7
51 78 8
51 78 9
51 78 10
51 78 11
51 78 12
51 78 13
51 78 14
51 78 15
51 78 16
51 78 17
51 78 18
51 78 19
51 78 20
51 78 21
51 78 22
51 78 23
51 78 24
51 78 25
51 78 26
51 78 27
51 78 28
51 78 29
51 78 30
51 78 31
51 78 32
51 78 33
51 78 34
51 78 35
51 78 36
51 78 37
51 78 38
51 78 39
51 79 0
51 79 39
51 80 0
51 80 39
51 81 0
51 81 39
51 82 0
51 82 39
51 83 0
51 83 39
51 84 0
51 84 39
51 85 0
51 85 39
51 86 0
51 86 39
51 87 0
51 87 39
51 88 0
51 88 39
51 89 0
51 89 39
51 90 0
51 90 39
51 91 0
51 91 39
51 92 0
51 92 39
51 93 0
51 93 39
51 94 0
51 94 39
51 95 0
51 95 39
51 96 0
51 96 39
51 97 0
51 97 39
51 98 0
51 98 39
51 99 0
51 99 1
51 99 2
51 99 3
51 99 4
51 99 5
51 99 6
51 99 7
51 99 8
51 99 9
51 99 10
51 99 11
51 99 12
51 99 13
51 99 14
51 99 15
51 99 16
51 99 17
51 99 18
51 99 19
51 99 20
51 99 21
51 99 22
51 99 23
51 99 24
51 99 25
51 99 26
51 99 27
51 99 28
51 99 29
51 99 30
51 99 31
51 99 32
51 99 33
51 99 34
51 99 35
51 99 36
51 99 37
51 99 38
51 99 39
52 0 0
52 0 1
52 0 2
52 0 3
52 0 4
52 0 5
52 0 6
52 0 7
52 0 8
52 0 9
52 0 10
52 0 11
52 0 12
52 0 13
52 0 14
52 0 15
52 0 16
52 0 17
52 0 18
52 0 19
52 0 20
52 0 21
52 0 22
52 0 23
52 0 24
52 0 25
52 0 26
52 0 27
52 0 28
52 0 29
52 0 30
52 0 31
52 0 32
52 0 33
52 0 34
52 0 35
52 0 36
52 0 37
52 0 38
52 0 39
52 1 0
52 1 39
52 2 0
52 2 39
52 3 0
52 3 39
52 4 0
52 4 39
52 5 0
52 5 39
52 6 0
52 6 39
52 7 0
52 7 39
52 8 0
52 8 39
52 9 0
52 9 39
52 10 0
52 10 39
52 11 0
52 11 39
52 12 0
52 12 39
52 13 0
52 13 1
52 13 2
52 13 3
52 13 4
52 13 5
52 13 6
52 13 7
52 13 8
52 13 9
52 13 10
52 13 11
52 13 12
52 13 13
52 13 14
52 13 15
52 13 16
52 13 17
52 13 18
52 13 19
52 13 20
52 13 21
52 13 22
52 13 23
52 13 24
52 13 25
52 13 26
52 13 27
52 13 28
52 13 29
52 13 30
52 13 31
52 13 32
52 13 33
52 13 34
52 13 35
52 13 36
52 13 37
52 13 38
52 13 39
52 14 0
52 14 39
52 15 0
52 15 39
52 16 0
52 16 39
52 17 0
52 17 39
52 18 0
52 18 39
52 19 0
52 19 39
52 20 0
52 20 39
52 21 0
52 21 39
52 22 0
52 22 39
52 23 0
52 23 39
52 24 0
52 24 39
52 25 0
52 25 39
52 26 0
52 26 39
52 27 0
52 27 39
52 28 0
52 28 39
52 29 0
52 29 39
52 30 0
52 30 39
52 31 0
52 31 39
52 32 0
52 32 39
52 33 0
52 33 39
52 34 0
52 34 39
52 35 0
52 35 39
52 36 0
52 36 39
52 37 0
52 37 39
52 38 0
52 38 39
52 39 0
52 39 39
52 40 0
52 40 39
52 41 0
52 41 39
52 42 0
52 42 39
52 43 0
52 43 39
52 44 0
52 44 39
52 45 0
52 45 39
52 46 0
52 46 39
52 47 0
52 47 39
52 48 0
52 48 39
52 49 0
52 49 39
52 50 0
52 50 39
52 51 0
52 51 39
52 52 0
52 52 39
52 53 0
52 53 39
52 54 0
52 54 39
52 55 0
52 55 39
52 56 0
52 56 39
52 57 0
52 57 39
52 58 0
52 58 39
52 59 0
52 59 39
52 60 0
52 60 39
52 61 0
52 61 39
52 62 0
52 62 39
52 63 0
52 63 1
52 63 2
52 63 3
52 63 4
52 63 5
52 63 6
52 63 7
52 63 8
52 63 9
52 63 10
52 63 11
52 63 12
52 63 13
52 63 14
52 63 15
52 63 16
52 63 17
52 63 18
52 63 19
52 63 20
52 63 21
52 63 22
52 63 23
52 63 24
52 63 25
52 63 26
52 63 27
52 63 28
52 63 29
52 63 30
52 63 31
52 63 32
52 63 33
52 63 34
52 63 35
52 63 36
52 63 37
52 63 38
52 63 39
52 64 0
52 64 1
52 64 2
52 64 3
52 64 4
52 64 5
52 64 6
52 64 7
52 64 8
52 64 9
52 64 10
52 64 11
52 64 12
52 64 13
52 64 14
52 64 15
52 64 16
52 64 17
52 64 18
52 64 19
52 64 20
52 64 21
52 64 22
52 64 23
52 64 24
52 64 25
52 64 26
52 64 27
52 64 28
52 64 29
52 64 30
52 64 31
52 64 32
52 64 33
52 64 34
52 64 35
52 64 36
52 64 37
52 64 38
52 64 39
52 65 0
52 65 39
52 66 0
52 66 39
52 67 0
52 67 39
52 68 0
52 68 39
52 69 0
52 69 39
52 70 0
52 70 39
52 71 0
52 71 39
52 72 0
52 72 39
52 73 0
52 73 39
52 74 0
52 74 39
52 75 0
52 75 39
52 76 0
52 76 39
52 77 0
52 77 1
52 77 2
52 77 3
52 77 4
52 77 5
52 77 6
52 77 7
52 77 8
52 77 9
52 77 10
52 77 11
52 77 12
52 77 13
52 77 14
52 77 15
52 77 16
52 77 17
52 77 18
52 77 19
52 77 20
52 77 21
52 77 22
52 77 23
52 77 24
52 77 25
52 77 26
52 77 27
52 77 28
52 77 29
52 77 30
52 77 31
52 77 32
52 77 33
52 77 34
52 77 35
52 77 36
52 77 37
52 77 38
52 77 39
52 78 0
52 78 39
52 79 0
52 79 39
52 80 0
52 80 39
52 81 0
52 81 39
52 82 0
52 82 39
52 83 0
52 83 39
52 84 0
52 84 39
52 85 0
52 85 39
52 86 0
52 86 39
52 87 0
52 87 39
52 88 0
52 88 39
52 89 0
52 89 39
52 90 0
52 90 39
52 91 0
52 91 39
52 92 0
52 92 39
52 93 0
52 93 39
52 94 0
52 94 39
52 95 0
52 95 39
52 96 0
52 96 39
52 97 0
52 97 39
52 98 0
52 98 39
52 99 0
52 99 1
52 99 2
52 99 3
52 99 4
52 99 5
52 99 6
52 99 7
52 99 8
52 99 9
52 99 10
52 99 11
52 99 12
52 99 13
52 99 14
52 99 15
52 99 16
52 99 17
52 99 18
52 99 19
52 99 20
52 99 21
52 99 22
52 99 23
52 99 24
52 99 25
52 99 26
52 99 27
52 99 28
52 99 29
52 99 30
52 99 31
52 99 32
52 99 33
52 99 34
52 99 35
52 99 36
52 99 37
52 99 38
52 99 39
53 0 0
53 0 1
53 0 2
53 0 3
53 0 4
53 0 5
53 0 6
53 0 7
53 0 8
53 0 9
53 0 10
53 0 11
53 0 12
53 0 13
53 0 14
53 0 15
53 0 16
53 0 17
53 0 18
53 0 19
53 0 20
53 0 21
53 0 22
53 0 23
53 0 24
53 0 25
53 0 26
53 0 27
53 0 28
53 0 29
53 0 30
53 0 31
53 0 32
53 0 33
53 0 34
53 0 35
53 0 36
53 0 37
53 0 38
53 0 39
53 1 0
53 1 39
53 2 0
53 2 39
53 3 0
53 3 39
53 4 0
53 4 39
53 5 0
53 5 39
53 6 0
53 6 39
53 7 0
53 7 39
53 8 0
53 8 39
53 9 0
53 9 39
53 10 0
53 10 39
53 11 0
53 11 39
53 12 0
53 12 39
53 13 0
53 13 39
53 14 0
53 14 39
53 15 0
53 15 39
53 16 0
53 16 39
53 17 0
53 17 39
53 18 0
53 18 39
53 19 0
53 19 39
53 20 0
53 20 39
53 21 0
53 21 39
53 22 0
53 22 39
53 23 0
53 23 39
53 24 0
53 24 39
53 25 0
53 25 39
53 26 0
53 26 39
53 27 0
53 27 39
53 28 0
53 28 39
53 29 0
53 29 39
53 30 0
53 30 39
53 31 0
53 31 39
53 32 0
53 32 39
53 33 0
53 33 39
53 34 0
53 34 39
53 35 0
53 35 39
53 36 0
53 36 39
53 37 0
53 37 39
53 38 0
53 38 39
53 39 0
53 39 39
53 40 0
53 40 39
53 41 0
53 41 39
53 42 0
53 42 39
53 43 0
53 43 39
53 44 0
53 44 39
53 45 0
53 45 39
53 46 0
53 46 39
53 47 0
53 47 39
53 48 0
53 48 39
53 49 0
53 49 39
53 50 0
53 50 39
53 51 0
53 51 39
53 52 0
53 52 39
53 53 0
53 53 39
53 54 0
53 54 39
53 55 0
53 55 39
53 56 0
53 56 39
53 57 0
53 57 39
53 58 0
53 58 39
53 59 0
53 59 39
53 60 0
53 60 39
53 61 0
53 61 39
53 62 0
53 62 39
53 63 0
53 63 1
53 63 2
53 63 3
53 63 4
53 63 5
53 63 6
53 63 7
53 63 8
53 63 9
53 63 10
53 63 11
53 63 12
53 63 13
53 63 14
53 63 15
53 63 16
53 63 17
53 63 18
53 63 19
53 63 20
53 63 21
53 63 22
53 63 23
53 63 24
53 63 25
53 63 26
53 63 27
53 63 28
53 63 29
53 63 30
53 63 31
53 63 32
53 63 33
53 63 34
53 63 35
53 63 36
53 63 37
53 63 38
53 63 39
53 64 0
53 64 1
53 64 2
53 64 3
53 64 4
53 64 5
53 64 6
53 64 7
53 64 8
53 64 9
53 64 10
53 64 11
53 64 12
53 64 13
53 64 14
53 64 15
53 64 16
53 64 17
53 64 18
53 64 19
53 64 20
53 64 21
53 64 22
53 64 23
53 64 24
53 64 25
53 64 26
53 64 27
53 64 28
53 64 29
53 64 30
53 64 31
53 64 32
53 64 33
53 64 34
53 64 35
53 64 36
53 64 37
53 64 38
53 64 39
53 65 0
53 65 1
53 65 2
53 65 3
53 65 4
53 65 5
53 65 6
53 65 7
53 65 8
53 65 9
53 65 10
53 65 11
53 65 12
53 65 13
53 65 14
53 65 15
53 65 16
53 65 17
53 65 18
53 65 19
53 65 20
53 65 21
53 65 22
53 65 23
53 65 24
53 65 25
53 65 26
53 65 27
53 65 28
53 65 29
53 65 30
53 65 31
53 65 32
53 65 33
53 65 34
53 65 35
53 65 36
53 65 37
53 65 38
53 65 39
53 66 0
53 66 39
53 67 0
53 67 39
53 68 0
53 68 39
53 69 0
53 69 39
53 70 0
53 70 39
53 71 0
53 71 39
53 72 0
53 72 39
53 73 0
53 73 39
53 74 0
53 74 39
53 75 0
53 75 39
53 76 0
53 76 39
53 77 0
53 77 39
53 78 0
53 78 39
53 79 0
53 79 39
53 80 0
53 80 39
53 81 0
53 81 39
53 82 0
53 82 39
53 83 0
53 83 39
53 84 0
53 84 39
53 85 0
53 85 39
53 86 0
53 86 39
53 87 0
53 87 39
53 88 0
53 88 39
53 89 0
53 89 39
53 90 0
53 90 39
53 91 0
53 91 39
53 92 0
53 92 39
53 93 0
53 93 39
53 94 0
53 94 39
53 95 0
53 95 39
53 96 0
53 96 39
53 97 0
53 97 39
53 98 0
53 98 39
53 99 0
53 99 1
53 99 2
53 99 3
53 99 4
53 99 5
53 99 6
53 99 7
53 99 8
53 99 9
53 99 10
53 99 11
53 99 12
53 99 13
53 99 14
53 99 15
53 99 16
53 99 17
53 99 18
53 99 19
53 99 20
53 99 21
53 99 22
53 99 23
53 99 24
53 99 25
53 99 26
53 99 27
53 99 28
53 99 29
53 99 30
53 99 31
53 99 32
53 99 33
53 99 34
53 99 35
53 99 36
53 99 37
53 99 38
53 99 39
54 0 0
54 0 1
54 0 2
54 0 3
54 0 4
54 0 5
54 0 6
54 0 7
54 0 8
54 0 9
54 0 10
54 0 11
54 0 12
54 0 13
54 0 14
54 0 15
54 0 16
54 0 17
54 0 18
54 0 19
54 0 20
54 0 21
54 0 22
54 0 23
54 0 24
54 0 25
54 0 26
54 0 27
54 0 28
54 0 29
54 0 30
54 0 31
54 0 32
54 0 33
54 0 34
54 0 35
54 0 36
54 0 37
54 0 38
54 0 39
54 1 0
54 1 39
54 2 0
54 2 39
54 3 0
54 3 39
54 4 0
54 4 39
54 5 0
54 5 39
54 6 0
54 6 39
54 7 0
54 7 39
54 8 0
54 8 39
54 9 0
54 9 39
54 10 0
54 10 39
54 11 0
54 11 39
54 12 0
54 12 39
54 13 0
54 13 39
54 14 0
54 14 39
54 15 0
54 15 39
54 16 0
54 16 39
54 17 0
54 17 39
54 18 0
54 18 39
54 19 0
54 19 39
54 20 0
54 20 39
54 21 0
54 21 39
54 22 0
54 22 39
54 23 0
54 23 39
54 24 0
54 24 39
54 25 0
54 25 39
54 26 0
54 26 39
54 27 0
54 27 39
54 28 0
54 28 39
54 29 0
54 29 39
54 30 0
54 30 39
54 31 0
54 31 39
54 32 0
54 32 39
54 33 0
54 33 1
54 33 2
54 33 3
54 33 4
54 33 5
54 33 6
54 33 7
54 33 8
54 33 9
54 33 10
54 33 11
54 33 12
54 33 13
54 33 14
54 33 15
54 33 16
54 33 17
54 33 18
54 33 19
54 33 20
54 33 21
54 33 22
54 33 23
54 33 24
54 33 25
54 33 26
54 33 27
54 33 28
54 33 29
54 33 30
54 33 31
54 33 32
54 33 33
54 33 34
54 33 35
54 33 36
54 33 37
54 33 38
54 33 39
54 34 0
54 34 39
54 35 0
54 35 39
54 36 0
54 36 39
54 37 0
54 37 39
54 38 0
54 38 39
54 39 0
54 39 39
54 40 0
54 40 39
54 41 0
54 41 39
54 42 0
54 42 39
54 43 0
54 43 39
54 44 0
54 44 39
54 45 0
54 45 39
54 46 0
54 46 39
54 47 0
54 47 39
54 48 0
54 48 39
54 49 0
54 49 39
54 50 0
54 50 39
54 51 0
54 51 39
54 52 0
54 52 39
54 53 0
54 53 39
54 54 0
54 54 39
54 55 0
54 55 39
54 56 0
54 56 39
54 57 0
54 57 39
54 58 0
54 58 39
54 59 0
54 59 39
54 60 0
54 60 39
54 61 0
54 61 39
54 62 0
54 62 39
54 63 0
54 63 39
54 64 0
54 64 1
54 64 2
54 64 3
54 64 4
54 64 5
54 64 6
54 64 7
54 64 8
54 64 9
54 64 10
54 64 11
54 64 12
54 64 13
54 64 14
54 64 15
54 64 16
54 64 17
54 64 18
54 64 19
54 64 20
54 64 21
54 64 22
54 64 23
54 64 24
54 64 25
54 64 26
54 64 27
54 64 28
54 64 29
54 64 30
54 64 31
54 64 32
54 64 33
54 64 34
54 64 35
54 64 36
54 64 37
54 64 38
54 64 39
54 65 0
54 65 39
54 66 0
54 66 39
54 67 0
54 67 39
54 68 0
54 68 39
54 69 0
54 69 39
54 70 0
54 70 39
54 71 0
54 71 39
54 72 0
54 72 39
54 73 0
54 73 39
54 74 0
54 74 39
54 75 0
54 75 39
54 76 0
54 76 39
54 77 0
54 77 39
54 78 0
54 78 39
54 79 0
54 79 39
54 80 0
54 80 39
54 81 0
54 81 39
54 82 0
54 82 39
54 83 0
54 83 39
54 84 0
54 84 39
54 85 0
54 85 39
54 86 0
54 86 39
54 87 0
54 87 39
54 88 0
54 88 39
54 89 0
54 89 39
54 90 0
54 90 1
54 90 2
54 90 3
54 90 4
54 90 5
54 90 6
54 90 7
54 90 8
54 90 9
54 90 10
54 90 11
54 90 12
54 90 13
54 90 14
54 90 15
54 90 16
54 90 17
54 90 18
54 90 19
54 90 20
54 90 21
54 90 22
54 90 23
54 90 24
54 90 25
54 90 26
54 90 27
54 90 28
54 90 29
54 90 30
54 90 31
54 90 32
54 90 33
54 90 34
54 90 35
54 90 36
54 90 37
54 90 38
54 90 39
54 91 0
54 91 39
54 92 0
54 92 39
54 93 0
54 93 39
54 94 0
54 94 39
54 95 0
54 95 39
54 96 0
54 96 39
54 97 0
54 97 39
54 98 0
54 98 39
54 99 0
54 99 1
54 99 2
54 99 3
54 99 4
54 99 5
54 99 6
54 99 7
54 99 8
54 99 9
54 99 10
54 99 11
54 99 12
54 99 13
54 99 14
54 99 15
54 99 16
54 99 17
54 99 18
54 99 19
54 99 20
54 99 21
54 99 22
54 99 23
54 99 24
54 99 25
54 99 26
54 99 27
54 99 28
54 99 29
54 99 30
54 99 31
54 99 32
54 99 33
54 99 34
54 99 35
54 99 36
54 99 37
54 99 38
54 99 39
55 0 0
55 0 1
55 0 2
55 0 3
55 0 4
55 0 5
55 0 6
55 0 7
55 0 8
55 0 9
55 0 10
55 0 11
55 0 12
55 0 13
55 0 14
55 0 15
55 0 16
55 0 17
55 0 18
55 0 19
55 0 20
55 0 21
55 0 22
55 0 23
55 0 24
55 0 25
55 0 26
55 0 27
55 0 28
55 0 29
55 0 30
55 0 31
55 0 32
55 0 33
55 0 34
55 0 35
55 0 36
55 0 37
55 0 38
55 0 39
55 1 0
55 1 39
55 2 0
55 2 39
55 3 0
55 3 39
55 4 0
55 4 39
55 5 0
55 5 39
55 6 0
55 6 39
55 7 0
55 7 39
55 8 0
55 8 39
55 9 0
55 9 39
55 10 0
55 10 39
55 11 0
55 11 39
55 12 0
55 12 39
55 13 0
55 13 39
55 14 0
55 14 39
55 15 0
55 15 39
55 16 0
55 16 39
55 17 0
55 17 39
55 18 0
55 18 39
55 19 0
55 19 39
55 20 0
55 20 39
55 21 0
55 21 39
55 22 0
55 22 39
55 23 0
55 23 39
55 24 0
55 24 39
55 25 0
55 25 39
55 26 0
55 26 39
55 27 0
55 27 39
55 28 0
55 28 39
55 29 0
55 29 39
55 30 0
55 30 39
55 31 0
55 31 39
55 32 0
55 32 1
55 32 2
55 32 3
55 32 4
55 32 5
55 32 6
55 32 7
55 32 8
55 32 9
55 32 10
55 32 11
55 32 12
55 32 13
55 32 14
55 32 15
55 32 16
55 32 17
55 32 18
55 32 19
55 32 20
55 32 21
55 32 22
55 32 23
55 32 24
55 32 25
55 32 26
55 32 27
55 32 28
55 32 29
55 32 30
55 32 31
55 32 32
55 32 33
55 32 34
55 32 35
55 32 36
55 32 37
55 32 38
55 32 39
55 33 0
55 33 1
55 33 2
55 33 3
55 33 4
55 33 5
55 33 6
55 33 7
55 33 8
55 33 9
55 33 10
55 33 11
55 33 12
55 33 13
55 33 14
55 33 15
55 33 16
55 33 17
55 33 18
55 33 19
55 33 20
55 33 21
55 33 22
55 33 23
55 33 24
55 33 25
55 33 26
55 33 27
55 33 28
55 33 29
55 33 30
55 33 31
55 33 32
55 33 33
55 33 34
55 33 35
55 33 36
55 33 37
55 33 38
55 33 39
55 34 0
55 34 1
55 34 2
55 34 3
55 34 4
55 34 5
55 34 6
55 34 7
55 34 8
55 34 9
55 34 10
55 34 11
55 34 12
55 34 13
55 34 14
55 34 15
55 34 16
55 34 17
55 34 18
55 34 19
55 34 20
55 34 21
55 34 22
55 34 23
55 34 24
55 34 25
55 34 26
55 34 27
55 34 28
55 34 29
55 34 30
55 34 31
55 34 32
55 34 33
55 34 34
55 34 35
55 34 36
55 34 37
55 34 38
55 34 39
55 35 0
55 35 39
55 36 0
55 36 39
55 37 0
55 37 39
55 38 0
55 38 39
55 39 0
55 39 39
55 40 0
55 40 39
55 41 0
55 41 39
55 42 0
55 42 39
55 43 0
55 43 39
55 44 0
55 44 39
55 45 0
55 45 39
55 46 0
55 46 39
55 47 0
55 47 39
55 48 0
55 48 39
55 49 0
55 49 39
55 50 0
55 50 39
55 51 0
55 51 39
55 52 0
55 52 39
55 53 0
55 53 39
55 54 0
55 54 39
55 55 0
55 55 39
55 56 0
55 56 39
55 57 0
55 57 39
55 58 0
55 58 39
55 59 0
55 59 39
55 60 0
55 60 39
55 61 0
55 61 39
55 62 0
55 62 39
55 63 0
55 63 39
55 64 0
55 64 39
55 65 0
55 65 39
55 66 0
55 66 39
55 67 0
55 67 39
55 68 0
55 68 39
55 69 0
55 69 39
55 70 0
55 70 39
55 71 0
55 71 39
55 72 0
55 72 39
55 73 0
55 73 39
55 74 0
55 74 39
55 75 0
55 75 39
55 76 0
55 76 39
55 77 0
55 77 39
55 78 0
55 78 39
55 79 0
55 79 39
55 80 0
55 80 39
55 81 0
55 81 39
55 82 0
55 82 39
55 83 0
55 83 39
55 84 0
55 84 39
55 85 0
55 85 39
55 86 0
55 86 39
55 87 0
55 87 39
55 88 0
55 88 39
55 89 0
55 89 1
55 89 2
55 89 3
55 89 4
55 89 5
55 89 6
55 89 7
55 89 8
55 89 9
55 89 10
55 89 11
55 89 12
55 89 13
55 89 14
55 89 15
55 89 16
55 89 17
55 89 18
55 89 19
55 89 20
55 89 21
55 89 22
55 89 23
55 89 24
55 89 25
55 89 26
55 89 27
55 89 28
55 89 29
55 89 30
55 89 31
55 89 32
55 89 33
55 89 34
55 89 35
55 89 36
55 89 37
55 89 38
55 89 39
55 90 0
55 90 1
55 90 2
55 90 3
55 90 4
55 90 5
55 90 6
55 90 7
55 90 8
55 90 9
55 90 10
55 90 11
55 90 12
55 90 13
55 90 14
55 90 15
55 90 16
55 90 17
55 90 18
55 90 19
55 90 20
55 90 21
55 90 22
55 90 23
55 90 24
55 90 25
55 90 26
55 90 27
55 90 28
55 90 29
55 90 30
55 90 31
55 90 32
55 90 33
55 90 34
55 90 35
55 90 36
55 90 37
55 90 38
55 90 39
55 91 0
55 91 1
55 91 2
55 91 3
55 91 4
55 91 5
55 91 6
55 91 7
55 91 8
55 91 9
55 91 10
55 91 11
55 91 12
55 91 13
55 91 14
55 91 15
55 91 16
55 91 17
55 91 18
55 91 19
55 91 20
55 91 21
55 91 22
55 91 23
55 91 24
55 91 25
55 91 26
55 91 27
55 91 28
55 91 29
55 91 30
55 91 31
55 91 32
55 91 33
55 91 34
55 91 35
55 91 36
55 91 37
55 91 38
55 91 39
55 92 0
55 92 39
55 93 0
55 93 1
55 93 2
55 93 3
55 93 4
55 93 5
55 93 6
55 93 7
55 93 8
55 93 9
55 93 10
55 93 11
55 93 12
55 93 13
55 93 14
55 93 15
55 93 16
55 93 17
55 93 18
55 93 19
55 93 20
55 93 21
55 93 22
55 93 23
55 93 24
55 93 25
55 93 26
55 93 27
55 93 28
55 93 29
55 93 30
55 93 31
55 93 32
55 93 33
55 93 34
55 93 35
55 93 36
55 93 37
55 93 38
55 93 39
55 94 0
55 94 39
55 95 0
55 95 39
55 96 0
55 96 39
55 97 0
55 97 39
55 98 0
55 98 39
55 99 0
55 99 1
55 99 2
55 99 3
55 99 4
55 99 5
55 99 6
55 99 7
55 99 8
55 99 9
55 99 10
55 99 11
55 99 12
55 99 13
55 99 14
55 99 15
55 99 16
55 99 17
55 99 18
55 99 19
55 99 20
55 99 21
55 99 22
55 99 23
55 99 24
55 99 25
55 99 26
55 99 27
55 99 28
55 99 29
55 99 30
55 99 31
55 99 32
55 99 33
55 99 34
55 99 35
55 99 36
55 99 37
55 99 38
55 99 39
56 0 0
56 0 1
56 0 2
56 0 3
56 0 4
56 0 5
56 0 6
56 0 7
56 0 8
56 0 9
56 0 10
56 0 11
56 0 12
56 0 13
56 0 14
56 0 15
56 0 16
56 0 17
56 0 18
56 0 19
56 0 20
56 0 21
56 0 22
56 0 23
56 0 24
56 0 25
56 0 26
56 0 27
56 0 28
56 0 29
56 0 30
56 0 31
56 0 32
56 0 33
56 0 34
56 0 35
56 0 36
56 0 37
56 0 38
56 0 39
56 1 0
56 1 39
56 2 0
56 2 39
56 3 0
56 3 39
56 4 0
56 4 39
56 5 0
56 5 39
56 6 0
56 6 39
56 7 0
56 7 39
56 8 0
56 8 39
56 9 0
56 9 39
56 10 0
56 10 39
56 11 0
56 11 39
56 12 0
56 12 39
56 13 0
56 13 39
56 14 0
56 14 39
56 15 0
56 15 39
56 16 0
56 16 39
56 17 0
56 17 39
56 18 0
56 18 39
56 19 0
56 19 39
56 20 0
56 20 39
56 21 0
56 21 39
56 22 0
56 22 39
56 23 0
56 23 39
56 24 0
56 24 39
56 25 0
56 25 39
56 26 0
56 26 39
56 27 0
56 27 39
56 28 0
56 28 39
56 29 0
56 29 39
56 30 0
56 30 39
56 31 0
56 31 39
56 32 0
56 32 39
56 33 0
56 33 1
56 33 2
56 33 3
56 33 4
56 33 5
56 33 6
56 33 7
56 33 8
56 33 9
56 33 10
56 33 11
56 33 12
56 33 13
56 33 14
56 33 15
56 33 16
56 33 17
56 33 18
56 33 19
56 33 20
56 33 21
56 33 22
56 33 23
56 33 24
56 33 25
56 33 26
56 33 27
56 33 28
56 33 29
56 33 30
56 33 31
56 33 32
56 33 33
56 33 34
56 33 35
56 33 36
56 33 37
56 33 38
56 33 39
56 34 0
56 34 39
56 35 0
56 35 39
56 36 0
56 36 39
56 37 0
56 37 39
56 38 0
56 38 39
56 39 0
56 39 39
56 40 0
56 40 39
56 41 0
56 41 39
56 42 0
56 42 39
56 43 0
56 43 39
56 44 0
56 44 39
56 45 0
56 45 39
56 46 0
56 46 39
56 47 0
56 47 39
56 48 0
56 48 39
56 49 0
56 49 39
56 50 0
56 50 39
56 51 0
56 51 39
56 52 0
56 52 39
56 53 0
56 53 39
56 54 0
56 54 1
56 54 2
56 54 3
56 54 4
56 54 5
56 54 6
56 54 7
56 54 8
56 54 9
56 54 10
56 54 11
56 54 12
56 54 13
56 54 14
56 54 15
56 54 16
56 54 17
56 54 18
56 54 19
56 54 20
56 54 21
56 54 22
56 54 23
56 54 24
56 54 25
56 54 26
56 54 27
56 54 28
56 54 29
56 54 30
56 54 31
56 54 32
56 54 33
56 54 34
56 54 35
56 54 36
56 54 37
56 54 38
56 54 39
56 55 0
56 55 39
56 56 0
56 56 39
56 57 0
56 57 39
56 58 0
56 58 39
56 59 0
56 59 39
56 60 0
56 60 39
56 61 0
56 61 39
56 62 0
56 62 39
56 63 0
56 63 1
56 63 2
56 63 3
56 63 4
56 63 5
56 63 6
56 63 7
56 63 8
56 63 9
56 63 10
56 63 11
56 63 12
56 63 13
56 63 14
56 63 15
56 63 16
56 63 17
56 63 18
56 63 19
56 63 20
56 63 21
56 63 22
56 63 23
56 63 24
56 63 25
56 63 26
56 63 27
56 63 28
56 63 29
56 63 30
56 63 31
56 63 32
56 63 33
56 63 34
56 63 35
56 63 36
56 63 37
56 63 38
56 63 39
56 64 0
56 64 39
56 65 0
56 65 39
56 66 0
56 66 39
56 67 0
56 67 39
56 68 0
56 68 39
56 69 0
56 69 39
56 70 0
56 70 1
56 70 2
56 70 3
56 70 4
56 70 5
56 70 6
56 70 7
56 70 8
56 70 9
56 70 10
56 70 11
56 70 12
56 70 13
56 70 14
56 70 15
56 70 16
56 70 17
56 70 18
56 70 19
56 70 20
56 70 21
56 70 22
56 70 23
56 70 24
56 70 25
56 70 26
56 70 27
56 70 28
56 70 29
56 70 30
56 70 31
56 70 32
56 70 33
56 70 34
56 70 35
56 70 36
56 70 37
56 70 38
56 70 39
56 71 0
56 71 39
56 72 0
56 72 39
56 73 0
56 73 39
56 74 0
56 74 39
56 75 0
56 75 39
56 76 0
56 76 39
56 77 0
56 77 39
56 78 0
56 78 39
56 79 0
56 79 39
56 80 0
56 80 39
56 81 0
56 81 39
56 82 0
56 82 39
56 83 0
56 83 39
56 84 0
56 84 39
56 85 0
56 85 39
56 86 0
56 86 39
56 87 0
56 87 39
56 88 0
56 88 39
56 89 0
56 89 1
56 89 2
56 89 3
56 89 4
56 89 5
56 89 6
56 89 7
56 89 8
56 89 9
56 89 10
56 89 11
56 89 12
56 89 13
56 89 14
56 89 15
56 89 16
56 89 17
56 89 18
56 89 19
56 89 20
56 89 21
56 89 22
56 89 23
56 89 24
56 89 25
56 89 26
56 89 27
56 89 28
56 89 29
56 89 30
56 89 31
56 89 32
56 89 33
56 89 34
56 89 35
56 89 36
56 89 37
56 89 38
56 89 39
56 90 0
56 90 1
56 90 2
56 90 3
56 90 4
56 90 5
56 90 6
56 90 7
56 90 8
56 90 9
56 90 10
56 90 11
56 90 12
56 90 13
56 90 14
56 90 15
56 90 16
56 90 17
56 90 18
56 90 19
56 90 20
56 90 21
56 90 22
56 90 23
56 90 24
56 90 25
56 90 26
56 90 27
56 90 28
56 90 29
56 90 30
56 90 31
56 90 32
56 90 33
56 90 34
56 90 35
56 90 36
56 90 37
56 90 38
56 90 39
56 91 0
56 91 39
56 92 0
56 92 1
56 92 2
56 92 3
56 92 4
56 92 5
56 92 6
56 92 7
56 92 8
56 92 9
56 92 10
56 92 11
56 92 12
56 92 13
56 92 14
56 92 15
56 92 16
56 92 17
56 92 18
56 92 19
56 92 20
56 92 21
56 92 22
56 92 23
56 92 24
56 92 25
56 92 26
56 92 27
56 92 28
56 92 29
56 92 30
56 92 31
56 92 32
56 92 33
56 92 34
56 92 35
56 92 36
56 92 37
56 92 38
56 92 39
56 93 0
56 93 1
56 93 2
56 93 3
56 93 4
56 93 5
56 93 6
56 93 7
56 93 8
56 93 9
56 93 10
56 93 11
56 93 12
56 93 13
56 93 14
56 93 15
56 93 16
56 93 17
56 93 18
56 93 19
56 93 20
56 93 21
56 93 22
56 93 23
56 93 24
56 93 25
56 93 26
56 93 27
56 93 28
56 93 29
56 93 30
56 93 31
56 93 32
56 93 33
56 93 34
56 93 35
56 93 36
56 93 37
56 93 38
56 93 39
56 94 0
56 94 1
56 94 2
56 94 3
56 94 4
56 94 5
56 94 6
56 94 7
56 94 8
56 94 9
56 94 10
56 94 11
56 94 12
56 94 13
56 94 14
56 94 15
56 94 16
56 94 17
56 94 18
56 94 19
56 94 20
56 94 21
56 94 22
56 94 23
56 94 24
56 94 25
56 94 26
56 94 27
56 94 28
56 94 29
56 94 30
56 94 31
56 94 32
56 94 33
56 94 34
56 94 35
56 94 36
56 94 37
56 94 38
56 94 39
56 95 0
56 95 39
56 96 0
56 96 39
56 97 0
56 97 39
56 98 0
56 98 39
56 99 0
56 99 1
56 99 2
56 99 3
56 99 4
56 99 5
56 99 6
56 99 7
56 99 8
56 99 9
56 99 10
56 99 11
56 99 12
56 99 13
56 99 14
56 99 15
56 99 16
56 99 17
56 99 18
56 99 19
56 99 20
56 99 21
56 99 22
56 99 23
56 99 24
56 99 25
56 99 26
56 99 27
56 99 28
56 99 29
56 99 30
56 99 31
56 99 32
56 99 33
56 99 34
56 99 35
56 99 36
56 99 37
56 99 38
56 99 39
57 0 0
57 0 1
57 0 2
57 0 3
57 0 4
57 0 5
57 0 6
57 0 7
57 0 8
57 0 9
57 0 10
57 0 11
57 0 12
57 0 13
57 0 14
57 0 15
57 0 16
57 0 17
57 0 18
57 0 19
57 0 20
57 0 21
57 0 22
57 0 23
57 0 24
57 0 25
57 0 26
57 0 27
57 0 28
57 0 29
57 0 30
57 0 31
57 0 32
57 0 33
57 0 34
57 0 35
57 0 36
57 0 37
57 0 38
57 0 39
57 1 0
57 1 39
57 2 0
57 2 39
57 3 0
57 3 39
57 4 0
57 4 39
57 5 0
57 5 39
57 6 0
57 6 39
57 7 0
57 7 39
57 8 0
57 8 39
57 9 0
57 9 39
57 10 0
57 10 39
57 11 0
57 11 39
57 12 0
57 12 39
57 13 0
57 13 39
57 14 0
57 14 39
57 15 0
57 15 39
57 16 0
57 16 39
57 17 0
57 17 39
57 18 0
57 18 39
57 19 0
57 19 39
57 20 0
57 20 39
57 21 0
57 21 39
57 22 0
57 22 39
57 23 0
57 23 39
57 24 0
57 24 39
57 25 0
57 25 39
57 26 0
57 26 39
57 27 0
57 27 39
57 28 0
57 28 39
57 29 0
57 29 39
57 30 0
57 30 39
57 31 0
57 31 39
57 32 0
57 32 39
57 33 0
57 33 39
57 34 0
57 34 39
57 35 0
57 35 39
57 36 0
57 36 39
57 37 0
57 37 39
57 38 0
57 38 39
57 39 0
57 39 39
57 40 0
57 40 39
57 41 0
57 41 39
57 42 0
57 42 39
57 43 0
57 43 39
57 44 0
57 44 39
57 45 0
57 45 39
57 46 0
57 46 39
57 47 0
57 47 39
57 48 0
57 48 39
57 49 0
57 49 39
57 50 0
57 50 39
57 51 0
57 51 39
57 52 0
57 52 39
57 53 0
57 53 1
57 53 2
57 53 3
57 53 4
57 53 5
57 53 6
57 53 7
57 53 8
57 53 9
57 53 10
57 53 11
57 53 12
57 53 13
57 53 14
57 53 15
57 53 16
57 53 17
57 53 18
57 53 19
57 53 20
57 53 21
57 53 22
57 53 23
57 53 24
57 53 25
57 53 26
57 53 27
57 53 28
57 53 29
57 53 30
57 53 31
57 53 32
57 53 33
57 53 34
57 53 35
57 53 36
57 53 37
57 53 38
57 53 39
57 54 0
57 54 1
57 54 2
57 54 3
57 54 4
57 54 5
57 54 6
57 54 7
57 54 8
57 54 9
57 54 10
57 54 11
57 54 12
57 54 13
57 54 14
57 54 15
57 54 16
57 54 17
57 54 18
57 54 19
57 54 20
57 54 21
57 54 22
57 54 23
57 54 24
57 54 25
57 54 26
57 54 27
57 54 28
57 54 29
57 54 30
57 54 31
57 54 32
57 54 33
57 54 34
57 54 35
57 54 36
57 54 37
57 54 38
57 54 39
57 55 0
57 55 1
57 55 2
57 55 3
57 55 4
57 55 5
57 55 6
57 55 7
57 55 8
57 55 9
57 55 10
57 55 11
57 55 12
57 55 13
57 55 14
57 55 15
57 55 16
57 55 17
57 55 18
57 55 19
57 55 20
57 55 21
57 55 22
57 55 23
57 55 24
57 55 25
57 55 26
57 55 27
57 55 28
57 55 29
57 55 30
57 55 31
57 55 32
57 55 33
57 55 34
57 55 35
57 55 36
57 55 37
57 55 38
57 55 39
57 56 0
57 56 39
57 57 0
57 57 39
57 58 0
57 58 39
57 59 0
57 59 39
57 60 0
57 60 39
57 61 0
57 61 39
57 62 0
57 62 1
57 62 2
57 62 3
57 62 4
57 62 5
57 62 6
57 62 7
57 62 8
57 62 9
57 62 10
57 62 11
57 62 12
57 62 13
57 62 14
57 62 15
57 62 16
57 62 17
57 62 18
57 62 19
57 62 20
57 62 21
57 62 22
57 62 23
57 62 24
57 62 25
57 62 26
57 62 27
57 62 28
57 62 29
57 62 30
57 62 31
57 62 32
57 62 33
57 62 34
57 62 35
57 62 36
57 62 37
57 62 38
57 62 39
57 63 0
57 63 1
57 63 2
57 63 3
57 63 4
57 63 5
57 63 6
57 63 7
57 63 8
57 63 9
57 63 10
57 63 11
57 63 12
57 63 13
57 63 14
57 63 15
57 63 16
57 63 17
57 63 18
57 63 19
57 63 20
57 63 21
57 63 22
57 63 23
57 63 24
57 63 25
57 63 26
57 63 27
57 63 28
57 63 29
57 63 30
57 63 31
57 63 32
57 63 33
57 63 34
57 63 35
57 63 36
57 63 37
57 63 38
57 63 39
57 64 0
57 64 1
57 64 2
57 64 3
57 64 4
57 64 5
57 64 6
57 64 7
57 64 8
57 64 9
57 64 10
57 64 11
57 64 12
57 64 13
57 64 14
57 64 15
57 64 16
57 64 17
57 64 18
57 64 19
57 64 20
57 64 21
57 64 22
57 64 23
57 64 24
57 64 25
57 64 26
57 64 27
57 64 28
57 64 29
57 64 30
57 64 31
57 64 32
57 64 33
57 64 34
57 64 35
57 64 36
57 64 37
57 64 38
57 64 39
57 65 0
57 65 39
57 66 0
57 66 39
57 67 0
57 67 39
57 68 0
57 68 39
57 69 0
57 69 1
57 69 2
57 69 3
57 69 4
57 69 5
57 69 6
57 69 7
57 69 8
57 69 9
57 69 10
57 69 11
57 69 12
57 69 13
57 69 14
57 69 15
57 69 16
57 69 17
57 69 18
57 69 19
57 69 20
57 69 21
57 69 22
57 69 23
57 69 24
57 69 25
57 69 26
57 69 27
57 69 28
57 69 29
57 69 30
57 69 31
57 69 32
57 69 33
57 69 34
57 69 35
57 69 36
57 69 37
57 69 38
57 69 39
57 70 0
57 70 1
57 70 2
57 70 3
57 70 4
57 70 5
57 70 6
57 70 7
57 70 8
57 70 9
57 70 10
57 70 11
57 70 12
57 70 13
57 70 14
57 70 15
57 70 16
57 70 17
57 70 18
57 70 19
57 70 20
57 70 21
57 70 22
57 70 23
57 70 24
57 70 25
57 70 26
57 70 27
57 70 28
57 70 29
57 70 30
57 70 31
57 70 32
57 70 33
57 70 34
57 70 35
57 70 36
57 70 37
57 70 38
57 70 39
57 71 0
57 71 1
57 71 2
57 71 3
57 71 4
57 71 5
57 71 6
57 71 7
57 71 8
57 71 9
57 71 10
57 71 11
57 71 12
57 71 13
57 71 14
57 71 15
57 71 16
57 71 17
57 71 18
57 71 19
57 71 20
57 71 21
57 71 22
57 71 23
57 71 24
57 71 25
57 71 26
57 71 27
57 71 28
57 71 29
57 71 30
57 71 31
57 71 32
57 71 33
57 71 34
57 71 35
57 71 36
57 71 37
57 71 38
57 71 39
57 72 0
57 72 39
57 73 0
57 73 39
57 74 0
57 74 39
57 75 0
57 75 39
57 76 0
57 76 39
57 77 0
57 77 39
57 78 0
57 78 39
57 79 0
57 79 39
57 80 0
57 80 39
57 81 0
57 81 39
57 82 0
57 82 39
57 83 0
57 83 39
57 84 0
57 84 39
57 85 0
57 85 1
57 85 2
57 85 3
57 85 4
57 85 5
57 85 6
57 85 7
57 85 8
57 85 9
57 85 10
57 85 11
57 85 12
57 85 13
57 85 14
57 85 15
57 85 16
57 85 17
57 85 18
57 85 19
57 85 20
57 85 21
57 85 22
57 85 23
57 85 24
57 85 25
57 85 26
57 85 27
57 85 28
57 85 29
57 85 30
57 85 31
57 85 32
57 85 33
57 85 34
57 85 35
57 85 36
57 85 37
57 85 38
57 85 39
57 86 0
57 86 39
57 87 0
57 87 39
57 88 0
57 88 1
57 88 2
57 88 3
57 88 4
57 88 5
57 88 6
57 88 7
57 88 8
57 88 9
57 88 10
57 88 11
57 88 12
57 88 13
57 88 14
57 88 15
57 88 16
57 88 17
57 88 18
57 88 19
57 88 20
57 88 21
57 88 22
57 88 23
57 88 24
57 88 25
57 88 26
57 88 27
57 88 28
57 88 29
57 88 30
57 88 31
57 88 32
57 88 33
57 88 34
57 88 35
57 88 36
57 88 37
57 88 38
57 88 39
57 89 0
57 89 1
57 89 2
57 89 3
57 89 4
57 89 5
57 89 6
57 89 7
57 89 8
57 89 9
57 89 10
57 89 11
57 89 12
57 89 13
57 89 14
57 89 15
57 89 16
57 89 17
57 89 18
57 89 19
57 89 20
57 89 21
57 89 22
57 89 23
57 89 24
57 89 25
57 89 26
57 89 27
57 89 28
57 89 29
57 89 30
57 89 31
57 89 32
57 89 33
57 89 34
57 89 35
57 89 36
57 89 37
57 89 38
57 89 39
57 90 0
57 90 1
57 90 2
57 90 3
57 90 4
57 90 5
57 90 6
57 90 7
57 90 8
57 90 9
57 90 10
57 90 11
57 90 12
57 90 13
57 90 14
57 90 15
57 90 16
57 90 17
57 90 18
57 90 19
57 90 20
57 90 21
57 90 22
57 90 23
57 90 24
57 90 25
57 90 26
57 90 27
57 90 28
57 90 29
57 90 30
57 90 31
57 90 32
57 90 33
57 90 34
57 90 35
57 90 36
57 90 37
57 90 38
57 90 39
57 91 0
57 91 39
57 92 0
57 92 39
57 93 0
57 93 1
57 93 2
57 93 3
57 93 4
57 93 5
57 93 6
57 93 7
57 93 8
57 93 9
57 93 10
57 93 11
57 93 12
57 93 13
57 93 14
57 93 15
57 93 16
57 93 17
57 93 18
57 93 19
57 93 20
57 93 21
57 93 22
57 93 23
57 93 24
57 93 25
57 93 26
57 93 27
57 93 28
57 93 29
57 93 30
57 93 31
57 93 32
57 93 33
57 93 34
57 93 35
57 93 36
57 93 37
57 93 38
57 93 39
57 94 0
57 94 1
57 94 2
57 94 3
57 94 4
57 94 5
57 94 6
57 94 7
57 94 8
57 94 9
57 94 10
57 94 11
57 94 12
57 94 13
57 94 14
57 94 15
57 94 16
57 94 17
57 94 18
57 94 19
57 94 20
57 94 21
57 94 22
57 94 23
57 94 24
57 94 25
57 94 26
57 94 27
57 94 28
57 94 29
57 94 30
57 94 31
57 94 32
57 94 33
57 94 34
57 94 35
57 94 36
57 94 37
57 94 38
57 94 39
57 95 0
57 95 1
57 95 2
57 95 3
57 95 4
57 95 5
57 95 6
57 95 7
57 95 8
57 95 9
57 95 10
57 95 11
57 95 12
57 95 13
57 95 14
57 95 15
57 95 16
57 95 17
57 95 18
57 95 19
57 95 20
57 95 21
57 95 22
57 95 23
57 95 24
57 95 25
57 95 26
57 95 27
57 95 28
57 95 29
57 95 30
57 95 31
57 95 32
57 95 33
57 95 34
57 95 35
57 95 36
57 95 37
57 95 38
57 95 39
57 96 0
57 96 39
57 97 0
57 97 39
57 98 0
57 98 39
57 99 0
57 99 1
57 99 2
57 99 3
57 99 4
57 99 5
57 99 6
57 99 7
57 99 8
57 99 9
57 99 10
57 99 11
57 99 12
57 99 13
57 99 14
57 99 15
57 99 16
57 99 17
57 99 18
57 99 19
57 99 20
57 99 21
57 99 22
57 99 23
57 99 24
57 99 25
57 99 26
57 99 27
57 99 28
57 99 29
57 99 30
57 99 31
57 99 32
57 99 33
57 99 34
57 99 35
57 99 36
57 99 37
57 99 38
57 99 39
58 0 0
58 0 1
58 0 2
58 0 3
58 0 4
58 0 5
58 0 6
58 0 7
58 0 8
58 0 9
58 0 10
58 0 11
58 0 12
58 0 13
58 0 14
58 0 15
58 0 16
58 0 17
58 0 18
58 0 19
58 0 20
58 0 21
58 0 22
58 0 23
58 0 24
58 0 25
58 0 26
58 0 27
58 0 28
58 0 29
58 0 30
58 0 31
58 0 32
58 0 33
58 0 34
58 0 35
58 0 36
58 0 37
58 0 38
58 0 39
58 1 0
58 1 39
58 2 0
58 2 39
58 3 0
58 3 39
58 4 0
58 4 1
58 4 2
58 4 3
58 4 4
58 4 5
58 4 6
58 4 7
58 4 8
58 4 9
58 4 10
58 4 11
58 4 12
58 4 13
58 4 14
58 4 15
58 4 16
58 4 17
58 4 18
58 4 19
58 4 20
58 4 21
58 4 22
58 4 23
58 4 24
58 4 25
58 4 26
58 4 27
58 4 28
58 4 29
58 4 30
58 4 31
58 4 32
58 4 33
58 4 34
58 4 35
58 4 36
58 4 37
58 4 38
58 4 39
58 5 0
58 5 39
58 6 0
58 6 39
58 7 0
58 7 39
58 8 0
58 8 39
58 9 0
58 9 39
58 10 0
58 10 39
58 11 0
58 11 39
58 12 0
58 12 39
58 13 0
58 13 39
58 14 0
58 14 39
58 15 0
58 15 39
58 16 0
58 16 39
58 17 0
58 17 39
58 18 0
58 18 39
58 19 0
58 19 39
58 20 0
58 20 39
58 21 0
58 21 39
58 22 0
58 22 39
58 23 0
58 23 39
58 24 0
58 24 39
58 25 0
58 25 39
58 26 0
58 26 39
58 27 0
58 27 39
58 28 0
58 28 39
58 29 0
58 29 39
58 30 0
58 30 39
58 31 0
58 31 39
58 32 0
58 32 39
58 33 0
58 33 39
58 34 0
58 34 39
58 35 0
58 35 39
58 36 0
58 36 39
58 37 0
58 37 39
58 38 0
58 38 39
58 39 0
58 39 39
58 40 0
58 40 39
58 41 0
58 41 39
58 42 0
58 42 39
58 43 0
58 43 39
58 44 0
58 44 39
58 45 0
58 45 39
58 46 0
58 46 39
58 47 0
58 47 39
58 48 0
58 48 39
58 49 0
58 49 39
58 50 0
58 50 39
58 51 0
58 51 39
58 52 0
58 52 39
58 53 0
58 53 39
58 54 0
58 54 1
58 54 2
58 54 3
58 54 4
58 54 5
58 54 6
58 54 7
58 54 8
58 54 9
58 54 10
58 54 11
58 54 12
58 54 13
58 54 14
58 54 15
58 54 16
58 54 17
58 54 18
58 54 19
58 54 20
58 54 21
58 54 22
58 54 23
58 54 24
58 54 25
58 54 26
58 54 27
58 54 28
58 54 29
58 54 30
58 54 31
58 54 32
58 54 33
58 54 34
58 54 35
58 54 36
58 54 37
58 54 38
58 54 39
58 55 0
58 55 39
58 56 0
58 56 39
58 57 0
58 57 39
58 58 0
58 58 39
58 59 0
58 59 39
58 60 0
58 60 39
58 61 0
58 61 39
58 62 0
58 62 39
58 63 0
58 63 1
58 63 2
58 63 3
58 63 4
58 63 5
58 63 6
58 63 7
58 63 8
58 63 9
58 63 10
58 63 11
58 63 12
58 63 13
58 63 14
58 63 15
58 63 16
58 63 17
58 63 18
58 63 19
58 63 20
58 63 21
58 63 22
58 63 23
58 63 24
58 63 25
58 63 26
58 63 27
58 63 28
58 63 29
58 63 30
58 63 31
58 63 32
58 63 33
58 63 34
58 63 35
58 63 36
58 63 37
58 63 38
58 63 39
58 64 0
58 64 39
58 65 0
58 65 39
58 66 0
58 66 39
58 67 0
58 67 39
58 68 0
58 68 39
58 69 0
58 69 39
58 70 0
58 70 1
58 70 2
58 70 3
58 70 4
58 70 5
58 70 6
58 70 7
58 70 8
58 70 9
58 70 10
58 70 11
58 70 12
58 70 13
58 70 14
58 70 15
58 70 16
58 70 17
58 70 18
58 70 19
58 70 20
58 70 21
58 70 22
58 70 23
58 70 24
58 70 25
58 70 26
58 70 27
58 70 28
58 70 29
58 70 30
58 70 31
58 70 32
58 70 33
58 70 34
58 70 35
58 70 36
58 70 37
58 70 38
58 70 39
58 71 0
58 71 39
58 72 0
58 72 39
58 73 0
58 73 39
58 74 0
58 74 39
58 75 0
58 75 39
58 76 0
58 76 39
58 77 0
58 77 39
58 78 0
58 78 39
58 79 0
58 79 39
58 80 0
58 80 39
58 81 0
58 81 39
58 82 0
58 82 39
58 83 0
58 83 39
58 84 0
58 84 1
58 84 2
58 84 3
58 84 4
58 84 5
58 84 6
58 84 7
58 84 8
58 84 9
58 84 10
58 84 11
58 84 12
58 84 13
58 84 14
58 84 15
58 84 16
58 84 17
58 84 18
58 84 19
58 84 20
58 84 21
58 84 22
58 84 23
58 84 24
58 84 25
58 84 26
58 84 27
58 84 28
58 84 29
58 84 30
58 84 31
58 84 32
58 84 33
58 84 34
58 84 35
58 84 36
58 84 37
58 84 38
58 84 39
58 85 0
58 85 1
58 85 2
58 85 3
58 85 4
58 85 5
58 85 6
58 85 7
58 85 8
58 85 9
58 85 10
58 85 11
58 85 12
58 85 13
58 85 14
58 85 15
58 85 16
58 85 17
58 85 18
58 85 19
58 85 20
58 85 21
58 85 22
58 85 23
58 85 24
58 85 25
58 85 26
58 85 27
58 85 28
58 85 29
58 85 30
58 85 31
58 85 32
58 85 33
58 85 34
58 85 35
58 85 36
58 85 37
58 85 38
58 85 39
58 86 0
58 86 1
58 86 2
58 86 3
58 86 4
58 86 5
58 86 6
58 86 7
58 86 8
58 86 9
58 86 10
58 86 11
58 86 12
58 86 13
58 86 14
58 86 15
58 86 16
58 86 17
58 86 18
58 86 19
58 86 20
58 86 21
58 86 22
58 86 23
58 86 24
58 86 25
58 86 26
58 86 27
58 86 28
58 86 29
58 86 30
58 86 31
58 86 32
58 86 33
58 86 34
58 86 35
58 86 36
58 86 37
58 86 38
58 86 39
58 87 0
58 87 39
58 88 0
58 88 39
58 89 0
58 89 1
58 89 2
58 89 3
58 89 4
58 89 5
58 89 6
58 89 7
58 89 8
58 89 9
58 89 10
58 89 11
58 89 12
58 89 13
58 89 14
58 89 15
58 89 16
58 89 17
58 89 18
58 89 19
58 89 20
58 89 21
58 89 22
58 89 23
58 89 24
58 89 25
58 89 26
58 89 27
58 89 28
58 89 29
58 89 30
58 89 31
58 89 32
58 89 33
58 89 34
58 89 35
58 89 36
58 89 37
58 89 38
58 89 39
58 90 0
58 90 39
58 91 0
58 91 39
58 92 0
58 92 39
58 93 0
58 93 39
58 94 0
58 94 1
58 94 2
58 94 3
58 94 4
58 94 5
58 94 6
58 94 7
58 94 8
58 94 9
58 94 10
58 94 11
58 94 12
58 94 13
58 94 14
58 94 15
58 94 16
58 94 17
58 94 18
58 94 19
58 94 20
58 94 21
58 94 22
58 94 23
58 94 24
58 94 25
58 94 26
58 94 27
58 94 28
58 94 29
58 94 30
58 94 31
58 94 32
58 94 33
58 94 34
58 94 35
58 94 36
58 94 37
58 94 38
58 94 39
58 95 0
58 95 39
58 96 0
58 96 39
58 97 0
58 97 39
58 98 0
58 98 39
58 99 0
58 99 1
58 99 2
58 99 3
58 99 4
58 99 5
58 99 6
58 99 7
58 99 8
58 99 9
58 99 10
58 99 11
58 99 12
58 99 13
58 99 14
58 99 15
58 99 16
58 99 17
58 99 18
58 99 19
58 99 20
58 99 21
58 99 22
58 99 23
58 99 24
58 99 25
58 99 26
58 99 27
58 99 28
58 99 29
58 99 30
58 99 31
58 99 32
58 99 33
58 99 34
58 99 35
58 99 36
58 99 37
58 99 38
58 99 39
59 0 0
59 0 1
59 0 2
59 0 3
59 0 4
59 0 5
59 0 6
59 0 7
59 0 8
59 0 9
59 0 10
59 0 11
59 0 12
59 0 13
59 0 14
59 0 15
59 0 16
59 0 17
59 0 18
59 0 19
59 0 20
59 0 21
59 0 22
59 0 23
59 0 24
59 0 25
59 0 26
59 0 27
59 0 28
59 0 29
59 0 30
59 0 31
59 0 32
59 0 33
59 0 34
59 0 35
59 0 36
59 0 37
59 0 38
59 0 39
59 1 0
59 1 39
59 2 0
59 2 39
59 3 0
59 3 1
59 3 2
59 3 3
59 3 4
59 3 5
59 3 6
59 3 7
59 3 8
59 3 9
59 3 10
59 3 11
59 3 12
59 3 13
59 3 14
59 3 15
59 3 16
59 3 17
59 3 18
59 3 19
59 3 20
59 3 21
59 3 22
59 3 23
59 3 24
59 3 25
59 3 26
59 3 27
59 3 28
59 3 29
59 3 30
59 3 31
59 3 32
59 3 33
59 3 34
59 3 35
59 3 36
59 3 37
59 3 38
59 3 39
59 4 0
59 4 1
59 4 2
59 4 3
59 4 4
59 4 5
59 4 6
59 4 7
59 4 8
59 4 9
59 4 10
59 4 11
59 4 12
59 4 13
59 4 14
59 4 15
59 4 16
59 4 17
59 4 18
59 4 19
59 4 20
59 4 21
59 4 22
59 4 23
59 4 24
59 4 25
59 4 26
59 4 27
59 4 28
59 4 29
59 4 30
59 4 31
59 4 32
59 4 33
59 4 34
59 4 35
59 4 36
59 4 37
59 4 38
59 4 39
59 5 0
59 5 1
59 5 2
59 5 3
59 5 4
59 5 5
59 5 6
59 5 7
59 5 8
59 5 9
59 5 10
59 5 11
59 5 12
59 5 13
59 5 14
59 5 15
59 5 16
59 5 17
59 5 18
59 5 19
59 5 20
59 5 21
59 5 22
59 5 23
59 5 24
59 5 25
59 5 26
59 5 27
59 5 28
59 5 29
59 5 30
59 5 31
59 5 32
59 5 33
59 5 34
59 5 35
59 5 36
59 5 37
59 5 38
59 5 39
59 6 0
59 6 39
59 7 0
59 7 39
59 8 0
59 8 39
59 9 0
59 9 39
59 10 0
59 10 39
59 11 0
59 11 39
59 12 0
59 12 39
59 13 0
59 13 39
59 14 0
59 14 39
59 15 0
59 15 39
59 16 0
59 16 39
59 17 0
59 17 39
59 18 0
59 18 39
59 19 0
59 19 39
59 20 0
59 20 39
59 21 0
59 21 39
59 22 0
59 22 39
59 23 0
59 23 39
59 24 0
59 24 39
59 25 0
59 25 39
59 26 0
59 26 39
59 27 0
59 27 39
59 28 0
59 28 39
59 29 0
59 29 39
59 30 0
59 30 39
59 31 0
59 31 39
59 32 0
59 32 39
59 33 0
59 33 39
59 34 0
59 34 39
59 35 0
59 35 39
59 36 0
59 36 39
59 37 0
59 37 39
59 38 0
59 38 39
59 39 0
59 39 39
59 40 0
59 40 39
59 41 0
59 41 39
59 42 0
59 42 39
59 43 0
59 43 39
59 44 0
59 44 39
59 45 0
59 45 1
59 45 2
59 45 3
59 45 4
59 45 5
59 45 6
59 45 7
59 45 8
59 45 9
59 45 10
59 45 11
59 45 12
59 45 13
59 45 14
59 45 15
59 45 16
59 45 17
59 45 18
59 45 19
59 45 20
59 45 21
59 45 22
59 45 23
59 45 24
59 45 25
59 45 26
59 45 27
59 45 28
59 45 29
59 45 30
59 45 31
59 45 32
59 45 33
59 45 34
59 45 35
59 45 36
59 45 37
59 45 38
59 45 39
59 46 0
59 46 39
59 47 0
59 47 39
59 48 0
59 48 39
59 49 0
59 49 39
59 50 0
59 50 39
59 51 0
59 51 39
59 52 0
59 52 39
59 53 0
59 53 39
59 54 0
59 54 39
59 55 0
59 55 39
59 56 0
59 56 39
59 57 0
59 57 39
59 58 0
59 58 39
59 59 0
59 59 39
59 60 0
59 60 39
59 61 0
59 61 39
59 62 0
59 62 39
59 63 0
59 63 39
59 64 0
59 64 39
59 65 0
59 65 39
59 66 0
59 66 39
59 67 0
59 67 39
59 68 0
59 68 39
59 69 0
59 69 39
59 70 0
59 70 39
59 71 0
59 71 39
59 72 0
59 72 39
59 73 0
59 73 39
59 74 0
59 74 39
59 75 0
59 75 39
59 76 0
59 76 39
59 77 0
59 77 39
59 78 0
59 78 39
59 79 0
59 79 39
59 80 0
59 80 39
59 81 0
59 81 39
59 82 0
59 82 39
59 83 0
59 83 39
59 84 0
59 84 39
59 85 0
59 85 1
59 85 2
59 85 3
59 85 4
59 85 5
59 85 6
59 85 7
59 85 8
59 85 9
59 85 10
59 85 11
59 85 12
59 85 13
59 85 14
59 85 15
59 85 16
59 85 17
59 85 18
59 85 19
59 85 20
59 85 21
59 85 22
59 85 23
59 85 24
59 85 25
59 85 26
59 85 27
59 85 28
59 85 29
59 85 30
59 85 31
59 85 32
59 85 33
59 85 34
59 85 35
59 85 36
59 85 37
59 85 38
59 85 39
59 86 0
59 86 39
59 87 0
59 87 39
59 88 0
59 88 39
59 89 0
59 89 39
59 90 0
59 90 39
59 91 0
59 91 39
59 92 0
59 92 39
59 93 0
59 93 1
59 93 2
59 93 3
59 93 4
59 93 5
59 93 6
59 93 7
59 93 8
59 93 9
59 93 10
59 93 11
59 93 12
59 93 13
59 93 14
59 93 15
59 93 16
59 93 17
59 93 18
59 93 19
59 93 20
59 93 21
59 93 22
59 93 23
59 93 24
59 93 25
59 93 26
59 93 27
59 93 28
59 93 29
59 93 30
59 93 31
59 93 32
59 93 33
59 93 34
59 93 35
59 93 36
59 93 37
59 93 38
59 93 39
59 94 0
59 94 39
59 95 0
59 95 39
59 96 0
59 96 39
59 97 0
59 97 39
59 98 0
59 98 39
59 99 0
59 99 1
59 99 2
59 99 3
59 99 4
59 99 5
59 99 6
59 99 7
59 99 8
59 99 9
59 99 10
59 99 11
59 99 12
59 99 13
59 99 14
59 99 15
59 99 16
59 99 17
59 99 18
59 99 19
59 99 20
59 99 21
59 99 22
59 99 23
59 99 24
59 99 25
59 99 26
59 99 27
59 99 28
59 99 29
59 99 30
59 99 31
59 99 32
59 99 33
59 99 34
59 99 35
59 99 36
59 99 37
59 99 38
59 99 39
60 0 0
60 0 1
60 0 2
60 0 3
60 0 4
60 0 5
60 0 6
60 0 7
60 0 8
60 0 9
60 0 10
60 0 11
60 0 12
60 0 13
60 0 14
60 0 15
60 0 16
60 0 17
60 0 18
60 0 19
60 0 20
60 0 21
60 0 22
60 0 23
60 0 24
60 0 25
60 0 26
60 0 27
60 0 28
60 0 29
60 0 30
60 0 31
60 0 32
60 0 33
60 0 34
60 0 35
60 0 36
60 0 37
60 0 38
60 0 39
60 1 0
60 1 39
60 2 0
60 2 39
60 3 0
60 3 39
60 4 0
60 4 1
60 4 2
60 4 3
60 4 4
60 4 5
60 4 6
60 4 7
60 4 8
60 4 9
60 4 10
60 4 11
60 4 12
60 4 13
60 4 14
60 4 15
60 4 16
60 4 17
60 4 18
60 4 19
60 4 20
60 4 21
60 4 22
60 4 23
60 4 24
60 4 25
60 4 26
60 4 27
60 4 28
60 4 29
60 4 30
60 4 31
60 4 32
60 4 33
60 4 34
60 4 35
60 4 36
60 4 37
60 4 38
60 4 39
60 5 0
60 5 39
60 6 0
60 6 39
60 7 0
60 7 39
60 8 0
60 8 39
60 9 0
60 9 39
60 10 0
60 10 39
60 11 0
60 11 39
60 12 0
60 12 39
60 13 0
60 13 39
60 14 0
60 14 39
60 15 0
60 15 39
60 16 0
60 16 39
60 17 0
60 17 39
60 18 0
60 18 39
60 19 0
60 19 39
60 20 0
60 20 39
60 21 0
60 21 39
60 22 0
60 22 39
60 23 0
60 23 39
60 24 0
60 24 39
60 25 0
60 25 39
60 26 0
60 26 1
60 26 2
60 26 3
60 26 4
60 26 5
60 26 6
60 26 7
60 26 8
60 26 9
60 26 10
60 26 11
60 26 12
60 26 13
60 26 14
60 26 15
60 26 16
60 26 17
60 26 18
60 26 19
60 26 20
60 26 21
60 26 22
60 26 23
60 26 24
60 26 25
60 26 26
60 26 27
60 26 28
60 26 29
60 26 30
60 26 31
60 26 32
60 26 33
60 26 34
60 26 35
60 26 36
60 26 37
60 26 38
60 26 39
60 27 0
60 27 39
60 28 0
60 28 39
60 29 0
60 29 39
60 30 0
60 30 39
60 31 0
60 31 39
60 32 0
60 32 39
60 33 0
60 33 39
60 34 0
60 34 39
60 35 0
60 35 39
60 36 0
60 36 39
60 37 0
60 37 39
60 38 0
60 38 39
60 39 0
60 39 39
60 40 0
60 40 39
60 41 0
60 41 1
60 41 2
60 41 3
60 41 4
60 41 5
60 41 6
60 41 7
60 41 8
60 41 9
60 41 10
60 41 11
60 41 12
60 41 13
60 41 14
60 41 15
60 41 16
60 41 17
60 41 18
60 41 19
60 41 20
60 41 21
60 41 22
60 41 23
60 41 24
60 41 25
60 41 26
60 41 27
60 41 28
60 41 29
60 41 30
60 41 31
60 41 32
60 41 33
60 41 34
60 41 35
60 41 36
60 41 37
60 41 38
60 41 39
60 42 0
60 42 39
60 43 0
60 43 39
60 44 0
60 44 1
60 44 2
60 44 3
60 44 4
60 44 5
60 44 6
60 44 7
60 44 8
60 44 9
60 44 10
60 44 11
60 44 12
60 44 13
60 44 14
60 44 15
60 44 16
60 44 17
60 44 18
60 44 19
60 44 20
60 44 21
60 44 22
60 44 23
60 44 24
60 44 25
60 44 26
60 44 27
60 44 28
60 44 29
60 44 30
60 44 31
60 44 32
60 44 33
60 44 34
60 44 35
60 44 36
60 44 37
60 44 38
60 44 39
60 45 0
60 45 1
60 45 2
60 45 3
60 45 4
60 45 5
60 45 6
60 45 7
60 45 8
60 45 9
60 45 10
60 45 11
60 45 12
60 45 13
60 45 14
60 45 15
60 45 16
60 45 17
60 45 18
60 45 19
60 45 20
60 45 21
60 45 22
60 45 23
60 45 24
60 45 25
60 45 26
60 45 27
60 45 28
60 45 29
60 45 30
60 45 31
60 45 32
60 45 33
60 45 34
60 45 35
60 45 36
60 45 37
60 45 38
60 45 39
60 46 0
60 46 1
60 46 2
60 46 3
60 46 4
60 46 5
60 46 6
60 46 7
60 46 8
60 46 9
60 46 10
60 46 11
60 46 12
60 46 13
60 46 14
60 46 15
60 46 16
60 46 17
60 46 18
60 46 19
60 46 20
60 46 21
60 46 22
60 46 23
60 46 24
60 46 25
60 46 26
60 46 27
60 46 28
60 46 29
60 46 30
60 46 31
60 46 32
60 46 33
60 46 34
60 46 35
60 46 36
60 46 37
60 46 38
60 46 39
60 47 0
60 47 39
60 48 0
60 48 39
60 49 0
60 49 39
60 50 0
60 50 39
60 51 0
60 51 39
60 52 0
60 52 39
60 53 0
60 53 39
60 54 0
60 54 39
60 55 0
60 55 39
60 56 0
60 56 39
60 57 0
60 57 39
60 58 0
60 58 39
60 59 0
60 59 39
60 60 0
60 60 39
60 61 0
60 61 39
60 62 0
60 62 39
60 63 0
60 63 39
60 64 0
60 64 39
60 65 0
60 65 39
60 66 0
60 66 1
60 66 2
60 66 3
60 66 4
60 66 5
60 66 6
60 66 7
60 66 8
60 66 9
60 66 10
60 66 11
60 66 12
60 66 13
60 66 14
60 66 15
60 66 16
60 66 17
60 66 18
60 66 19
60 66 20
60 66 21
60 66 22
60 66 23
60 66 24
60 66 25
60 66 26
60 66 27
60 66 28
60 66 29
60 66 30
60 66 31
60 66 32
60 66 33
60 66 34
60 66 35
60 66 36
60 66 37
60 66 38
60 66 39
60 67 0
60 67 39
60 68 0
60 68 39
60 69 0
60 69 39
60 70 0
60 70 39
60 71 0
60 71 39
60 72 0
60 72 39
60 73 0
60 73 39
60 74 0
60 74 39
60 75 0
60 75 39
60 76 0
60 76 39
60 77 0
60 77 39
60 78 0
60 78 1
60 78 2
60 78 3
60 78 4
60 78 5
60 78 6
60 78 7
60 78 8
60 78 9
60 78 10
60 78 11
60 78 12
60 78 13
60 78 14
60 78 15
60 78 16
60 78 17
60 78 18
60 78 19
60 78 20
60 78 21
60 78 22
60 78 23
60 78 24
60 78 25
60 78 26
60 78 27
60 78 28
60 78 29
60 78 30
60 78 31
60 78 32
60 78 33
60 78 34
60 78 35
60 78 36
60 78 37
60 78 38
60 78 39
60 79 0
60 79 39
60 80 0
60 80 39
60 81 0
60 81 39
60 82 0
60 82 39
60 83 0
60 83 39
60 84 0
60 84 39
60 85 0
60 85 39
60 86 0
60 86 39
60 87 0
60 87 39
60 88 0
60 88 39
60 89 0
60 89 39
60 90 0
60 90 39
60 91 0
60 91 39
60 92 0
60 92 1
60 92 2
60 92 3
60 92 4
60 92 5
60 92 6
60 92 7
60 92 8
60 92 9
60 92 10
60 92 11
60 92 12
60 92 13
60 92 14
60 92 15
60 92 16
60 92 17
60 92 18
60 92 19
60 92 20
60 92 21
60 92 22
60 92 23
60 92 24
60 92 25
60 92 26
60 92 27
60 92 28
60 92 29
60 92 30
60 92 31
60 92 32
60 92 33
60 92 34
60 92 35
60 92 36
60 92 37
60 92 38
60 92 39
60 93 0
60 93 1
60 93 2
60 93 3
60 93 4
60 93 5
60 93 6
60 93 7
60 93 8
60 93 9
60 93 10
60 93 11
60 93 12
60 93 13
60 93 14
60 93 15
60 93 16
60 93 17
60 93 18
60 93 19
60 93 20
60 93 21
60 93 22
60 93 23
60 93 24
60 93 25
60 93 26
60 93 27
60 93 28
60 93 29
60 93 30
60 93 31
60 93 32
60 93 33
60 93 34
60 93 35
60 93 36
60 93 37
60 93 38
60 93 39
60 94 0
60 94 1
60 94 2
60 94 3
60 94 4
60 94 5
60 94 6
60 94 7
60 94 8
60 94 9
60 94 10
60 94 11
60 94 12
60 94 13
60 94 14
60 94 15
60 94 16
60 94 17
60 94 18
60 94 19
60 94 20
60 94 21
60 94 22
60 94 23
60 94 24
60 94 25
60 94 26
60 94 27
60 94 28
60 94 29
60 94 30
60 94 31
60 94 32
60 94 33
60 94 34
60 94 35
60 94 36
60 94 37
60 94 38
60 94 39
60 95 0
60 95 39
60 96 0
60 96 39
60 97 0
60 97 39
60 98 0
60 98 39
60 99 0
60 99 1
60 99 2
60 99 3
60 99 4
60 99 5
60 99 6
60 99 7
60 99 8
60 99 9
60 99 10
60 99 11
60 99 12
60 99 13
60 99 14
60 99 15
60 99 16
60 99 17
60 99 18
60 99 19
60 99 20
60 99 21
60 99 22
60 99 23
60 99 24
60 99 25
60 99 26
60 99 27
60 99 28
60 99 29
60 99 30
60 99 31
60 99 32
60 99 33
60 99 34
60 99 35
60 99 36
60 99 37
60 99 38
60 99 39
61 0 0
61 0 1
61 0 2
61 0 3
61 0 4
61 0 5
61 0 6
61 0 7
61 0 8
61 0 9
61 0 10
61 0 11
61 0 12
61 0 13
61 0 14
61 0 15
61 0 16
61 0 17
61 0 18
61 0 19
61 0 20
61 0 21
61 0 22
61 0 23
61 0 24
61 0 25
61 0 26
61 0 27
61 0 28
61 0 29
61 0 30
61 0 31
61 0 32
61 0 33
61 0 34
61 0 35
61 0 36
61 0 37
61 0 38
61 0 39
61 1 0
61 1 39
61 2 0
61 2 39
61 3 0
61 3 39
61 4 0
61 4 39
61 5 0
61 5 39
61 6 0
61 6 39
61 7 0
61 7 39
61 8 0
61 8 39
61 9 0
61 9 39
61 10 0
61 10 39
61 11 0
61 11 39
61 12 0
61 12 39
61 13 0
61 13 39
61 14 0
61 14 39
61 15 0
61 15 39
61 16 0
61 16 39
61 17 0
61 17 39
61 18 0
61 18 39
61 19 0
61 19 39
61 20 0
61 20 39
61 21 0
61 21 39
61 22 0
61 22 39
61 23 0
61 23 39
61 24 0
61 24 39
61 25 0
61 25 1
61 25 2
61 25 3
61 25 4
61 25 5
61 25 6
61 25 7
61 25 8
61 25 9
61 25 10
61 25 11
61 25 12
61 25 13
61 25 14
61 25 15
61 25 16
61 25 17
61 25 18
61 25 19
61 25 20
61 25 21
61 25 22
61 25 23
61 25 24
61 25 25
61 25 26
61 25 27
61 25 28
61 25 29
61 25 30
61 25 31
61 25 32
61 25 33
61 25 34
61 25 35
61 25 36
61 25 37
61 25 38
61 25 39
61 26 0
61 26 1
61 26 2
61 26 3
61 26 4
61 26 5
61 26 6
61 26 7
61 26 8
61 26 9
61 26 10
61 26 11
61 26 12
61 26 13
61 26 14
61 26 15
61 26 16
61 26 17
61 26 18
61 26 19
61 26 20
61 26 21
61 26 22
61 26 23
61 26 24
61 26 25
61 26 26
61 26 27
61 26 28
61 26 29
61 26 30
61 26 31
61 26 32
61 26 33
61 26 34
61 26 35
61 26 36
61 26 37
61 26 38
61 26 39
61 27 0
61 27 1
61 27 2
61 27 3
61 27 4
61 27 5
61 27 6
61 27 7
61 27 8
61 27 9
61 27 10
61 27 11
61 27 12
61 27 13
61 27 14
61 27 15
61 27 16
61 27 17
61 27 18
61 27 19
61 27 20
61 27 21
61 27 22
61 27 23
61 27 24
61 27 25
61 27 26
61 27 27
61 27 28
61 27 29
61 27 30
61 27 31
61 27 32
61 27 33
61 27 34
61 27 35
61 27 36
61 27 37
61 27 38
61 27 39
61 28 0
61 28 39
61 29 0
61 29 39
61 30 0
61 30 39
61 31 0
61 31 39
61 32 0
61 32 39
61 33 0
61 33 39
61 34 0
61 34 39
61 35 0
61 35 39
61 36 0
61 36 39
61 37 0
61 37 39
61 38 0
61 38 39
61 39 0
61 39 39
61 40 0
61 40 1
61 40 2
61 40 3
61 40 4
61 40 5
61 40 6
61 40 7
61 40 8
61 40 9
61 40 10
61 40 11
61 40 12
61 40 13
61 40 14
61 40 15
61 40 16
61 40 17
61 40 18
61 40 19
61 40 20
61 40 21
61 40 22
61 40 23
61 40 24
61 40 25
61 40 26
61 40 27
61 40 28
61 40 29
61 40 30
61 40 31
61 40 32
61 40 33
61 40 34
61 40 35
61 40 36
61 40 37
61 40 38
61 40 39
61 41 0
61 41 1
61 41 2
61 41 3
61 41 4
61 41 5
61 41 6
61 41 7
61 41 8
61 41 9
61 41 10
61 41 11
61 41 12
61 41 13
61 41 14
61 41 15
61 41 16
61 41 17
61 41 18
61 41 19
61 41 20
61 41 21
61 41 22
61 41 23
61 41 24
61 41 25
61 41 26
61 41 27
61 41 28
61 41 29
61 41 30
61 41 31
61 41 32
61 41 33
61 41 34
61 41 35
61 41 36
61 41 37
61 41 38
61 41 39
61 42 0
61 42 1
61 42 2
61 42 3
61 42 4
61 42 5
61 42 6
61 42 7
61 42 8
61 42 9
61 42 10
61 42 11
61 42 12
61 42 13
61 42 14
61 42 15
61 42 16
61 42 17
61 42 18
61 42 19
61 42 20
61 42 21
61 42 22
61 42 23
61 42 24
61 42 25
61 42 26
61 42 27
61 42 28
61 42 29
61 42 30
61 42 31
61 42 32
61 42 33
61 42 34
61 42 35
61 42 36
61 42 37
61 42 38
61 42 39
61 43 0
61 43 39
61 44 0
61 44 39
61 45 0
61 45 1
61 45 2
61 45 3
61 45 4
61 45 5
61 45 6
61 45 7
61 45 8
61 45 9
61 45 10
61 45 11
61 45 12
61 45 13
61 45 14
61 45 15
61 45 16
61 45 17
61 45 18
61 45 19
61 45 20
61 45 21
61 45 22
61 45 23
61 45 24
61 45 25
61 45 26
61 45 27
61 45 28
61 45 29
61 45 30
61 45 31
61 45 32
61 45 33
61 45 34
61 45 35
61 45 36
61 45 37
61 45 38
61 45 39
61 46 0
61 46 39
61 47 0
61 47 39
61 48 0
61 48 39
61 49 0
61 49 39
61 50 0
61 50 39
61 51 0
61 51 39
61 52 0
61 52 39
61 53 0
61 53 39
61 54 0
61 54 39
61 55 0
61 55 39
61 56 0
61 56 39
61 57 0
61 57 39
61 58 0
61 58 39
61 59 0
61 59 39
61 60 0
61 60 39
61 61 0
61 61 39
61 62 0
61 62 1
61 62 2
61 62 3
61 62 4
61 62 5
61 62 6
61 62 7
61 62 8
61 62 9
61 62 10
61 62 11
61 62 12
61 62 13
61 62 14
61 62 15
61 62 16
61 62 17
61 62 18
61 62 19
61 62 20
61 62 21
61 62 22
61 62 23
61 62 24
61 62 25
61 62 26
61 62 27
61 62 28
61 62 29
61 62 30
61 62 31
61 62 32
61 62 33
61 62 34
61 62 35
61 62 36
61 62 37
61 62 38
61 62 39
61 63 0
61 63 39
61 64 0
61 64 39
61 65 0
61 65 1
61 65 2
61 65 3
61 65 4
61 65 5
61 65 6
61 65 7
61 65 8
61 65 9
61 65 10
61 65 11
61 65 12
61 65 13
61 65 14
61 65 15
61 65 16
61 65 17
61 65 18
61 65 19
61 65 20
61 65 21
61 65 22
61 65 23
61 65 24
61 65 25
61 65 26
61 65 27
61 65 28
61 65 29
61 65 30
61 65 31
61 65 32
61 65 33
61 65 34
61 65 35
61 65 36
61 65 37
61 65 38
61 65 39
61 66 0
61 66 1
61 66 2
61 66 3
61 66 4
61 66 5
61 66 6
61 66 7
61 66 8
61 66 9
61 66 10
61 66 11
61 66 12
61 66 13
61 66 14
61 66 15
61 66 16
61 66 17
61 66 18
61 66 19
61 66 20
61 66 21
61 66 22
61 66 23
61 66 24
61 66 25
61 66 26
61 66 27
61 66 28
61 66 29
61 66 30
61 66 31
61 66 32
61 66 33
61 66 34
61 66 35
61 66 36
61 66 37
61 66 38
61 66 39
61 67 0
61 67 1
61 67 2
61 67 3
61 67 4
61 67 5
61 67 6
61 67 7
61 67 8
61 67 9
61 67 10
61 67 11
61 67 12
61 67 13
61 67 14
61 67 15
61 67 16
61 67 17
61 67 18
61 67 19
61 67 20
61 67 21
61 67 22
61 67 23
61 67 24
61 67 25
61 67 26
61 67 27
61 67 28
61 67 29
61 67 30
61 67 31
61 67 32
61 67 33
61 67 34
61 67 35
61 67 36
61 67 37
61 67 38
61 67 39
61 68 0
61 68 39
61 69 0
61 69 39
61 70 0
61 70 39
61 71 0
61 71 39
61 72 0
61 72 39
61 73 0
61 73 39
61 74 0
61 74 39
61 75 0
61 75 39
61 76 0
61 76 39
61 77 0
61 77 1
61 77 2
61 77 3
61 77 4
61 77 5
61 77 6
61 77 7
61 77 8
61 77 9
61 77 10
61 77 11
61 77 12
61 77 13
61 77 14
61 77 15
61 77 16
61 77 17
61 77 18
61 77 19
61 77 20
61 77 21
61 77 22
61 77 23
61 77 24
61 77 25
61 77 26
61 77 27
61 77 28
61 77 29
61 77 30
61 77 31
61 77 32
61 77 33
61 77 34
61 77 35
61 77 36
61 77 37
61 77 38
61 77 39
61 78 0
61 78 1
61 78 2
61 78 3
61 78 4
61 78 5
61 78 6
61 78 7
61 78 8
61 78 9
61 78 10
61 78 11
61 78 12
61 78 13
61 78 14
61 78 15
61 78 16
61 78 17
61 78 18
61 78 19
61 78 20
61 78 21
61 78 22
61 78 23
61 78 24
61 78 25
61 78 26
61 78 27
61 78 28
61 78 29
61 78 30
61 78 31
61 78 32
61 78 33
61 78 34
61 78 35
61 78 36
61 78 37
61 78 38
61 78 39
61 79 0
61 79 1
61 79 2
61 79 3
61 79 4
61 79 5
61 79 6
61 79 7
61 79 8
61 79 9
61 79 10
61 79 11
61 79 12
61 79 13
61 79 14
61 79 15
61 79 16
61 79 17
61 79 18
61 79 19
61 79 20
61 79 21
61 79 22
61 79 23
61 79 24
61 79 25
61 79 26
61 79 27
61 79 28
61 79 29
61 79 30
61 79 31
61 79 32
61 79 33
61 79 34
61 79 35
61 79 36
61 79 37
61 79 38
61 79 39
61 80 0
61 80 39
61 81 0
61 81 39
61 82 0
61 82 39
61 83 0
61 83 39
61 84 0
61 84 39
61 85 0
61 85 39
61 86 0
61 86 39
61 87 0
61 87 39
61 88 0
61 88 39
61 89 0
61 89 39
61 90 0
61 90 39
61 91 0
61 91 39
61 92 0
61 92 39
61 93 0
61 93 1
61 93 2
61 93 3
61 93 4
61 93 5
61 93 6
61 93 7
61 93 8
61 93 9
61 93 10
61 93 11
61 93 12
61 93 13
61 93 14
61 93 15
61 93 16
61 93 17
61 93 18
61 93 19
61 93 20
61 93 21
61 93 22
61 93 23
61 93 24
61 93 25
61 93 26
61 93 27
61 93 28
61 93 29
61 93 30
61 93 31
61 93 32
61 93 33
61 93 34
61 93 35
61 93 36
61 93 37
61 93 38
61 93 39
61 94 0
61 94 39
61 95 0
61 95 39
61 96 0
61 96 39
61 97 0
61 97 39
61 98 0
61 98 39
61 99 0
61 99 1
61 99 2
61 99 3
61 99 4
61 99 5
61 99 6
61 99 7
61 99 8
61 99 9
61 99 10
61 99 11
61 99 12
61 99 13
61 99 14
61 99 15
61 99 16
61 99 17
61 99 18
61 99 19
61 99 20
61 99 21
61 99 22
61 99 23
61 99 24
61 99 25
61 99 26
61 99 27
61 99 28
61 99 29
61 99 30
61 99 31
61 99 32
61 99 33
61 99 34
61 99 35
61 99 36
61 99 37
61 99 38
61 99 39
62 0 0
62 0 1
62 0 2
62 0 3
62 0 4
62 0 5
62 0 6
62 0 7
62 0 8
62 0 9
62 0 10
62 0 11
62 0 12
62 0 13
62 0 14
62 0 15
62 0 16
62 0 17
62 0 18
62 0 19
62 0 20
62 0 21
62 0 22
62 0 23
62 0 24
62 0 25
62 0 26
62 0 27
62 0 28
62 0 29
62 0 30
62 0 31
62 0 32
62 0 33
62 0 34
62 0 35
62 0 36
62 0 37
62 0 38
62 0 39
62 1 0
62 1 39
62 2 0
62 2 39
62 3 0
62 3 39
62 4 0
62 4 39
62 5 0
62 5 39
62 6 0
62 6 39
62 7 0
62 7 39
62 8 0
62 8 39
62 9 0
62 9 39
62 10 0
62 10 39
62 11 0
62 11 39
62 12 0
62 12 39
62 13 0
62 13 39
62 14 0
62 14 39
62 15 0
62 15 39
62 16 0
62 16 39
62 17 0
62 17 39
62 18 0
62 18 39
62 19 0
62 19 39
62 20 0
62 20 39
62 21 0
62 21 39
62 22 0
62 22 39
62 23 0
62 23 39
62 24 0
62 24 39
62 25 0
62 25 39
62 26 0
62 26 1
62 26 2
62 26 3
62 26 4
62 26 5
62 26 6
62 26 7
62 26 8
62 26 9
62 26 10
62 26 11
62 26 12
62 26 13
62 26 14
62 26 15
62 26 16
62 26 17
62 26 18
62 26 19
62 26 20
62 26 21
62 26 22
62 26 23
62 26 24
62 26 25
62 26 26
62 26 27
62 26 28
62 26 29
62 26 30
62 26 31
62 26 32
62 26 33
62 26 34
62 26 35
62 26 36
62 26 37
62 26 38
62 26 39
62 27 0
62 27 39
62 28 0
62 28 39
62 29 0
62 29 39
62 30 0
62 30 39
62 31 0
62 31 39
62 32 0
62 32 39
62 33 0
62 33 39
62 34 0
62 34 39
62 35 0
62 35 39
62 36 0
62 36 39
62 37 0
62 37 39
62 38 0
62 38 39
62 39 0
62 39 39
62 40 0
62 40 39
62 41 0
62 41 1
62 41 2
62 41 3
62 41 4
62 41 5
62 41 6
62 41 7
62 41 8
62 41 9
62 41 10
62 41 11
62 41 12
62 41 13
62 41 14
62 41 15
62 41 16
62 41 17
62 41 18
62 41 19
62 41 20
62 41 21
62 41 22
62 41 23
62 41 24
62 41 25
62 41 26
62 41 27
62 41 28
62 41 29
62 41 30
62 41 31
62 41 32
62 41 33
62 41 34
62 41 35
62 41 36
62 41 37
62 41 38
62 41 39
62 42 0
62 42 39
62 43 0
62 43 39
62 44 0
62 44 39
62 45 0
62 45 39
62 46 0
62 46 39
62 47 0
62 47 39
62 48 0
62 48 39
62 49 0
62 49 39
62 50 0
62 50 39
62 51 0
62 51 39
62 52 0
62 52 39
62 53 0
62 53 39
62 54 0
62 54 39
62 55 0
62 55 39
62 56 0
62 56 39
62 57 0
62 57 39
62 58 0
62 58 39
62 59 0
62 59 39
62 60 0
62 60 39
62 61 0
62 61 1
62 61 2
62 61 3
62 61 4
62 61 5
62 61 6
62 61 7
62 61 8
62 61 9
62 61 10
62 61 11
62 61 12
62 61 13
62 61 14
62 61 15
62 61 16
62 61 17
62 61 18
62 61 19
62 61 20
62 61 21
62 61 22
62 61 23
62 61 24
62 61 25
62 61 26
62 61 27
62 61 28
62 61 29
62 61 30
62 61 31
62 61 32
62 61 33
62 61 34
62 61 35
62 61 36
62 61 37
62 61 38
62 61 39
62 62 0
62 62 1
62 62 2
62 62 3
62 62 4
62 62 5
62 62 6
62 62 7
62 62 8
62 62 9
62 62 10
62 62 11
62 62 12
62 62 13
62 62 14
62 62 15
62 62 16
62 62 17
62 62 18
62 62 19
62 62 20
62 62 21
62 62 22
62 62 23
62 62 24
62 62 25
62 62 26
62 62 27
62 62 28
62 62 29
62 62 30
62 62 31
62 62 32
62 62 33
62 62 34
62 62 35
62 62 36
62 62 37
62 62 38
62 62 39
62 63 0
62 63 1
62 63 2
62 63 3
62 63 4
62 63 5
62 63 6
62 63 7
62 63 8
62 63 9
62 63 10
62 63 11
62 63 12
62 63 13
62 63 14
62 63 15
62 63 16
62 63 17
62 63 18
62 63 19
62 63 20
62 63 21
62 63 22
62 63 23
62 63 24
62 63 25
62 63 26
62 63 27
62 63 28
62 63 29
62 63 30
62 63 31
62 63 32
62 63 33
62 63 34
62 63 35
62 63 36
62 63 37
62 63 38
62 63 39
62 64 0
62 64 39
62 65 0
62 65 39
62 66 0
62 66 1
62 66 2
62 66 3
62 66 4
62 66 5
62 66 6
62 66 7
62 66 8
62 66 9
62 66 10
62 66 11
62 66 12
62 66 13
62 66 14
62 66 15
62 66 16
62 66 17
62 66 18
62 66 19
62 66 20
62 66 21
62 66 22
62 66 23
62 66 24
62 66 25
62 66 26
62 66 27
62 66 28
62 66 29
62 66 30
62 66 31
62 66 32
62 66 33
62 66 34
62 66 35
62 66 36
62 66 37
62 66 38
62 66 39
62 67 0
62 67 39
62 68 0
62 68 39
62 69 0
62 69 39
62 70 0
62 70 39
62 71 0
62 71 39
62 72 0
62 72 39
62 73 0
62 73 39
62 74 0
62 74 39
62 75 0
62 75 39
62 76 0
62 76 39
62 77 0
62 77 39
62 78 0
62 78 1
62 78 2
62 78 3
62 78 4
62 78 5
62 78 6
62 78 7
62 78 8
62 78 9
62 78 10
62 78 11
62 78 12
62 78 13
62 78 14
62 78 15
62 78 16
62 78 17
62 78 18
62 78 19
62 78 20
62 78 21
62 78 22
62 78 23
62 78 24
62 78 25
62 78 26
62 78 27
62 78 28
62 78 29
62 78 30
62 78 31
62 78 32
62 78 33
62 78 34
62 78 35
62 78 36
62 78 37
62 78 38
62 78 39
62 79 0
62 79 39
62 80 0
62 80 39
62 81 0
62 81 39
62 82 0
62 82 39
62 83 0
62 83 39
62 84 0
62 84 39
62 85 0
62 85 39
62 86 0
62 86 39
62 87 0
62 87 39
62 88 0
62 88 39
62 89 0
62 89 39
62 90 0
62 90 39
62 91 0
62 91 39
62 92 0
62 92 39
62 93 0
62 93 1
62 93 2
62 93 3
62 93 4
62 93 5
62 93 6
62 93 7
62 93 8
62 93 9
62 93 10
62 93 11
62 93 12
62 93 13
62 93 14
62 93 15
62 93 16
62 93 17
62 93 18
62 93 19
62 93 20
62 93 21
62 93 22
62 93 23
62 93 24
62 93 25
62 93 26
62 93 27
62 93 28
62 93 29
62 93 30
62 93 31
62 93 32
62 93 33
62 93 34
62 93 35
62 93 36
62 93 37
62 93 38
62 93 39
62 94 0
62 94 39
62 95 0
62 95 39
62 96 0
62 96 39
62 97 0
62 97 39
62 98 0
62 98 39
62 99 0
62 99 1
62 99 2
62 99 3
62 99 4
62 99 5
62 99 6
62 99 7
62 99 8
62 99 9
62 99 10
62 99 11
62 99 12
62 99 13
62 99 14
62 99 15
62 99 16
62 99 17
62 99 18
62 99 19
62 99 20
62 99 21
62 99 22
62 99 23
62 99 24
62 99 25
62 99 26
62 99 27
62 99 28
62 99 29
62 99 30
62 99 31
62 99 32
62 99 33
62 99 34
62 99 35
62 99 36
62 99 37
62 99 38
62 99 39
63 0 0
63 0 1
63 0 2
63 0 3
63 0 4
63 0 5
63 0 6
63 0 7
63 0 8
63 0 9
63 0 10
63 0 11
63 0 12
63 0 13
63 0 14
63 0 15
63 0 16
63 0 17
63 0 18
63 0 19
63 0 20
63 0 21
63 0 22
63 0 23
63 0 24
63 0 25
63 0 26
63 0 27
63 0 28
63 0 29
63 0 30
63 0 31
63 0 32
63 0 33
63 0 34
63 0 35
63 0 36
63 0 37
63 0 38
63 0 39
63 1 0
63 1 39
63 2 0
63 2 39
63 3 0
63 3 39
63 4 0
63 4 39
63 5 0
63 5 39
63 6 0
63 6 39
63 7 0
63 7 39
63 8 0
63 8 39
63 9 0
63 9 39
63 10 0
63 10 39
63 11 0
63 11 39
63 12 0
63 12 39
63 13 0
63 13 39
63 14 0
63 14 39
63 15 0
63 15 39
63 16 0
63 16 39
63 17 0
63 17 39
63 18 0
63 18 39
63 19 0
63 19 39
63 20 0
63 20 39
63 21 0
63 21 39
63 22 0
63 22 39
63 23 0
63 23 39
63 24 0
63 24 39
63 25 0
63 25 39
63 26 0
63 26 39
63 27 0
63 27 39
63 28 0
63 28 39
63 29 0
63 29 1
63 29 2
63 29 3
63 29 4
63 29 5
63 29 6
63 29 7
63 29 8
63 29 9
63 29 10
63 29 11
63 29 12
63 29 13
63 29 14
63 29 15
63 29 16
63 29 17
63 29 18
63 29 19
63 29 20
63 29 21
63 29 22
63 29 23
63 29 24
63 29 25
63 29 26
63 29 27
63 29 28
63 29 29
63 29 30
63 29 31
63 29 32
63 29 33
63 29 34
63 29 35
63 29 36
63 29 37
63 29 38
63 29 39
63 30 0
63 30 39
63 31 0
63 31 39
63 32 0
63 32 39
63 33 0
63 33 39
63 34 0
63 34 39
63 35 0
63 35 39
63 36 0
63 36 39
63 37 0
63 37 39
63 38 0
63 38 39
63 39 0
63 39 39
63 40 0
63 40 39
63 41 0
63 41 39
63 42 0
63 42 39
63 43 0
63 43 39
63 44 0
63 44 39
63 45 0
63 45 39
63 46 0
63 46 39
63 47 0
63 47 39
63 48 0
63 48 39
63 49 0
63 49 39
63 50 0
63 50 39
63 51 0
63 51 39
63 52 0
63 52 39
63 53 0
63 53 39
63 54 0
63 54 39
63 55 0
63 55 1
63 55 2
63 55 3
63 55 4
63 55 5
63 55 6
63 55 7
63 55 8
63 55 9
63 55 10
63 55 11
63 55 12
63 55 13
63 55 14
63 55 15
63 55 16
63 55 17
63 55 18
63 55 19
63 55 20
63 55 21
63 55 22
63 55 23
63 55 24
63 55 25
63 55 26
63 55 27
63 55 28
63 55 29
63 55 30
63 55 31
63 55 32
63 55 33
63 55 34
63 55 35
63 55 36
63 55 37
63 55 38
63 55 39
63 56 0
63 56 39
63 57 0
63 57 39
63 58 0
63 58 39
63 59 0
63 59 39
63 60 0
63 60 39
63 61 0
63 61 39
63 62 0
63 62 1
63 62 2
63 62 3
63 62 4
63 62 5
63 62 6
63 62 7
63 62 8
63 62 9
63 62 10
63 62 11
63 62 12
63 62 13
63 62 14
63 62 15
63 62 16
63 62 17
63 62 18
63 62 19
63 62 20
63 62 21
63 62 22
63 62 23
63 62 24
63 62 25
63 62 26
63 62 27
63 62 28
63 62 29
63 62 30
63 62 31
63 62 32
63 62 33
63 62 34
63 62 35
63 62 36
63 62 37
63 62 38
63 62 39
63 63 0
63 63 39
63 64 0
63 64 39
63 65 0
63 65 39
63 66 0
63 66 39
63 67 0
63 67 39
63 68 0
63 68 39
63 69 0
63 69 39
63 70 0
63 70 39
63 71 0
63 71 39
63 72 0
63 72 39
63 73 0
63 73 39
63 74 0
63 74 39
63 75 0
63 75 39
63 76 0
63 76 39
63 77 0
63 77 39
63 78 0
63 78 39
63 79 0
63 79 39
63 80 0
63 80 39
63 81 0
63 81 39
63 82 0
63 82 39
63 83 0
63 83 39
63 84 0
63 84 39
63 85 0
63 85 39
63 86 0
63 86 39
63 87 0
63 87 39
63 88 0
63 88 39
63 89 0
63 89 39
63 90 0
63 90 39
63 91 0
63 91 39
63 92 0
63 92 1
63 92 2
63 92 3
63 92 4
63 92 5
63 92 6
63 92 7
63 92 8
63 92 9
63 92 10
63 92 11
63 92 12
63 92 13
63 92 14
63 92 15
63 92 16
63 92 17
63 92 18
63 92 19
63 92 20
63 92 21
63 92 22
63 92 23
63 92 24
63 92 25
63 92 26
63 92 27
63 92 28
63 92 29
63 92 30
63 92 31
63 92 32
63 92 33
63 92 34
63 92 35
63 92 36
63 92 37
63 92 38
63 92 39
63 93 0
63 93 1
63 93 2
63 93 3
63 93 4
63 93 5
63 93 6
63 93 7
63 93 8
63 93 9
63 93 10
63 93 11
63 93 12
63 93 13
63 93 14
63 93 15
63 93 16
63 93 17
63 93 18
63 93 19
63 93 20
63 93 21
63 93 22
63 93 23
63 93 24
63 93 25
63 93 26
63 93 27
63 93 28
63 93 29
63 93 30
63 93 31
63 93 32
63 93 33
63 93 34
63 93 35
63 93 36
63 93 37
63 93 38
63 93 39
63 94 0
63 94 1
63 94 2
63 94 3
63 94 4
63 94 5
63 94 6
63 94 7
63 94 8
63 94 9
63 94 10
63 94 11
63 94 12
63 94 13
63 94 14
63 94 15
63 94 16
63 94 17
63 94 18
63 94 19
63 94 20
63 94 21
63 94 22
63 94 23
63 94 24
63 94 25
63 94 26
63 94 27
63 94 28
63 94 29
63 94 30
63 94 31
63 94 32
63 94 33
63 94 34
63 94 35
63 94 36
63 94 37
63 94 38
63 94 39
63 95 0
63 95 39
63 96 0
63 96 39
63 97 0
63 97 39
63 98 0
63 98 39
63 99 0
63 99 1
63 99 2
63 99 3
63 99 4
63 99 5
63 99 6
63 99 7
63 99 8
63 99 9
63 99 10
63 99 11
63 99 12
63 99 13
63 99 14
63 99 15
63 99 16
63 99 17
63 99 18
63 99 19
63 99 20
63 99 21
63 99 22
63 99 23
63 99 24
63 99 25
63 99 26
63 99 27
63 99 28
63 99 29
63 99 30
63 99 31
63 99 32
63 99 33
63 99 34
63 99 35
63 99 36
63 99 37
63 99 38
63 99 39
64 0 0
64 0 1
64 0 2
64 0 3
64 0 4
64 0 5
64 0 6
64 0 7
64 0 8
64 0 9
64 0 10
64 0 11
64 0 12
64 0 13
64 0 14
64 0 15
64 0 16
64 0 17
64 0 18
64 0 19
64 0 20
64 0 21
64 0 22
64 0 23
64 0 24
64 0 25
64 0 26
64 0 27
64 0 28
64 0 29
64 0 30
64 0 31
64 0 32
64 0 33
64 0 34
64 0 35
64 0 36
64 0 37
64 0 38
64 0 39
64 1 0
64 1 39
64 2 0
64 2 39
64 3 0
64 3 39
64 4 0
64 4 39
64 5 0
64 5 39
64 6 0
64 6 39
64 7 0
64 7 39
64 8 0
64 8 39
64 9 0
64 9 39
64 10 0
64 10 39
64 11 0
64 11 39
64 12 0
64 12 39
64 13 0
64 13 39
64 14 0
64 14 39
64 15 0
64 15 39
64 16 0
64 16 39
64 17 0
64 17 39
64 18 0
64 18 39
64 19 0
64 19 39
64 20 0
64 20 39
64 21 0
64 21 39
64 22 0
64 22 39
64 23 0
64 23 39
64 24 0
64 24 39
64 25 0
64 25 39
64 26 0
64 26 39
64 27 0
64 27 39
64 28 0
64 28 1
64 28 2
64 28 3
64 28 4
64 28 5
64 28 6
64 28 7
64 28 8
64 28 9
64 28 10
64 28 11
64 28 12
64 28 13
64 28 14
64 28 15
64 28 16
64 28 17
64 28 18
64 28 19
64 28 20
64 28 21
64 28 22
64 28 23
64 28 24
64 28 25
64 28 26
64 28 27
64 28 28
64 28 29
64 28 30
64 28 31
64 28 32
64 28 33
64 28 34
64 28 35
64 28 36
64 28 37
64 28 38
64 28 39
64 29 0
64 29 1
64 29 2
64 29 3
64 29 4
64 29 5
64 29 6
64 29 7
64 29 8
64 29 9
64 29 10
64 29 11
64 29 12
64 29 13
64 29 14
64 29 15
64 29 16
64 29 17
64 29 18
64 29 19
64 29 20
64 29 21
64 29 22
64 29 23
64 29 24
64 29 25
64 29 26
64 29 27
64 29 28
64 29 29
64 29 30
64 29 31
64 29 32
64 29 33
64 29 34
64 29 35
64 29 36
64 29 37
64 29 38
64 29 39
64 30 0
64 30 1
64 30 2
64 30 3
64 30 4
64 30 5
64 30 6
64 30 7
64 30 8
64 30 9
64 30 10
64 30 11
64 30 12
64 30 13
64 30 14
64 30 15
64 30 16
64 30 17
64 30 18
64 30 19
64 30 20
64 30 21
64 30 22
64 30 23
64 30 24
64 30 25
64 30 26
64 30 27
64 30 28
64 30 29
64 30 30
64 30 31
64 30 32
64 30 33
64 30 34
64 30 35
64 30 36
64 30 37
64 30 38
64 30 39
64 31 0
64 31 39
64 32 0
64 32 39
64 33 0
64 33 39
64 34 0
64 34 39
64 35 0
64 35 39
64 36 0
64 36 39
64 37 0
64 37 39
64 38 0
64 38 1
64 38 2
64 38 3
64 38 4
64 38 5
64 38 6
64 38 7
64 38 8
64 38 9
64 38 10
64 38 11
64 38 12
64 38 13
64 38 14
64 38 15
64 38 16
64 38 17
64 38 18
64 38 19
64 38 20
64 38 21
64 38 22
64 38 23
64 38 24
64 38 25
64 38 26
64 38 27
64 38 28
64 38 29
64 38 30
64 38 31
64 38 32
64 38 33
64 38 34
64 38 35
64 38 36
64 38 37
64 38 38
64 38 39
64 39 0
64 39 39
64 40 0
64 40 39
64 41 0
64 41 39
64 42 0
64 42 39
64 43 0
64 43 1
64 43 2
64 43 3
64 43 4
64 43 5
64 43 6
64 43 7
64 43 8
64 43 9
64 43 10
64 43 11
64 43 12
64 43 13
64 43 14
64 43 15
64 43 16
64 43 17
64 43 18
64 43 19
64 43 20
64 43 21
64 43 22
64 43 23
64 43 24
64 43 25
64 43 26
64 43 27
64 43 28
64 43 29
64 43 30
64 43 31
64 43 32
64 43 33
64 43 34
64 43 35
64 43 36
64 43 37
64 43 38
64 43 39
64 44 0
64 44 39
64 45 0
64 45 39
64 46 0
64 46 39
64 47 0
64 47 39
64 48 0
64 48 39
64 49 0
64 49 39
64 50 0
64 50 39
64 51 0
64 51 39
64 52 0
64 52 39
64 53 0
64 53 39
64 54 0
64 54 1
64 54 2
64 54 3
64 54 4
64 54 5
64 54 6
64 54 7
64 54 8
64 54 9
64 54 10
64 54 11
64 54 12
64 54 13
64 54 14
64 54 15
64 54 16
64 54 17
64 54 18
64 54 19
64 54 20
64 54 21
64 54 22
64 54 23
64 54 24
64 54 25
64 54 26
64 54 27
64 54 28
64 54 29
64 54 30
64 54 31
64 54 32
64 54 33
64 54 34
64 54 35
64 54 36
64 54 37
64 54 38
64 54 39
64 55 0
64 55 1
64 55 2
64 55 3
64 55 4
64 55 5
64 55 6
64 55 7
64 55 8
64 55 9
64 55 10
64 55 11
64 55 12
64 55 13
64 55 14
64 55 15
64 55 16
64 55 17
64 55 18
64 55 19
64 55 20
64 55 21
64 55 22
64 55 23
64 55 24
64 55 25
64 55 26
64 55 27
64 55 28
64 55 29
64 55 30
64 55 31
64 55 32
64 55 33
64 55 34
64 55 35
64 55 36
64 55 37
64 55 38
64 55 39
64 56 0
64 56 1
64 56 2
64 56 3
64 56 4
64 56 5
64 56 6
64 56 7
64 56 8
64 56 9
64 56 10
64 56 11
64 56 12
64 56 13
64 56 14
64 56 15
64 56 16
64 56 17
64 56 18
64 56 19
64 56 20
64 56 21
64 56 22
64 56 23
64 56 24
64 56 25
64 56 26
64 56 27
64 56 28
64 56 29
64 56 30
64 56 31
64 56 32
64 56 33
64 56 34
64 56 35
64 56 36
64 56 37
64 56 38
64 56 39
64 57 0
64 57 39
64 58 0
64 58 39
64 59 0
64 59 39
64 60 0
64 60 39
64 61 0
64 61 39
64 62 0
64 62 39
64 63 0
64 63 39
64 64 0
64 64 39
64 65 0
64 65 39
64 66 0
64 66 39
64 67 0
64 67 39
64 68 0
64 68 39
64 69 0
64 69 39
64 70 0
64 70 39
64 71 0
64 71 39
64 72 0
64 72 39
64 73 0
64 73 39
64 74 0
64 74 39
64 75 0
64 75 39
64 76 0
64 76 39
64 77 0
64 77 39
64 78 0
64 78 39
64 79 0
64 79 39
64 80 0
64 80 39
64 81 0
64 81 39
64 82 0
64 82 39
64 83 0
64 83 39
64 84 0
64 84 39
64 85 0
64 85 39
64 86 0
64 86 1
64 86 2
64 86 3
64 86 4
64 86 5
64 86 6
64 86 7
64 86 8
64 86 9
64 86 10
64 86 11
64 86 12
64 86 13
64 86 14
64 86 15
64 86 16
64 86 17
64 86 18
64 86 19
64 86 20
64 86 21
64 86 22
64 86 23
64 86 24
64 86 25
64 86 26
64 86 27
64 86 28
64 86 29
64 86 30
64 86 31
64 86 32
64 86 33
64 86 34
64 86 35
64 86 36
64 86 37
64 86 38
64 86 39
64 87 0
64 87 39
64 88 0
64 88 39
64 89 0
64 89 39
64 90 0
64 90 39
64 91 0
64 91 39
64 92 0
64 92 39
64 93 0
64 93 1
64 93 2
64 93 3
64 93 4
64 93 5
64 93 6
64 93 7
64 93 8
64 93 9
64 93 10
64 93 11
64 93 12
64 93 13
64 93 14
64 93 15
64 93 16
64 93 17
64 93 18
64 93 19
64 93 20
64 93 21
64 93 22
64 93 23
64 93 24
64 93 25
64 93 26
64 93 27
64 93 28
64 93 29
64 93 30
64 93 31
64 93 32
64 93 33
64 93 34
64 93 35
64 93 36
64 93 37
64 93 38
64 93 39
64 94 0
64 94 39
64 95 0
64 95 39
64 96 0
64 96 39
64 97 0
64 97 39
64 98 0
64 98 39
64 99 0
64 99 1
64 99 2
64 99 3
64 99 4
64 99 5
64 99 6
64 99 7
64 99 8
64 99 9
64 99 10
64 99 11
64 99 12
64 99 13
64 99 14
64 99 15
64 99 16
64 99 17
64 99 18
64 99 19
64 99 20
64 99 21
64 99 22
64 99 23
64 99 24
64 99 25
64 99 26
64 99 27
64 99 28
64 99 29
64 99 30
64 99 31
64 99 32
64 99 33
64 99 34
64 99 35
64 99 36
64 99 37
64 99 38
64 99 39
65 0 0
65 0 1
65 0 2
65 0 3
65 0 4
65 0 5
65 0 6
65 0 7
65 0 8
65 0 9
65 0 10
65 0 11
65 0 12
65 0 13
65 0 14
65 0 15
65 0 16
65 0 17
65 0 18
65 0 19
65 0 20
65 0 21
65 0 22
65 0 23
65 0 24
65 0 25
65 0 26
65 0 27
65 0 28
65 0 29
65 0 30
65 0 31
65 0 32
65 0 33
65 0 34
65 0 35
65 0 36
65 0 37
65 0 38
65 0 39
65 1 0
65 1 39
65 2 0
65 2 39
65 3 0
65 3 39
65 4 0
65 4 39
65 5 0
65 5 39
65 6 0
65 6 39
65 7 0
65 7 39
65 8 0
65 8 39
65 9 0
65 9 39
65 10 0
65 10 39
65 11 0
65 11 39
65 12 0
65 12 39
65 13 0
65 13 39
65 14 0
65 14 39
65 15 0
65 15 39
65 16 0
65 16 39
65 17 0
65 17 39
65 18 0
65 18 39
65 19 0
65 19 39
65 20 0
65 20 39
65 21 0
65 21 39
65 22 0
65 22 39
65 23 0
65 23 39
65 24 0
65 24 39
65 25 0
65 25 39
65 26 0
65 26 39
65 27 0
65 27 39
65 28 0
65 28 39
65 29 0
65 29 1
65 29 2
65 29 3
65 29 4
65 29 5
65 29 6
65 29 7
65 29 8
65 29 9
65 29 10
65 29 11
65 29 12
65 29 13
65 29 14
65 29 15
65 29 16
65 29 17
65 29 18
65 29 19
65 29 20
65 29 21
65 29 22
65 29 23
65 29 24
65 29 25
65 29 26
65 29 27
65 29 28
65 29 29
65 29 30
65 29 31
65 29 32
65 29 33
65 29 34
65 29 35
65 29 36
65 29 37
65 29 38
65 29 39
65 30 0
65 30 39
65 31 0
65 31 39
65 32 0
65 32 39
65 33 0
65 33 39
65 34 0
65 34 39
65 35 0
65 35 39
65 36 0
65 36 39
65 37 0
65 37 1
65 37 2
65 37 3
65 37 4
65 37 5
65 37 6
65 37 7
65 37 8
65 37 9
65 37 10
65 37 11
65 37 12
65 37 13
65 37 14
65 37 15
65 37 16
65 37 17
65 37 18
65 37 19
65 37 20
65 37 21
65 37 22
65 37 23
65 37 24
65 37 25
65 37 26
65 37 27
65 37 28
65 37 29
65 37 30
65 37 31
65 37 32
65 37 33
65 37 34
65 37 35
65 37 36
65 37 37
65 37 38
65 37 39
65 38 0
65 38 1
65 38 2
65 38 3
65 38 4
65 38 5
65 38 6
65 38 7
65 38 8
65 38 9
65 38 10
65 38 11
65 38 12
65 38 13
65 38 14
65 38 15
65 38 16
65 38 17
65 38 18
65 38 19
65 38 20
65 38 21
65 38 22
65 38 23
65 38 24
65 38 25
65 38 26
65 38 27
65 38 28
65 38 29
65 38 30
65 38 31
65 38 32
65 38 33
65 38 34
65 38 35
65 38 36
65 38 37
65 38 38
65 38 39
65 39 0
65 39 1
65 39 2
65 39 3
65 39 4
65 39 5
65 39 6
65 39 7
65 39 8
65 39 9
65 39 10
65 39 11
65 39 12
65 39 13
65 39 14
65 39 15
65 39 16
65 39 17
65 39 18
65 39 19
65 39 20
65 39 21
65 39 22
65 39 23
65 39 24
65 39 25
65 39 26
65 39 27
65 39 28
65 39 29
65 39 30
65 39 31
65 39 32
65 39 33
65 39 34
65 39 35
65 39 36
65 39 37
65 39 38
65 39 39
65 40 0
65 40 39
65 41 0
65 41 39
65 42 0
65 42 1
65 42 2
65 42 3
65 42 4
65 42 5
65 42 6
65 42 7
65 42 8
65 42 9
65 42 10
65 42 11
65 42 12
65 42 13
65 42 14
65 42 15
65 42 16
65 42 17
65 42 18
65 42 19
65 42 20
65 42 21
65 42 22
65 42 23
65 42 24
65 42 25
65 42 26
65 42 27
65 42 28
65 42 29
65 42 30
65 42 31
65 42 32
65 42 33
65 42 34
65 42 35
65 42 36
65 42 37
65 42 38
65 42 39
65 43 0
65 43 1
65 43 2
65 43 3
65 43 4
65 43 5
65 43 6
65 43 7
65 43 8
65 43 9
65 43 10
65 43 11
65 43 12
65 43 13
65 43 14
65 43 15
65 43 16
65 43 17
65 43 18
65 43 19
65 43 20
65 43 21
65 43 22
65 43 23
65 43 24
65 43 25
65 43 26
65 43 27
65 43 28
65 43 29
65 43 30
65 43 31
65 43 32
65 43 33
65 43 34
65 43 35
65 43 36
65 43 37
65 43 38
65 43 39
65 44 0
65 44 1
65 44 2
65 44 3
65 44 4
65 44 5
65 44 6
65 44 7
65 44 8
65 44 9
65 44 10
65 44 11
65 44 12
65 44 13
65 44 14
65 44 15
65 44 16
65 44 17
65 44 18
65 44 19
65 44 20
65 44 21
65 44 22
65 44 23
65 44 24
65 44 25
65 44 26
65 44 27
65 44 28
65 44 29
65 44 30
65 44 31
65 44 32
65 44 33
65 44 34
65 44 35
65 44 36
65 44 37
65 44 38
65 44 39
65 45 0
65 45 39
65 46 0
65 46 39
65 47 0
65 47 39
65 48 0
65 48 39
65 49 0
65 49 39
65 50 0
65 50 39
65 51 0
65 51 39
65 52 0
65 52 39
65 53 0
65 53 39
65 54 0
65 54 39
65 55 0
65 55 1
65 55 2
65 55 3
65 55 4
65 55 5
65 55 6
65 55 7
65 55 8
65 55 9
65 55 10
65 55 11
65 55 12
65 55 13
65 55 14
65 55 15
65 55 16
65 55 17
65 55 18
65 55 19
65 55 20
65 55 21
65 55 22
65 55 23
65 55 24
65 55 25
65 55 26
65 55 27
65 55 28
65 55 29
65 55 30
65 55 31
65 55 32
65 55 33
65 55 34
65 55 35
65 55 36
65 55 37
65 55 38
65 55 39
65 56 0
65 56 39
65 57 0
65 57 39
65 58 0
65 58 39
65 59 0
65 59 39
65 60 0
65 60 39
65 61 0
65 61 39
65 62 0
65 62 39
65 63 0
65 63 39
65 64 0
65 64 39
65 65 0
65 65 39
65 66 0
65 66 39
65 67 0
65 67 39
65 68 0
65 68 39
65 69 0
65 69 39
65 70 0
65 70 39
65 71 0
65 71 39
65 72 0
65 72 39
65 73 0
65 73 39
65 74 0
65 74 39
65 75 0
65 75 39
65 76 0
65 76 39
65 77 0
65 77 39
65 78 0
65 78 39
65 79 0
65 79 39
65 80 0
65 80 39
65 81 0
65 81 39
65 82 0
65 82 39
65 83 0
65 83 39
65 84 0
65 84 39
65 85 0
65 85 1
65 85 2
65 85 3
65 85 4
65 85 5
65 85 6
65 85 7
65 85 8
65 85 9
65 85 10
65 85 11
65 85 12
65 85 13
65 85 14
65 85 15
65 85 16
65 85 17
65 85 18
65 85 19
65 85 20
65 85 21
65 85 22
65 85 23
65 85 24
65 85 25
65 85 26
65 85 27
65 85 28
65 85 29
65 85 30
65 85 31
65 85 32
65 85 33
65 85 34
65 85 35
65 85 36
65 85 37
65 85 38
65 85 39
65 86 0
65 86 1
65 86 2
65 86 3
65 86 4
65 86 5
65 86 6
65 86 7
65 86 8
65 86 9
65 86 10
65 86 11
65 86 12
65 86 13
65 86 14
65 86 15
65 86 16
65 86 17
65 86 18
65 86 19
65 86 20
65 86 21
65 86 22
65 86 23
65 86 24
65 86 25
65 86 26
65 86 27
65 86 28
65 86 29
65 86 30
65 86 31
65 86 32
65 86 33
65 86 34
65 86 35
65 86 36
65 86 37
65 86 38
65 86 39
65 87 0
65 87 1
65 87 2
65 87 3
65 87 4
65 87 5
65 87 6
65 87 7
65 87 8
65 87 9
65 87 10
65 87 11
65 87 12
65 87 13
65 87 14
65 87 15
65 87 16
65 87 17
65 87 18
65 87 19
65 87 20
65 87 21
65 87 22
65 87 23
65 87 24
65 87 25
65 87 26
65 87 27
65 87 28
65 87 29
65 87 30
65 87 31
65 87 32
65 87 33
65 87 34
65 87 35
65 87 36
65 87 37
65 87 38
65 87 39
65 88 0
65 88 39
65 89 0
65 89 39
65 90 0
65 90 39
65 91 0
65 91 39
65 92 0
65 92 39
65 93 0
65 93 39
65 94 0
65 94 39
65 95 0
65 95 39
65 96 0
65 96 39
65 97 0
65 97 39
65 98 0
65 98 39
65 99 0
65 99 1
65 99 2
65 99 3
65 99 4
65 99 5
65 99 6
65 99 7
65 99 8
65 99 9
65 99 10
65 99 11
65 99 12
65 99 13
65 99 14
65 99 15
65 99 16
65 99 17
65 99 18
65 99 19
65 99 20
65 99 21
65 99 22
65 99 23
65 99 24
65 99 25
65 99 26
65 99 27
65 99 28
65 99 29
65 99 30
65 99 31
65 99 32
65 99 33
65 99 34
65 99 35
65 99 36
65 99 37
65 99 38
65 99 39
66 0 0
66 0 1
66 0 2
66 0 3
66 0 4
66 0 5
66 0 6
66 0 7
66 0 8
66 0 9
66 0 10
66 0 11
66 0 12
66 0 13
66 0 14
66 0 15
66 0 16
66 0 17
66 0 18
66 0 19
66 0 20
66 0 21
66 0 22
66 0 23
66 0 24
66 0 25
66 0 26
66 0 27
66 0 28
66 0 29
66 0 30
66 0 31
66 0 32
66 0 33
66 0 34
66 0 35
66 0 36
66 0 37
66 0 38
66 0 39
66 1 0
66 1 39
66 2 0
66 2 39
66 3 0
66 3 39
66 4 0
66 4 39
66 5 0
66 5 39
66 6 0
66 6 39
66 7 0
66 7 39
66 8 0
66 8 39
66 9 0
66 9 39
66 10 0
66 10 39
66 11 0
66 11 39
66 12 0
66 12 39
66 13 0
66 13 39
66 14 0
66 14 39
66 15 0
66 15 39
66 16 0
66 16 39
66 17 0
66 17 39
66 18 0
66 18 39
66 19 0
66 19 39
66 20 0
66 20 39
66 21 0
66 21 39
66 22 0
66 22 39
66 23 0
66 23 39
66 24 0
66 24 39
66 25 0
66 25 39
66 26 0
66 26 39
66 27 0
66 27 39
66 28 0
66 28 39
66 29 0
66 29 39
66 30 0
66 30 39
66 31 0
66 31 39
66 32 0
66 32 39
66 33 0
66 33 39
66 34 0
66 34 39
66 35 0
66 35 39
66 36 0
66 36 39
66 37 0
66 37 39
66 38 0
66 38 1
66 38 2
66 38 3
66 38 4
66 38 5
66 38 6
66 38 7
66 38 8
66 38 9
66 38 10
66 38 11
66 38 12
66 38 13
66 38 14
66 38 15
66 38 16
66 38 17
66 38 18
66 38 19
66 38 20
66 38 21
66 38 22
66 38 23
66 38 24
66 38 25
66 38 26
66 38 27
66 38 28
66 38 29
66 38 30
66 38 31
66 38 32
66 38 33
66 38 34
66 38 35
66 38 36
66 38 37
66 38 38
66 38 39
66 39 0
66 39 39
66 40 0
66 40 39
66 41 0
66 41 39
66 42 0
66 42 39
66 43 0
66 43 1
66 43 2
66 43 3
66 43 4
66 43 5
66 43 6
66 43 7
66 43 8
66 43 9
66 43 10
66 43 11
66 43 12
66 43 13
66 43 14
66 43 15
66 43 16
66 43 17
66 43 18
66 43 19
66 43 20
66 43 21
66 43 22
66 43 23
66 43 24
66 43 25
66 43 26
66 43 27
66 43 28
66 43 29
66 43 30
66 43 31
66 43 32
66 43 33
66 43 34
66 43 35
66 43 36
66 43 37
66 43 38
66 43 39
66 44 0
66 44 39
66 45 0
66 45 39
66 46 0
66 46 39
66 47 0
66 47 39
66 48 0
66 48 39
66 49 0
66 49 39
66 50 0
66 50 39
66 51 0
66 51 39
66 52 0
66 52 39
66 53 0
66 53 39
66 54 0
66 54 39
66 55 0
66 55 39
66 56 0
66 56 39
66 57 0
66 57 39
66 58 0
66 58 39
66 59 0
66 59 39
66 60 0
66 60 39
66 61 0
66 61 39
66 62 0
66 62 39
66 63 0
66 63 39
66 64 0
66 64 39
66 65 0
66 65 39
66 66 0
66 66 39
66 67 0
66 67 39
66 68 0
66 68 39
66 69 0
66 69 39
66 70 0
66 70 39
66 71 0
66 71 39
66 72 0
66 72 39
66 73 0
66 73 39
66 74 0
66 74 39
66 75 0
66 75 39
66 76 0
66 76 39
66 77 0
66 77 39
66 78 0
66 78 39
66 79 0
66 79 39
66 80 0
66 80 39
66 81 0
66 81 39
66 82 0
66 82 39
66 83 0
66 83 39
66 84 0
66 84 39
66 85 0
66 85 39
66 86 0
66 86 1
66 86 2
66 86 3
66 86 4
66 86 5
66 86 6
66 86 7
66 86 8
66 86 9
66 86 10
66 86 11
66 86 12
66 86 13
66 86 14
66 86 15
66 86 16
66 86 17
66 86 18
66 86 19
66 86 20
66 86 21
66 86 22
66 86 23
66 86 24
66 86 25
66 86 26
66 86 27
66 86 28
66 86 29
66 86 30
66 86 31
66 86 32
66 86 33
66 86 34
66 86 35
66 86 36
66 86 37
66 86 38
66 86 39
66 87 0
66 87 39
66 88 0
66 88 39
66 89 0
66 89 39
66 90 0
66 90 39
66 91 0
66 91 39
66 92 0
66 92 39
66 93 0
66 93 39
66 94 0
66 94 39
66 95 0
66 95 39
66 96 0
66 96 39
66 97 0
66 97 39
66 98 0
66 98 39
66 99 0
66 99 1
66 99 2
66 99 3
66 99 4
66 99 5
66 99 6
66 99 7
66 99 8
66 99 9
66 99 10
66 99 11
66 99 12
66 99 13
66 99 14
66 99 15
66 99 16
66 99 17
66 99 18
66 99 19
66 99 20
66 99 21
66 99 22
66 99 23
66 99 24
66 99 25
66 99 26
66 99 27
66 99 28
66 99 29
66 99 30
66 99 31
66 99 32
66 99 33
66 99 34
66 99 35
66 99 36
66 99 37
66 99 38
66 99 39
67 0 0
67 0 1
67 0 2
67 0 3
67 0 4
67 0 5
67 0 6
67 0 7
67 0 8
67 0 9
67 0 10
67 0 11
67 0 12
67 0 13
67 0 14
67 0 15
67 0 16
67 0 17
67 0 18
67 0 19
67 0 20
67 0 21
67 0 22
67 0 23
67 0 24
67 0 25
67 0 26
67 0 27
67 0 28
67 0 29
67 0 30
67 0 31
67 0 32
67 0 33
67 0 34
67 0 35
67 0 36
67 0 37
67 0 38
67 0 39
67 1 0
67 1 39
67 2 0
67 2 39
67 3 0
67 3 39
67 4 0
67 4 39
67 5 0
67 5 39
67 6 0
67 6 39
67 7 0
67 7 39
67 8 0
67 8 39
67 9 0
67 9 39
67 10 0
67 10 39
67 11 0
67 11 39
67 12 0
67 12 39
67 13 0
67 13 39
67 14 0
67 14 39
67 15 0
67 15 39
67 16 0
67 16 39
67 17 0
67 17 39
67 18 0
67 18 39
67 19 0
67 19 39
67 20 0
67 20 39
67 21 0
67 21 39
67 22 0
67 22 39
67 23 0
67 23 39
67 24 0
67 24 39
67 25 0
67 25 39
67 26 0
67 26 39
67 27 0
67 27 39
67 28 0
67 28 39
67 29 0
67 29 1
67 29 2
67 29 3
67 29 4
67 29 5
67 29 6
67 29 7
67 29 8
67 29 9
67 29 10
67 29 11
67 29 12
67 29 13
67 29 14
67 29 15
67 29 16
67 29 17
67 29 18
67 29 19
67 29 20
67 29 21
67 29 22
67 29 23
67 29 24
67 29 25
67 29 26
67 29 27
67 29 28
67 29 29
67 29 30
67 29 31
67 29 32
67 29 33
67 29 34
67 29 35
67 29 36
67 29 37
67 29 38
67 29 39
67 30 0
67 30 39
67 31 0
67 31 39
67 32 0
67 32 39
67 33 0
67 33 39
67 34 0
67 34 39
67 35 0
67 35 39
67 36 0
67 36 39
67 37 0
67 37 39
67 38 0
67 38 39
67 39 0
67 39 39
67 40 0
67 40 39
67 41 0
67 41 39
67 42 0
67 42 39
67 43 0
67 43 39
67 44 0
67 44 39
67 45 0
67 45 39
67 46 0
67 46 39
67 47 0
67 47 39
67 48 0
67 48 39
67 49 0
67 49 39
67 50 0
67 50 39
67 51 0
67 51 39
67 52 0
67 52 39
67 53 0
67 53 39
67 54 0
67 54 39
67 55 0
67 55 39
67 56 0
67 56 39
67 57 0
67 57 39
67 58 0
67 58 39
67 59 0
67 59 39
67 60 0
67 60 39
67 61 0
67 61 39
67 62 0
67 62 39
67 63 0
67 63 39
67 64 0
67 64 39
67 65 0
67 65 39
67 66 0
67 66 39
67 67 0
67 67 39
67 68 0
67 68 39
67 69 0
67 69 39
67 70 0
67 70 39
67 71 0
67 71 39
67 72 0
67 72 39
67 73 0
67 73 39
67 74 0
67 74 39
67 75 0
67 75 39
67 76 0
67 76 39
67 77 0
67 77 39
67 78 0
67 78 39
67 79 0
67 79 1
67 79 2
67 79 3
67 79 4
67 79 5
67 79 6
67 79 7
67 79 8
67 79 9
67 79 10
67 79 11
67 79 12
67 79 13
67 79 14
67 79 15
67 79 16
67 79 17
67 79 18
67 79 19
67 79 20
67 79 21
67 79 22
67 79 23
67 79 24
67 79 25
67 79 26
67 79 27
67 79 28
67 79 29
67 79 30
67 79 31
67 79 32
67 79 33
67 79 34
67 79 35
67 79 36
67 79 37
67 79 38
67 79 39
67 80 0
67 80 39
67 81 0
67 81 39
67 82 0
67 82 39
67 83 0
67 83 39
67 84 0
67 84 39
67 85 0
67 85 39
67 86 0
67 86 39
67 87 0
67 87 39
67 88 0
67 88 39
67 89 0
67 89 39
67 90 0
67 90 39
67 91 0
67 91 39
67 92 0
67 92 39
67 93 0
67 93 39
67 94 0
67 94 39
67 95 0
67 95 39
67 96 0
67 96 39
67 97 0
67 97 39
67 98 0
67 98 39
67 99 0
67 99 1
67 99 2
67 99 3
67 99 4
67 99 5
67 99 6
67 99 7
67 99 8
67 99 9
67 99 10
67 99 11
67 99 12
67 99 13
67 99 14
67 99 15
67 99 16
67 99 17
67 99 18
67 99 19
67 99 20
67 99 21
67 99 22
67 99 23
67 99 24
67 99 25
67 99 26
67 99 27
67 99 28
67 99 29
67 99 30
67 99 31
67 99 32
67 99 33
67 99 34
67 99 35
67 99 36
67 99 37
67 99 38
67 99 39
68 0 0
68 0 1
68 0 2
68 0 3
68 0 4
68 0 5
68 0 6
68 0 7
68 0 8
68 0 9
68 0 10
68 0 11
68 0 12
68 0 13
68 0 14
68 0 15
68 0 16
68 0 17
68 0 18
68 0 19
68 0 20
68 0 21
68 0 22
68 0 23
68 0 24
68 0 25
68 0 26
68 0 27
68 0 28
68 0 29
68 0 30
68 0 31
68 0 32
68 0 33
68 0 34
68 0 35
68 0 36
68 0 37
68 0 38
68 0 39
68 1 0
68 1 39
68 2 0
68 2 39
68 3 0
68 3 39
68 4 0
68 4 39
68 5 0
68 5 39
68 6 0
68 6 39
68 7 0
68 7 1
68 7 2
68 7 3
68 7 4
68 7 5
68 7 6
68 7 7
68 7 8
68 7 9
68 7 10
68 7 11
68 7 12
68 7 13
68 7 14
68 7 15
68 7 16
68 7 17
68 7 18
68 7 19
68 7 20
68 7 21
68 7 22
68 7 23
68 7 24
68 7 25
68 7 26
68 7 27
68 7 28
68 7 29
68 7 30
68 7 31
68 7 32
68 7 33
68 7 34
68 7 35
68 7 36
68 7 37
68 7 38
68 7 39
68 8 0
68 8 39
68 9 0
68 9 39
68 10 0
68 10 39
68 11 0
68 11 39
68 12 0
68 12 39
68 13 0
68 13 39
68 14 0
68 14 39
68 15 0
68 15 39
68 16 0
68 16 39
68 17 0
68 17 39
68 18 0
68 18 39
68 19 0
68 19 39
68 20 0
68 20 39
68 21 0
68 21 39
68 22 0
68 22 39
68 23 0
68 23 39
68 24 0
68 24 39
68 25 0
68 25 39
68 26 0
68 26 39
68 27 0
68 27 39
68 28 0
68 28 1
68 28 2
68 28 3
68 28 4
68 28 5
68 28 6
68 28 7
68 28 8
68 28 9
68 28 10
68 28 11
68 28 12
68 28 13
68 28 14
68 28 15
68 28 16
68 28 17
68 28 18
68 28 19
68 28 20
68 28 21
68 28 22
68 28 23
68 28 24
68 28 25
68 28 26
68 28 27
68 28 28
68 28 29
68 28 30
68 28 31
68 28 32
68 28 33
68 28 34
68 28 35
68 28 36
68 28 37
68 28 38
68 28 39
68 29 0
68 29 1
68 29 2
68 29 3
68 29 4
68 29 5
68 29 6
68 29 7
68 29 8
68 29 9
68 29 10
68 29 11
68 29 12
68 29 13
68 29 14
68 29 15
68 29 16
68 29 17
68 29 18
68 29 19
68 29 20
68 29 21
68 29 22
68 29 23
68 29 24
68 29 25
68 29 26
68 29 27
68 29 28
68 29 29
68 29 30
68 29 31
68 29 32
68 29 33
68 29 34
68 29 35
68 29 36
68 29 37
68 29 38
68 29 39
68 30 0
68 30 1
68 30 2
68 30 3
68 30 4
68 30 5
68 30 6
68 30 7
68 30 8
68 30 9
68 30 10
68 30 11
68 30 12
68 30 13
68 30 14
68 30 15
68 30 16
68 30 17
68 30 18
68 30 19
68 30 20
68 30 21
68 30 22
68 30 23
68 30 24
68 30 25
68 30 26
68 30 27
68 30 28
68 30 29
68 30 30
68 30 31
68 30 32
68 30 33
68 30 34
68 30 35
68 30 36
68 30 37
68 30 38
68 30 39
68 31 0
68 31 39
68 32 0
68 32 39
68 33 0
68 33 39
68 34 0
68 34 39
68 35 0
68 35 39
68 36 0
68 36 39
68 37 0
68 37 39
68 38 0
68 38 39
68 39 0
68 39 39
68 40 0
68 40 39
68 41 0
68 41 39
68 42 0
68 42 39
68 43 0
68 43 39
68 44 0
68 44 39
68 45 0
68 45 39
68 46 0
68 46 39
68 47 0
68 47 39
68 48 0
68 48 39
68 49 0
68 49 39
68 50 0
68 50 39
68 51 0
68 51 39
68 52 0
68 52 39
68 53 0
68 53 39
68 54 0
68 54 39
68 55 0
68 55 39
68 56 0
68 56 39
68 57 0
68 57 39
68 58 0
68 58 39
68 59 0
68 59 39
68 60 0
68 60 39
68 61 0
68 61 39
68 62 0
68 62 39
68 63 0
68 63 39
68 64 0
68 64 39
68 65 0
68 65 39
68 66 0
68 66 39
68 67 0
68 67 39
68 68 0
68 68 39
68 69 0
68 69 39
68 70 0
68 70 39
68 71 0
68 71 39
68 72 0
68 72 39
68 73 0
68 73 39
68 74 0
68 74 39
68 75 0
68 75 39
68 76 0
68 76 39
68 77 0
68 77 39
68 78 0
68 78 1
68 78 2
68 78 3
68 78 4
68 78 5
68 78 6
68 78 7
68 78 8
68 78 9
68 78 10
68 78 11
68 78 12
68 78 13
68 78 14
68 78 15
68 78 16
68 78 17
68 78 18
68 78 19
68 78 20
68 78 21
68 78 22
68 78 23
68 78 24
68 78 25
68 78 26
68 78 27
68 78 28
68 78 29
68 78 30
68 78 31
68 78 32
68 78 33
68 78 34
68 78 35
68 78 36
68 78 37
68 78 38
68 78 39
68 79 0
68 79 1
68 79 2
68 79 3
68 79 4
68 79 5
68 79 6
68 79 7
68 79 8
68 79 9
68 79 10
68 79 11
68 79 12
68 79 13
68 79 14
68 79 15
68 79 16
68 79 17
68 79 18
68 79 19
68 79 20
68 79 21
68 79 22
68 79 23
68 79 24
68 79 25
68 79 26
68 79 27
68 79 28
68 79 29
68 79 30
68 79 31
68 79 32
68 79 33
68 79 34
68 79 35
68 79 36
68 79 37
68 79 38
68 79 39
68 80 0
68 80 1
68 80 2
68 80 3
68 80 4
68 80 5
68 80 6
68 80 7
68 80 8
68 80 9
68 80 10
68 80 11
68 80 12
68 80 13
68 80 14
68 80 15
68 80 16
68 80 17
68 80 18
68 80 19
68 80 20
68 80 21
68 80 22
68 80 23
68 80 24
68 80 25
68 80 26
68 80 27
68 80 28
68 80 29
68 80 30
68 80 31
68 80 32
68 80 33
68 80 34
68 80 35
68 80 36
68 80 37
68 80 38
68 80 39
68 81 0
68 81 39
68 82 0
68 82 39
68 83 0
68 83 39
68 84 0
68 84 39
68 85 0
68 85 39
68 86 0
68 86 1
68 86 2
68 86 3
68 86 4
68 86 5
68 86 6
68 86 7
68 86 8
68 86 9
68 86 10
68 86 11
68 86 12
68 86 13
68 86 14
68 86 15
68 86 16
68 86 17
68 86 18
68 86 19
68 86 20
68 86 21
68 86 22
68 86 23
68 86 24
68 86 25
68 86 26
68 86 27
68 86 28
68 86 29
68 86 30
68 86 31
68 86 32
68 86 33
68 86 34
68 86 35
68 86 36
68 86 37
68 86 38
68 86 39
68 87 0
68 87 39
68 88 0
68 88 39
68 89 0
68 89 39
68 90 0
68 90 39
68 91 0
68 91 39
68 92 0
68 92 39
68 93 0
68 93 39
68 94 0
68 94 39
68 95 0
68 95 39
68 96 0
68 96 39
68 97 0
68 97 39
68 98 0
68 98 39
68 99 0
68 99 1
68 99 2
68 99 3
68 99 4
68 99 5
68 99 6
68 99 7
68 99 8
68 99 9
68 99 10
68 99 11
68 99 12
68 99 13
68 99 14
68 99 15
68 99 16
68 99 17
68 99 18
68 99 19
68 99 20
68 99 21
68 99 22
68 99 23
68 99 24
68 99 25
68 99 26
68 99 27
68 99 28
68 99 29
68 99 30
68 99 31
68 99 32
68 99 33
68 99 34
68 99 35
68 99 36
68 99 37
68 99 38
68 99 39
69 0 0
69 0 1
69 0 2
69 0 3
69 0 4
69 0 5
69 0 6
69 0 7
69 0 8
69 0 9
69 0 10
69 0 11
69 0 12
69 0 13
69 0 14
69 0 15
69 0 16
69 0 17
69 0 18
69 0 19
69 0 20
69 0 21
69 0 22
69 0 23
69 0 24
69 0 25
69 0 26
69 0 27
69 0 28
69 0 29
69 0 30
69 0 31
69 0 32
69 0 33
69 0 34
69 0 35
69 0 36
69 0 37
69 0 38
69 0 39
69 1 0
69 1 39
69 2 0
69 2 39
69 3 0
69 3 39
69 4 0
69 4 39
69 5 0
69 5 39
69 6 0
69 6 1
69 6 2
69 6 3
69 6 4
69 6 5
69 6 6
69 6 7
69 6 8
69 6 9
69 6 10
69 6 11
69 6 12
69 6 13
69 6 14
69 6 15
69 6 16
69 6 17
69 6 18
69 6 19
69 6 20
69 6 21
69 6 22
69 6 23
69 6 24
69 6 25
69 6 26
69 6 27
69 6 28
69 6 29
69 6 30
69 6 31
69 6 32
69 6 33
69 6 34
69 6 35
69 6 36
69 6 37
69 6 38
69 6 39
69 7 0
69 7 1
69 7 2
69 7 3
69 7 4
69 7 5
69 7 6
69 7 7
69 7 8
69 7 9
69 7 10
69 7 11
69 7 12
69 7 13
69 7 14
69 7 15
69 7 16
69 7 17
69 7 18
69 7 19
69 7 20
69 7 21
69 7 22
69 7 23
69 7 24
69 7 25
69 7 26
69 7 27
69 7 28
69 7 29
69 7 30
69 7 31
69 7 32
69 7 33
69 7 34
69 7 35
69 7 36
69 7 37
69 7 38
69 7 39
69 8 0
69 8 1
69 8 2
69 8 3
69 8 4
69 8 5
69 8 6
69 8 7
69 8 8
69 8 9
69 8 10
69 8 11
69 8 12
69 8 13
69 8 14
69 8 15
69 8 16
69 8 17
69 8 18
69 8 19
69 8 20
69 8 21
69 8 22
69 8 23
69 8 24
69 8 25
69 8 26
69 8 27
69 8 28
69 8 29
69 8 30
69 8 31
69 8 32
69 8 33
69 8 34
69 8 35
69 8 36
69 8 37
69 8 38
69 8 39
69 9 0
69 9 39
69 10 0
69 10 39
69 11 0
69 11 39
69 12 0
69 12 39
69 13 0
69 13 39
69 14 0
69 14 39
69 15 0
69 15 39
69 16 0
69 16 39
69 17 0
69 17 39
69 18 0
69 18 39
69 19 0
69 19 39
69 20 0
69 20 39
69 21 0
69 21 39
69 22 0
69 22 39
69 23 0
69 23 39
69 24 0
69 24 39
69 25 0
69 25 39
69 26 0
69 26 39
69 27 0
69 27 39
69 28 0
69 28 39
69 29 0
69 29 1
69 29 2
69 29 3
69 29 4
69 29 5
69 29 6
69 29 7
69 29 8
69 29 9
69 29 10
69 29 11
69 29 12
69 29 13
69 29 14
69 29 15
69 29 16
69 29 17
69 29 18
69 29 19
69 29 20
69 29 21
69 29 22
69 29 23
69 29 24
69 29 25
69 29 26
69 29 27
69 29 28
69 29 29
69 29 30
69 29 31
69 29 32
69 29 33
69 29 34
69 29 35
69 29 36
69 29 37
69 29 38
69 29 39
69 30 0
69 30 39
69 31 0
69 31 39
69 32 0
69 32 39
69 33 0
69 33 39
69 34 0
69 34 39
69 35 0
69 35 39
69 36 0
69 36 39
69 37 0
69 37 39
69 38 0
69 38 39
69 39 0
69 39 39
69 40 0
69 40 39
69 41 0
69 41 39
69 42 0
69 42 39
69 43 0
69 43 39
69 44 0
69 44 39
69 45 0
69 45 39
69 46 0
69 46 39
69 47 0
69 47 39
69 48 0
69 48 39
69 49 0
69 49 39
69 50 0
69 50 39
69 51 0
69 51 39
69 52 0
69 52 39
69 53 0
69 53 39
69 54 0
69 54 39
69 55 0
69 55 39
69 56 0
69 56 39
69 57 0
69 57 39
69 58 0
69 58 39
69 59 0
69 59 39
69 60 0
69 60 39
69 61 0
69 61 39
69 62 0
69 62 39
69 63 0
69 63 39
69 64 0
69 64 39
69 65 0
69 65 39
69 66 0
69 66 39
69 67 0
69 67 39
69 68 0
69 68 39
69 69 0
69 69 39
69 70 0
69 70 39
69 71 0
69 71 39
69 72 0
69 72 39
69 73 0
69 73 39
69 74 0
69 74 39
69 75 0
69 75 39
69 76 0
69 76 39
69 77 0
69 77 39
69 78 0
69 78 39
69 79 0
69 79 1
69 79 2
69 79 3
69 79 4
69 79 5
69 79 6
69 79 7
69 79 8
69 79 9
69 79 10
69 79 11
69 79 12
69 79 13
69 79 14
69 79 15
69 79 16
69 79 17
69 79 18
69 79 19
69 79 20
69 79 21
69 79 22
69 79 23
69 79 24
69 79 25
69 79 26
69 79 27
69 79 28
69 79 29
69 79 30
69 79 31
69 79 32
69 79 33
69 79 34
69 79 35
69 79 36
69 79 37
69 79 38
69 79 39
69 80 0
69 80 39
69 81 0
69 81 39
69 82 0
69 82 39
69 83 0
69 83 39
69 84 0
69 84 39
69 85 0
69 85 1
69 85 2
69 85 3
69 85 4
69 85 5
69 85 6
69 85 7
69 85 8
69 85 9
69 85 10
69 85 11
69 85 12
69 85 13
69 85 14
69 85 15
69 85 16
69 85 17
69 85 18
69 85 19
69 85 20
69 85 21
69 85 22
69 85 23
69 85 24
69 85 25
69 85 26
69 85 27
69 85 28
69 85 29
69 85 30
69 85 31
69 85 32
69 85 33
69 85 34
69 85 35
69 85 36
69 85 37
69 85 38
69 85 39
69 86 0
69 86 1
69 86 2
69 86 3
69 86 4
69 86 5
69 86 6
69 86 7
69 86 8
69 86 9
69 86 10
69 86 11
69 86 12
69 86 13
69 86 14
69 86 15
69 86 16
69 86 17
69 86 18
69 86 19
69 86 20
69 86 21
69 86 22
69 86 23
69 86 24
69 86 25
69 86 26
69 86 27
69 86 28
69 86 29
69 86 30
69 86 31
69 86 32
69 86 33
69 86 34
69 86 35
69 86 36
69 86 37
69 86 38
69 86 39
69 87 0
69 87 1
69 87 2
69 87 3
69 87 4
69 87 5
69 87 6
69 87 7
69 87 8
69 87 9
69 87 10
69 87 11
69 87 12
69 87 13
69 87 14
69 87 15
69 87 16
69 87 17
69 87 18
69 87 19
69 87 20
69 87 21
69 87 22
69 87 23
69 87 24
69 87 25
69 87 26
69 87 27
69 87 28
69 87 29
69 87 30
69 87 31
69 87 32
69 87 33
69 87 34
69 87 35
69 87 36
69 87 37
69 87 38
69 87 39
69 88 0
69 88 39
69 89 0
69 89 39
69 90 0
69 90 39
69 91 0
69 91 39
69 92 0
69 92 39
69 93 0
69 93 39
69 94 0
69 94 39
69 95 0
69 95 39
69 96 0
69 96 39
69 97 0
69 97 39
69 98 0
69 98 39
69 99 0
69 99 1
69 99 2
69 99 3
69 99 4
69 99 5
69 99 6
69 99 7
69 99 8
69 99 9
69 99 10
69 99 11
69 99 12
69 99 13
69 99 14
69 99 15
69 99 16
69 99 17
69 99 18
69 99 19
69 99 20
69 99 21
69 99 22
69 99 23
69 99 24
69 99 25
69 99 26
69 99 27
69 99 28
69 99 29
69 99 30
69 99 31
69 99 32
69 99 33
69 99 34
69 99 35
69 99 36
69 99 37
69 99 38
69 99 39
70 0 0
70 0 1
70 0 2
70 0 3
70 0 4
70 0 5
70 0 6
70 0 7
70 0 8
70 0 9
70 0 10
70 0 11
70 0 12
70 0 13
70 0 14
70 0 15
70 0 16
70 0 17
70 0 18
70 0 19
70 0 20
70 0 21
70 0 22
70 0 23
70 0 24
70 0 25
70 0 26
70 0 27
70 0 28
70 0 29
70 0 30
70 0 31
70 0 32
70 0 33
70 0 34
70 0 35
70 0 36
70 0 37
70 0 38
70 0 39
70 1 0
70 1 39
70 2 0
70 2 1
70 2 2
70 2 3
70 2 4
70 2 5
70 2 6
70 2 7
70 2 8
70 2 9
70 2 10
70 2 11
70 2 12
70 2 13
70 2 14
70 2 15
70 2 16
70 2 17
70 2 18
70 2 19
70 2 20
70 2 21
70 2 22
70 2 23
70 2 24
70 2 25
70 2 26
70 2 27
70 2 28
70 2 29
70 2 30
70 2 31
70 2 32
70 2 33
70 2 34
70 2 35
70 2 36
70 2 37
70 2 38
70 2 39
70 3 0
70 3 39
70 4 0
70 4 39
70 5 0
70 5 39
70 6 0
70 6 39
70 7 0
70 7 1
70 7 2
70 7 3
70 7 4
70 7 5
70 7 6
70 7 7
70 7 8
70 7 9
70 7 10
70 7 11
70 7 12
70 7 13
70 7 14
70 7 15
70 7 16
70 7 17
70 7 18
70 7 19
70 7 20
70 7 21
70 7 22
70 7 23
70 7 24
70 7 25
70 7 26
70 7 27
70 7 28
70 7 29
70 7 30
70 7 31
70 7 32
70 7 33
70 7 34
70 7 35
70 7 36
70 7 37
70 7 38
70 7 39
70 8 0
70 8 39
70 9 0
70 9 39
70 10 0
70 10 39
70 11 0
70 11 39
70 12 0
70 12 39
70 13 0
70 13 39
70 14 0
70 14 39
70 15 0
70 15 1
70 15 2
70 15 3
70 15 4
70 15 5
70 15 6
70 15 7
70 15 8
70 15 9
70 15 10
70 15 11
70 15 12
70 15 13
70 15 14
70 15 15
70 15 16
70 15 17
70 15 18
70 15 19
70 15 20
70 15 21
70 15 22
70 15 23
70 15 24
70 15 25
70 15 26
70 15 27
70 15 28
70 15 29
70 15 30
70 15 31
70 15 32
70 15 33
70 15 34
70 15 35
70 15 36
70 15 37
70 15 38
70 15 39
70 16 0
70 16 39
70 17 0
70 17 39
70 18 0
70 18 39
70 19 0
70 19 39
70 20 0
70 20 39
70 21 0
70 21 39
70 22 0
70 22 39
70 23 0
70 23 39
70 24 0
70 24 39
70 25 0
70 25 39
70 26 0
70 26 39
70 27 0
70 27 39
70 28 0
70 28 39
70 29 0
70 29 39
70 30 0
70 30 39
70 31 0
70 31 39
70 32 0
70 32 39
70 33 0
70 33 39
70 34 0
70 34 39
70 35 0
70 35 39
70 36 0
70 36 39
70 37 0
70 37 39
70 38 0
70 38 39
70 39 0
70 39 39
70 40 0
70 40 39
70 41 0
70 41 39
70 42 0
70 42 39
70 43 0
70 43 39
70 44 0
70 44 39
70 45 0
70 45 39
70 46 0
70 46 39
70 47 0
70 47 39
70 48 0
70 48 39
70 49 0
70 49 39
70 50 0
70 50 39
70 51 0
70 51 1
70 51 2
70 51 3
70 51 4
70 51 5
70 51 6
70 51 7
70 51 8
70 51 9
70 51 10
70 51 11
70 51 12
70 51 13
70 51 14
70 51 15
70 51 16
70 51 17
70 51 18
70 51 19
70 51 20
70 51 21
70 51 22
70 51 23
70 51 24
70 51 25
70 51 26
70 51 27
70 51 28
70 51 29
70 51 30
70 51 31
70 51 32
70 51 33
70 51 34
70 51 35
70 51 36
70 51 37
70 51 38
70 51 39
70 52 0
70 52 39
70 53 0
70 53 39
70 54 0
70 54 39
70 55 0
70 55 39
70 56 0
70 56 39
70 57 0
70 57 39
70 58 0
70 58 39
70 59 0
70 59 39
70 60 0
70 60 39
70 61 0
70 61 39
70 62 0
70 62 39
70 63 0
70 63 39
70 64 0
70 64 39
70 65 0
70 65 39
70 66 0
70 66 39
70 67 0
70 67 39
70 68 0
70 68 39
70 69 0
70 69 39
70 70 0
70 70 39
70 71 0
70 71 39
70 72 0
70 72 39
70 73 0
70 73 39
70 74 0
70 74 39
70 75 0
70 75 39
70 76 0
70 76 39
70 77 0
70 77 39
70 78 0
70 78 39
70 79 0
70 79 39
70 80 0
70 80 39
70 81 0
70 81 39
70 82 0
70 82 39
70 83 0
70 83 39
70 84 0
70 84 39
70 85 0
70 85 39
70 86 0
70 86 1
70 86 2
70 86 3
70 86 4
70 86 5
70 86 6
70 86 7
70 86 8
70 86 9
70 86 10
70 86 11
70 86 12
70 86 13
70 86 14
70 86 15
70 86 16
70 86 17
70 86 18
70 86 19
70 86 20
70 86 21
70 86 22
70 86 23
70 86 24
70 86 25
70 86 26
70 86 27
70 86 28
70 86 29
70 86 30
70 86 31
70 86 32
70 86 33
70 86 34
70 86 35
70 86 36
70 86 37
70 86 38
70 86 39
70 87 0
70 87 39
70 88 0
70 88 39
70 89 0
70 89 39
70 90 0
70 90 39
70 91 0
70 91 39
70 92 0
70 92 39
70 93 0
70 93 39
70 94 0
70 94 39
70 95 0
70 95 39
70 96 0
70 96 39
70 97 0
70 97 39
70 98 0
70 98 39
70 99 0
70 99 1
70 99 2
70 99 3
70 99 4
70 99 5
70 99 6
70 99 7
70 99 8
70 99 9
70 99 10
70 99 11
70 99 12
70 99 13
70 99 14
70 99 15
70 99 16
70 99 17
70 99 18
70 99 19
70 99 20
70 99 21
70 99 22
70 99 23
70 99 24
70 99 25
70 99 26
70 99 27
70 99 28
70 99 29
70 99 30
70 99 31
70 99 32
70 99 33
70 99 34
70 99 35
70 99 36
70 99 37
70 99 38
70 99 39
71 0 0
71 0 1
71 0 2
71 0 3
71 0 4
71 0 5
71 0 6
71 0 7
71 0 8
71 0 9
71 0 10
71 0 11
71 0 12
71 0 13
71 0 14
71 0 15
71 0 16
71 0 17
71 0 18
71 0 19
71 0 20
71 0 21
71 0 22
71 0 23
71 0 24
71 0 25
71 0 26
71 0 27
71 0 28
71 0 29
71 0 30
71 0 31
71 0 32
71 0 33
71 0 34
71 0 35
71 0 36
71 0 37
71 0 38
71 0 39
71 1 0
71 1 1
71 1 2
71 1 3
71 1 4
71 1 5
71 1 6
71 1 7
71 1 8
71 1 9
71 1 10
71 1 11
71 1 12
71 1 13
71 1 14
71 1 15
71 1 16
71 1 17
71 1 18
71 1 19
71 1 20
71 1 21
71 1 22
71 1 23
71 1 24
71 1 25
71 1 26
71 1 27
71 1 28
71 1 29
71 1 30
71 1 31
71 1 32
71 1 33
71 1 34
71 1 35
71 1 36
71 1 37
71 1 38
71 1 39
71 2 0
71 2 1
71 2 2
71 2 3
71 2 4
71 2 5
71 2 6
71 2 7
71 2 8
71 2 9
71 2 10
71 2 11
71 2 12
71 2 13
71 2 14
71 2 15
71 2 16
71 2 17
71 2 18
71 2 19
71 2 20
71 2 21
71 2 22
71 2 23
71 2 24
71 2 25
71 2 26
71 2 27
71 2 28
71 2 29
71 2 30
71 2 31
71 2 32
71 2 33
71 2 34
71 2 35
71 2 36
71 2 37
71 2 38
71 2 39
71 3 0
71 3 1
71 3 2
71 3 3
71 3 4
71 3 5
71 3 6
71 3 7
71 3 8
71 3 9
71 3 10
71 3 11
71 3 12
71 3 13
71 3 14
71 3 15
71 3 16
71 3 17
71 3 18
71 3 19
71 3 20
71 3 21
71 3 22
71 3 23
71 3 24
71 3 25
71 3 26
71 3 27
71 3 28
71 3 29
71 3 30
71 3 31
71 3 32
71 3 33
71 3 34
71 3 35
71 3 36
71 3 37
71 3 38
71 3 39
71 4 0
71 4 39
71 5 0
71 5 39
71 6 0
71 6 39
71 7 0
71 7 39
71 8 0
71 8 39
71 9 0
71 9 39
71 10 0
71 10 39
71 11 0
71 11 39
71 12 0
71 12 39
71 13 0
71 13 39
71 14 0
71 14 1
71 14 2
71 14 3
71 14 4
71 14 5
71 14 6
71 14 7
71 14 8
71 14 9
71 14 10
71 14 11
71 14 12
71 14 13
71 14 14
71 14 15
71 14 16
71 14 17
71 14 18
71 14 19
71 14 20
71 14 21
71 14 22
71 14 23
71 14 24
71 14 25
71 14 26
71 14 27
71 14 28
71 14 29
71 14 30
71 14 31
71 14 32
71 14 33
71 14 34
71 14 35
71 14 36
71 14 37
71 14 38
71 14 39
71 15 0
71 15 1
71 15 2
71 15 3
71 15 4
71 15 5
71 15 6
71 15 7
71 15 8
71 15 9
71 15 10
71 15 11
71 15 12
71 15 13
71 15 14
71 15 15
71 15 16
71 15 17
71 15 18
71 15 19
71 15 20
71 15 21
71 15 22
71 15 23
71 15 24
71 15 25
71 15 26
71 15 27
71 15 28
71 15 29
71 15 30
71 15 31
71 15 32
71 15 33
71 15 34
71 15 35
71 15 36
71 15 37
71 15 38
71 15 39
71 16 0
71 16 1
71 16 2
71 16 3
71 16 4
71 16 5
71 16 6
71 16 7
71 16 8
71 16 9
71 16 10
71 16 11
71 16 12
71 16 13
71 16 14
71 16 15
71 16 16
71 16 17
71 16 18
71 16 19
71 16 20
71 16 21
71 16 22
71 16 23
71 16 24
71 16 25
71 16 26
71 16 27
71 16 28
71 16 29
71 16 30
71 16 31
71 16 32
71 16 33
71 16 34
71 16 35
71 16 36
71 16 37
71 16 38
71 16 39
71 17 0
71 17 39
71 18 0
71 18 39
71 19 0
71 19 39
71 20 0
71 20 39
71 21 0
71 21 39
71 22 0
71 22 39
71 23 0
71 23 39
71 24 0
71 24 39
71 25 0
71 25 39
71 26 0
71 26 39
71 27 0
71 27 39
71 28 0
71 28 39
71 29 0
71 29 39
71 30 0
71 30 39
71 31 0
71 31 39
71 32 0
71 32 39
71 33 0
71 33 39
71 34 0
71 34 39
71 35 0
71 35 39
71 36 0
71 36 39
71 37 0
71 37 39
71 38 0
71 38 39
71 39 0
71 39 39
71 40 0
71 40 39
71 41 0
71 41 39
71 42 0
71 42 39
71 43 0
71 43 39
71 44 0
71 44 39
71 45 0
71 45 39
71 46 0
71 46 1
71 46 2
71 46 3
71 46 4
71 46 5
71 46 6
71 46 7
71 46 8
71 46 9
71 46 10
71 46 11
71 46 12
71 46 13
71 46 14
71 46 15
71 46 16
71 46 17
71 46 18
71 46 19
71 46 20
71 46 21
71 46 22
71 46 23
71 46 24
71 46 25
71 46 26
71 46 27
71 46 28
71 46 29
71 46 30
71 46 31
71 46 32
71 46 33
71 46 34
71 46 35
71 46 36
71 46 37
71 46 38
71 46 39
71 47 0
71 47 39
71 48 0
71 48 39
71 49 0
71 49 39
71 50 0
71 50 1
71 50 2
71 50 3
71 50 4
71 50 5
71 50 6
71 50 7
71 50 8
71 50 9
71 50 10
71 50 11
71 50 12
71 50 13
71 50 14
71 50 15
71 50 16
71 50 17
71 50 18
71 50 19
71 50 20
71 50 21
71 50 22
71 50 23
71 50 24
71 50 25
71 50 26
71 50 27
71 50 28
71 50 29
71 50 30
71 50 31
71 50 32
71 50 33
71 50 34
71 50 35
71 50 36
71 50 37
71 50 38
71 50 39
71 51 0
71 51 1
71 51 2
71 51 3
71 51 4
71 51 5
71 51 6
71 51 7
71 51 8
71 51 9
71 51 10
71 51 11
71 51 12
71 51 13
71 51 14
71 51 15
71 51 16
71 51 17
71 51 18
71 51 19
71 51 20
71 51 21
71 51 22
71 51 23
71 51 24
71 51 25
71 51 26
71 51 27
71 51 28
71 51 29
71 51 30
71 51 31
71 51 32
71 51 33
71 51 34
71 51 35
71 51 36
71 51 37
71 51 38
71 51 39
71 52 0
71 52 1
71 52 2
71 52 3
71 52 4
71 52 5
71 52 6
71 52 7
71 52 8
71 52 9
71 52 10
71 52 11
71 52 12
71 52 13
71 52 14
71 52 15
71 52 16
71 52 17
71 52 18
71 52 19
71 52 20
71 52 21
71 52 22
71 52 23
71 52 24
71 52 25
71 52 26
71 52 27
71 52 28
71 52 29
71 52 30
71 52 31
71 52 32
71 52 33
71 52 34
71 52 35
71 52 36
71 52 37
71 52 38
71 52 39
71 53 0
71 53 39
71 54 0
71 54 39
71 55 0
71 55 39
71 56 0
71 56 39
71 57 0
71 57 39
71 58 0
71 58 39
71 59 0
71 59 39
71 60 0
71 60 39
71 61 0
71 61 39
71 62 0
71 62 39
71 63 0
71 63 39
71 64 0
71 64 39
71 65 0
71 65 39
71 66 0
71 66 39
71 67 0
71 67 39
71 68 0
71 68 39
71 69 0
71 69 39
71 70 0
71 70 39
71 71 0
71 71 39
71 72 0
71 72 39
71 73 0
71 73 39
71 74 0
71 74 39
71 75 0
71 75 39
71 76 0
71 76 39
71 77 0
71 77 39
71 78 0
71 78 39
71 79 0
71 79 39
71 80 0
71 80 39
71 81 0
71 81 39
71 82 0
71 82 39
71 83 0
71 83 39
71 84 0
71 84 39
71 85 0
71 85 39
71 86 0
71 86 39
71 87 0
71 87 39
71 88 0
71 88 39
71 89 0
71 89 39
71 90 0
71 90 39
71 91 0
71 91 39
71 92 0
71 92 39
71 93 0
71 93 39
71 94 0
71 94 39
71 95 0
71 95 39
71 96 0
71 96 39
71 97 0
71 97 39
71 98 0
71 98 39
71 99 0
71 99 1
71 99 2
71 99 3
71 99 4
71 99 5
71 99 6
71 99 7
71 99 8
71 99 9
71 99 10
71 99 11
71 99 12
71 99 13
71 99 14
71 99 15
71 99 16
71 99 17
71 99 18
71 99 19
71 99 20
71 99 21
71 99 22
71 99 23
71 99 24
71 99 25
71 99 26
71 99 27
71 99 28
71 99 29
71 99 30
71 99 31
71 99 32
71 99 33
71 99 34
71 99 35
71 99 36
71 99 37
71 99 38
71 99 39
72 0 0
72 0 1
72 0 2
72 0 3
72 0 4
72 0 5
72 0 6
72 0 7
72 0 8
72 0 9
72 0 10
72 0 11
72 0 12
72 0 13
72 0 14
72 0 15
72 0 16
72 0 17
72 0 18
72 0 19
72 0 20
72 0 21
72 0 22
72 0 23
72 0 24
72 0 25
72 0 26
72 0 27
72 0 28
72 0 29
72 0 30
72 0 31
72 0 32
72 0 33
72 0 34
72 0 35
72 0 36
72 0 37
72 0 38
72 0 39
72 1 0
72 1 39
72 2 0
72 2 1
72 2 2
72 2 3
72 2 4
72 2 5
72 2 6
72 2 7
72 2 8
72 2 9
72 2 10
72 2 11
72 2 12
72 2 13
72 2 14
72 2 15
72 2 16
72 2 17
72 2 18
72 2 19
72 2 20
72 2 21
72 2 22
72 2 23
72 2 24
72 2 25
72 2 26
72 2 27
72 2 28
72 2 29
72 2 30
72 2 31
72 2 32
72 2 33
72 2 34
72 2 35
72 2 36
72 2 37
72 2 38
72 2 39
72 3 0
72 3 39
72 4 0
72 4 39
72 5 0
72 5 39
72 6 0
72 6 39
72 7 0
72 7 39
72 8 0
72 8 39
72 9 0
72 9 39
72 10 0
72 10 39
72 11 0
72 11 39
72 12 0
72 12 39
72 13 0
72 13 39
72 14 0
72 14 39
72 15 0
72 15 1
72 15 2
72 15 3
72 15 4
72 15 5
72 15 6
72 15 7
72 15 8
72 15 9
72 15 10
72 15 11
72 15 12
72 15 13
72 15 14
72 15 15
72 15 16
72 15 17
72 15 18
72 15 19
72 15 20
72 15 21
72 15 22
72 15 23
72 15 24
72 15 25
72 15 26
72 15 27
72 15 28
72 15 29
72 15 30
72 15 31
72 15 32
72 15 33
72 15 34
72 15 35
72 15 36
72 15 37
72 15 38
72 15 39
72 16 0
72 16 39
72 17 0
72 17 39
72 18 0
72 18 39
72 19 0
72 19 39
72 20 0
72 20 39
72 21 0
72 21 39
72 22 0
72 22 39
72 23 0
72 23 39
72 24 0
72 24 39
72 25 0
72 25 39
72 26 0
72 26 39
72 27 0
72 27 39
72 28 0
72 28 39
72 29 0
72 29 39
72 30 0
72 30 39
72 31 0
72 31 39
72 32 0
72 32 39
72 33 0
72 33 39
72 34 0
72 34 39
72 35 0
72 35 39
72 36 0
72 36 39
72 37 0
72 37 39
72 38 0
72 38 39
72 39 0
72 39 39
72 40 0
72 40 39
72 41 0
72 41 39
72 42 0
72 42 39
72 43 0
72 43 39
72 44 0
72 44 39
72 45 0
72 45 1
72 45 2
72 45 3
72 45 4
72 45 5
72 45 6
72 45 7
72 45 8
72 45 9
72 45 10
72 45 11
72 45 12
72 45 13
72 45 14
72 45 15
72 45 16
72 45 17
72 45 18
72 45 19
72 45 20
72 45 21
72 45 22
72 45 23
72 45 24
72 45 25
72 45 26
72 45 27
72 45 28
72 45 29
72 45 30
72 45 31
72 45 32
72 45 33
72 45 34
72 45 35
72 45 36
72 45 37
72 45 38
72 45 39
72 46 0
72 46 1
72 46 2
72 46 3
72 46 4
72 46 5
72 46 6
72 46 7
72 46 8
72 46 9
72 46 10
72 46 11
72 46 12
72 46 13
72 46 14
72 46 15
72 46 16
72 46 17
72 46 18
72 46 19
72 46 20
72 46 21
72 46 22
72 46 23
72 46 24
72 46 25
72 46 26
72 46 27
72 46 28
72 46 29
72 46 30
72 46 31
72 46 32
72 46 33
72 46 34
72 46 35
72 46 36
72 46 37
72 46 38
72 46 39
72 47 0
72 47 1
72 47 2
72 47 3
72 47 4
72 47 5
72 47 6
72 47 7
72 47 8
72 47 9
72 47 10
72 47 11
72 47 12
72 47 13
72 47 14
72 47 15
72 47 16
72 47 17
72 47 18
72 47 19
72 47 20
72 47 21
72 47 22
72 47 23
72 47 24
72 47 25
72 47 26
72 47 27
72 47 28
72 47 29
72 47 30
72 47 31
72 47 32
72 47 33
72 47 34
72 47 35
72 47 36
72 47 37
72 47 38
72 47 39
72 48 0
72 48 39
72 49 0
72 49 39
72 50 0
72 50 39
72 51 0
72 51 1
72 51 2
72 51 3
72 51 4
72 51 5
72 51 6
72 51 7
72 51 8
72 51 9
72 51 10
72 51 11
72 51 12
72 51 13
72 51 14
72 51 15
72 51 16
72 51 17
72 51 18
72 51 19
72 51 20
72 51 21
72 51 22
72 51 23
72 51 24
72 51 25
72 51 26
72 51 27
72 51 28
72 51 29
72 51 30
72 51 31
72 51 32
72 51 33
72 51 34
72 51 35
72 51 36
72 51 37
72 51 38
72 51 39
72 52 0
72 52 39
72 53 0
72 53 39
72 54 0
72 54 39
72 55 0
72 55 39
72 56 0
72 56 39
72 57 0
72 57 39
72 58 0
72 58 39
72 59 0
72 59 39
72 60 0
72 60 39
72 61 0
72 61 39
72 62 0
72 62 39
72 63 0
72 63 39
72 64 0
72 64 39
72 65 0
72 65 39
72 66 0
72 66 39
72 67 0
72 67 39
72 68 0
72 68 39
72 69 0
72 69 39
72 70 0
72 70 39
72 71 0
72 71 39
72 72 0
72 72 39
72 73 0
72 73 39
72 74 0
72 74 39
72 75 0
72 75 39
72 76 0
72 76 39
72 77 0
72 77 39
72 78 0
72 78 39
72 79 0
72 79 39
72 80 0
72 80 39
72 81 0
72 81 39
72 82 0
72 82 39
72 83 0
72 83 39
72 84 0
72 84 39
72 85 0
72 85 1
72 85 2
72 85 3
72 85 4
72 85 5
72 85 6
72 85 7
72 85 8
72 85 9
72 85 10
72 85 11
72 85 12
72 85 13
72 85 14
72 85 15
72 85 16
72 85 17
72 85 18
72 85 19
72 85 20
72 85 21
72 85 22
72 85 23
72 85 24
72 85 25
72 85 26
72 85 27
72 85 28
72 85 29
72 85 30
72 85 31
72 85 32
72 85 33
72 85 34
72 85 35
72 85 36
72 85 37
72 85 38
72 85 39
72 86 0
72 86 39
72 87 0
72 87 39
72 88 0
72 88 39
72 89 0
72 89 39
72 90 0
72 90 39
72 91 0
72 91 39
72 92 0
72 92 39
72 93 0
72 93 39
72 94 0
72 94 39
72 95 0
72 95 39
72 96 0
72 96 39
72 97 0
72 97 39
72 98 0
72 98 39
72 99 0
72 99 1
72 99 2
72 99 3
72 99 4
72 99 5
72 99 6
72 99 7
72 99 8
72 99 9
72 99 10
72 99 11
72 99 12
72 99 13
72 99 14
72 99 15
72 99 16
72 99 17
72 99 18
72 99 19
72 99 20
72 99 21
72 99 22
72 99 23
72 99 24
72 99 25
72 99 26
72 99 27
72 99 28
72 99 29
72 99 30
72 99 31
72 99 32
72 99 33
72 99 34
72 99 35
72 99 36
72 99 37
72 99 38
72 99 39
73 0 0
73 0 1
73 0 2
73 0 3
73 0 4
73 0 5
73 0 6
73 0 7
73 0 8
73 0 9
73 0 10
73 0 11
73 0 12
73 0 13
73 0 14
73 0 15
73 0 16
73 0 17
73 0 18
73 0 19
73 0 20
73 0 21
73 0 22
73 0 23
73 0 24
73 0 25
73 0 26
73 0 27
73 0 28
73 0 29
73 0 30
73 0 31
73 0 32
73 0 33
73 0 34
73 0 35
73 0 36
73 0 37
73 0 38
73 0 39
73 1 0
73 1 39
73 2 0
73 2 39
73 3 0
73 3 39
73 4 0
73 4 39
73 5 0
73 5 39
73 6 0
73 6 39
73 7 0
73 7 39
73 8 0
73 8 39
73 9 0
73 9 39
73 10 0
73 10 39
73 11 0
73 11 39
73 12 0
73 12 39
73 13 0
73 13 39
73 14 0
73 14 39
73 15 0
73 15 39
73 16 0
73 16 39
73 17 0
73 17 39
73 18 0
73 18 39
73 19 0
73 19 39
73 20 0
73 20 39
73 21 0
73 21 39
73 22 0
73 22 39
73 23 0
73 23 39
73 24 0
73 24 39
73 25 0
73 25 39
73 26 0
73 26 39
73 27 0
73 27 39
73 28 0
73 28 39
73 29 0
73 29 39
73 30 0
73 30 39
73 31 0
73 31 39
73 32 0
73 32 39
73 33 0
73 33 39
73 34 0
73 34 39
73 35 0
73 35 39
73 36 0
73 36 39
73 37 0
73 37 39
73 38 0
73 38 39
73 39 0
73 39 39
73 40 0
73 40 39
73 41 0
73 41 39
73 42 0
73 42 39
73 43 0
73 43 39
73 44 0
73 44 39
73 45 0
73 45 1
73 45 2
73 45 3
73 45 4
73 45 5
73 45 6
73 45 7
73 45 8
73 45 9
73 45 10
73 45 11
73 45 12
73 45 13
73 45 14
73 45 15
73 45 16
73 45 17
73 45 18
73 45 19
73 45 20
73 45 21
73 45 22
73 45 23
73 45 24
73 45 25
73 45 26
73 45 27
73 45 28
73 45 29
73 45 30
73 45 31
73 45 32
73 45 33
73 45 34
73 45 35
73 45 36
73 45 37
73 45 38
73 45 39
73 46 0
73 46 1
73 46 2
73 46 3
73 46 4
73 46 5
73 46 6
73 46 7
73 46 8
73 46 9
73 46 10
73 46 11
73 46 12
73 46 13
73 46 14
73 46 15
73 46 16
73 46 17
73 46 18
73 46 19
73 46 20
73 46 21
73 46 22
73 46 23
73 46 24
73 46 25
73 46 26
73 46 27
73 46 28
73 46 29
73 46 30
73 46 31
73 46 32
73 46 33
73 46 34
73 46 35
73 46 36
73 46 37
73 46 38
73 46 39
73 47 0
73 47 39
73 48 0
73 48 39
73 49 0
73 49 39
73 50 0
73 50 39
73 51 0
73 51 39
73 52 0
73 52 39
73 53 0
73 53 39
73 54 0
73 54 39
73 55 0
73 55 39
73 56 0
73 56 39
73 57 0
73 57 39
73 58 0
73 58 39
73 59 0
73 59 39
73 60 0
73 60 39
73 61 0
73 61 39
73 62 0
73 62 39
73 63 0
73 63 39
73 64 0
73 64 39
73 65 0
73 65 39
73 66 0
73 66 39
73 67 0
73 67 39
73 68 0
73 68 39
73 69 0
73 69 39
73 70 0
73 70 39
73 71 0
73 71 39
73 72 0
73 72 39
73 73 0
73 73 39
73 74 0
73 74 39
73 75 0
73 75 39
73 76 0
73 76 39
73 77 0
73 77 39
73 78 0
73 78 39
73 79 0
73 79 39
73 80 0
73 80 39
73 81 0
73 81 39
73 82 0
73 82 39
73 83 0
73 83 39
73 84 0
73 84 1
73 84 2
73 84 3
73 84 4
73 84 5
73 84 6
73 84 7
73 84 8
73 84 9
73 84 10
73 84 11
73 84 12
73 84 13
73 84 14
73 84 15
73 84 16
73 84 17
73 84 18
73 84 19
73 84 20
73 84 21
73 84 22
73 84 23
73 84 24
73 84 25
73 84 26
73 84 27
73 84 28
73 84 29
73 84 30
73 84 31
73 84 32
73 84 33
73 84 34
73 84 35
73 84 36
73 84 37
73 84 38
73 84 39
73 85 0
73 85 1
73 85 2
73 85 3
73 85 4
73 85 5
73 85 6
73 85 7
73 85 8
73 85 9
73 85 10
73 85 11
73 85 12
73 85 13
73 85 14
73 85 15
73 85 16
73 85 17
73 85 18
73 85 19
73 85 20
73 85 21
73 85 22
73 85 23
73 85 24
73 85 25
73 85 26
73 85 27
73 85 28
73 85 29
73 85 30
73 85 31
73 85 32
73 85 33
73 85 34
73 85 35
73 85 36
73 85 37
73 85 38
73 85 39
73 86 0
73 86 1
73 86 2
73 86 3
73 86 4
73 86 5
73 86 6
73 86 7
73 86 8
73 86 9
73 86 10
73 86 11
73 86 12
73 86 13
73 86 14
73 86 15
73 86 16
73 86 17
73 86 18
73 86 19
73 86 20
73 86 21
73 86 22
73 86 23
73 86 24
73 86 25
73 86 26
73 86 27
73 86 28
73 86 29
73 86 30
73 86 31
73 86 32
73 86 33
73 86 34
73 86 35
73 86 36
73 86 37
73 86 38
73 86 39
73 87 0
73 87 39
73 88 0
73 88 39
73 89 0
73 89 39
73 90 0
73 90 39
73 91 0
73 91 39
73 92 0
73 92 39
73 93 0
73 93 39
73 94 0
73 94 39
73 95 0
73 95 39
73 96 0
73 96 39
73 97 0
73 97 39
73 98 0
73 98 39
73 99 0
73 99 1
73 99 2
73 99 3
73 99 4
73 99 5
73 99 6
73 99 7
73 99 8
73 99 9
73 99 10
73 99 11
73 99 12
73 99 13
73 99 14
73 99 15
73 99 16
73 99 17
73 99 18
73 99 19
73 99 20
73 99 21
73 99 22
73 99 23
73 99 24
73 99 25
73 99 26
73 99 27
73 99 28
73 99 29
73 99 30
73 99 31
73 99 32
73 99 33
73 99 34
73 99 35
73 99 36
73 99 37
73 99 38
73 99 39
74 0 0
74 0 1
74 0 2
74 0 3
74 0 4
74 0 5
74 0 6
74 0 7
74 0 8
74 0 9
74 0 10
74 0 11
74 0 12
74 0 13
74 0 14
74 0 15
74 0 16
74 0 17
74 0 18
74 0 19
74 0 20
74 0 21
74 0 22
74 0 23
74 0 24
74 0 25
74 0 26
74 0 27
74 0 28
74 0 29
74 0 30
74 0 31
74 0 32
74 0 33
74 0 34
74 0 35
74 0 36
74 0 37
74 0 38
74 0 39
74 1 0
74 1 39
74 2 0
74 2 39
74 3 0
74 3 39
74 4 0
74 4 39
74 5 0
74 5 39
74 6 0
74 6 39
74 7 0
74 7 39
74 8 0
74 8 39
74 9 0
74 9 39
74 10 0
74 10 39
74 11 0
74 11 39
74 12 0
74 12 39
74 13 0
74 13 39
74 14 0
74 14 39
74 15 0
74 15 39
74 16 0
74 16 39
74 17 0
74 17 39
74 18 0
74 18 39
74 19 0
74 19 39
74 20 0
74 20 39
74 21 0
74 21 39
74 22 0
74 22 39
74 23 0
74 23 39
74 24 0
74 24 39
74 25 0
74 25 39
74 26 0
74 26 39
74 27 0
74 27 39
74 28 0
74 28 39
74 29 0
74 29 39
74 30 0
74 30 39
74 31 0
74 31 39
74 32 0
74 32 39
74 33 0
74 33 39
74 34 0
74 34 39
74 35 0
74 35 39
74 36 0
74 36 39
74 37 0
74 37 39
74 38 0
74 38 39
74 39 0
74 39 39
74 40 0
74 40 39
74 41 0
74 41 39
74 42 0
74 42 39
74 43 0
74 43 39
74 44 0
74 44 1
74 44 2
74 44 3
74 44 4
74 44 5
74 44 6
74 44 7
74 44 8
74 44 9
74 44 10
74 44 11
74 44 12
74 44 13
74 44 14
74 44 15
74 44 16
74 44 17
74 44 18
74 44 19
74 44 20
74 44 21
74 44 22
74 44 23
74 44 24
74 44 25
74 44 26
74 44 27
74 44 28
74 44 29
74 44 30
74 44 31
74 44 32
74 44 33
74 44 34
74 44 35
74 44 36
74 44 37
74 44 38
74 44 39
74 45 0
74 45 1
74 45 2
74 45 3
74 45 4
74 45 5
74 45 6
74 45 7
74 45 8
74 45 9
74 45 10
74 45 11
74 45 12
74 45 13
74 45 14
74 45 15
74 45 16
74 45 17
74 45 18
74 45 19
74 45 20
74 45 21
74 45 22
74 45 23
74 45 24
74 45 25
74 45 26
74 45 27
74 45 28
74 45 29
74 45 30
74 45 31
74 45 32
74 45 33
74 45 34
74 45 35
74 45 36
74 45 37
74 45 38
74 45 39
74 46 0
74 46 1
74 46 2
74 46 3
74 46 4
74 46 5
74 46 6
74 46 7
74 46 8
74 46 9
74 46 10
74 46 11
74 46 12
74 46 13
74 46 14
74 46 15
74 46 16
74 46 17
74 46 18
74 46 19
74 46 20
74 46 21
74 46 22
74 46 23
74 46 24
74 46 25
74 46 26
74 46 27
74 46 28
74 46 29
74 46 30
74 46 31
74 46 32
74 46 33
74 46 34
74 46 35
74 46 36
74 46 37
74 46 38
74 46 39
74 47 0
74 47 39
74 48 0
74 48 39
74 49 0
74 49 39
74 50 0
74 50 39
74 51 0
74 51 39
74 52 0
74 52 39
74 53 0
74 53 39
74 54 0
74 54 39
74 55 0
74 55 39
74 56 0
74 56 39
74 57 0
74 57 39
74 58 0
74 58 39
74 59 0
74 59 39
74 60 0
74 60 39
74 61 0
74 61 39
74 62 0
74 62 39
74 63 0
74 63 39
74 64 0
74 64 39
74 65 0
74 65 39
74 66 0
74 66 39
74 67 0
74 67 39
74 68 0
74 68 39
74 69 0
74 69 39
74 70 0
74 70 39
74 71 0
74 71 39
74 72 0
74 72 39
74 73 0
74 73 39
74 74 0
74 74 39
74 75 0
74 75 39
74 76 0
74 76 39
74 77 0
74 77 39
74 78 0
74 78 39
74 79 0
74 79 39
74 80 0
74 80 39
74 81 0
74 81 39
74 82 0
74 82 1
74 82 2
74 82 3
74 82 4
74 82 5
74 82 6
74 82 7
74 82 8
74 82 9
74 82 10
74 82 11
74 82 12
74 82 13
74 82 14
74 82 15
74 82 16
74 82 17
74 82 18
74 82 19
74 82 20
74 82 21
74 82 22
74 82 23
74 82 24
74 82 25
74 82 26
74 82 27
74 82 28
74 82 29
74 82 30
74 82 31
74 82 32
74 82 33
74 82 34
74 82 35
74 82 36
74 82 37
74 82 38
74 82 39
74 83 0
74 83 39
74 84 0
74 84 39
74 85 0
74 85 1
74 85 2
74 85 3
74 85 4
74 85 5
74 85 6
74 85 7
74 85 8
74 85 9
74 85 10
74 85 11
74 85 12
74 85 13
74 85 14
74 85 15
74 85 16
74 85 17
74 85 18
74 85 19
74 85 20
74 85 21
74 85 22
74 85 23
74 85 24
74 85 25
74 85 26
74 85 27
74 85 28
74 85 29
74 85 30
74 85 31
74 85 32
74 85 33
74 85 34
74 85 35
74 85 36
74 85 37
74 85 38
74 85 39
74 86 0
74 86 39
74 87 0
74 87 39
74 88 0
74 88 39
74 89 0
74 89 39
74 90 0
74 90 39
74 91 0
74 91 39
74 92 0
74 92 39
74 93 0
74 93 39
74 94 0
74 94 39
74 95 0
74 95 39
74 96 0
74 96 39
74 97 0
74 97 39
74 98 0
74 98 39
74 99 0
74 99 1
74 99 2
74 99 3
74 99 4
74 99 5
74 99 6
74 99 7
74 99 8
74 99 9
74 99 10
74 99 11
74 99 12
74 99 13
74 99 14
74 99 15
74 99 16
74 99 17
74 99 18
74 99 19
74 99 20
74 99 21
74 99 22
74 99 23
74 99 24
74 99 25
74 99 26
74 99 27
74 99 28
74 99 29
74 99 30
74 99 31
74 99 32
74 99 33
74 99 34
74 99 35
74 99 36
74 99 37
74 99 38
74 99 39
75 0 0
75 0 1
75 0 2
75 0 3
75 0 4
75 0 5
75 0 6
75 0 7
75 0 8
75 0 9
75 0 10
75 0 11
75 0 12
75 0 13
75 0 14
75 0 15
75 0 16
75 0 17
75 0 18
75 0 19
75 0 20
75 0 21
75 0 22
75 0 23
75 0 24
75 0 25
75 0 26
75 0 27
75 0 28
75 0 29
75 0 30
75 0 31
75 0 32
75 0 33
75 0 34
75 0 35
75 0 36
75 0 37
75 0 38
75 0 39
75 1 0
75 1 39
75 2 0
75 2 39
75 3 0
75 3 39
75 4 0
75 4 39
75 5 0
75 5 39
75 6 0
75 6 39
75 7 0
75 7 39
75 8 0
75 8 39
75 9 0
75 9 39
75 10 0
75 10 39
75 11 0
75 11 39
75 12 0
75 12 39
75 13 0
75 13 39
75 14 0
75 14 39
75 15 0
75 15 39
75 16 0
75 16 39
75 17 0
75 17 39
75 18 0
75 18 39
75 19 0
75 19 39
75 20 0
75 20 39
75 21 0
75 21 39
75 22 0
75 22 39
75 23 0
75 23 39
75 24 0
75 24 39
75 25 0
75 25 39
75 26 0
75 26 39
75 27 0
75 27 39
75 28 0
75 28 39
75 29 0
75 29 39
75 30 0
75 30 39
75 31 0
75 31 39
75 32 0
75 32 39
75 33 0
75 33 39
75 34 0
75 34 39
75 35 0
75 35 39
75 36 0
75 36 1
75 36 2
75 36 3
75 36 4
75 36 5
75 36 6
75 36 7
75 36 8
75 36 9
75 36 10
75 36 11
75 36 12
75 36 13
75 36 14
75 36 15
75 36 16
75 36 17
75 36 18
75 36 19
75 36 20
75 36 21
75 36 22
75 36 23
75 36 24
75 36 25
75 36 26
75 36 27
75 36 28
75 36 29
75 36 30
75 36 31
75 36 32
75 36 33
75 36 34
75 36 35
75 36 36
75 36 37
75 36 38
75 36 39
75 37 0
75 37 39
75 38 0
75 38 39
75 39 0
75 39 39
75 40 0
75 40 39
75 41 0
75 41 39
75 42 0
75 42 39
75 43 0
75 43 39
75 44 0
75 44 39
75 45 0
75 45 1
75 45 2
75 45 3
75 45 4
75 45 5
75 45 6
75 45 7
75 45 8
75 45 9
75 45 10
75 45 11
75 45 12
75 45 13
75 45 14
75 45 15
75 45 16
75 45 17
75 45 18
75 45 19
75 45 20
75 45 21
75 45 22
75 45 23
75 45 24
75 45 25
75 45 26
75 45 27
75 45 28
75 45 29
75 45 30
75 45 31
75 45 32
75 45 33
75 45 34
75 45 35
75 45 36
75 45 37
75 45 38
75 45 39
75 46 0
75 46 39
75 47 0
75 47 39
75 48 0
75 48 39
75 49 0
75 49 39
75 50 0
75 50 39
75 51 0
75 51 39
75 52 0
75 52 39
75 53 0
75 53 39
75 54 0
75 54 39
75 55 0
75 55 39
75 56 0
75 56 39
75 57 0
75 57 39
75 58 0
75 58 39
75 59 0
75 59 39
75 60 0
75 60 39
75 61 0
75 61 39
75 62 0
75 62 39
75 63 0
75 63 39
75 64 0
75 64 39
75 65 0
75 65 39
75 66 0
75 66 39
75 67 0
75 67 39
75 68 0
75 68 39
75 69 0
75 69 39
75 70 0
75 70 39
75 71 0
75 71 39
75 72 0
75 72 39
75 73 0
75 73 39
75 74 0
75 74 39
75 75 0
75 75 39
75 76 0
75 76 39
75 77 0
75 77 39
75 78 0
75 78 39
75 79 0
75 79 39
75 80 0
75 80 39
75 81 0
75 81 1
75 81 2
75 81 3
75 81 4
75 81 5
75 81 6
75 81 7
75 81 8
75 81 9
75 81 10
75 81 11
75 81 12
75 81 13
75 81 14
75 81 15
75 81 16
75 81 17
75 81 18
75 81 19
75 81 20
75 81 21
75 81 22
75 81 23
75 81 24
75 81 25
75 81 26
75 81 27
75 81 28
75 81 29
75 81 30
75 81 31
75 81 32
75 81 33
75 81 34
75 81 35
75 81 36
75 81 37
75 81 38
75 81 39
75 82 0
75 82 1
75 82 2
75 82 3
75 82 4
75 82 5
75 82 6
75 82 7
75 82 8
75 82 9
75 82 10
75 82 11
75 82 12
75 82 13
75 82 14
75 82 15
75 82 16
75 82 17
75 82 18
75 82 19
75 82 20
75 82 21
75 82 22
75 82 23
75 82 24
75 82 25
75 82 26
75 82 27
75 82 28
75 82 29
75 82 30
75 82 31
75 82 32
75 82 33
75 82 34
75 82 35
75 82 36
75 82 37
75 82 38
75 82 39
75 83 0
75 83 1
75 83 2
75 83 3
75 83 4
75 83 5
75 83 6
75 83 7
75 83 8
75 83 9
75 83 10
75 83 11
75 83 12
75 83 13
75 83 14
75 83 15
75 83 16
75 83 17
75 83 18
75 83 19
75 83 20
75 83 21
75 83 22
75 83 23
75 83 24
75 83 25
75 83 26
75 83 27
75 83 28
75 83 29
75 83 30
75 83 31
75 83 32
75 83 33
75 83 34
75 83 35
75 83 36
75 83 37
75 83 38
75 83 39
75 84 0
75 84 39
75 85 0
75 85 39
75 86 0
75 86 39
75 87 0
75 87 1
75 87 2
75 87 3
75 87 4
75 87 5
75 87 6
75 87 7
75 87 8
75 87 9
75 87 10
75 87 11
75 87 12
75 87 13
75 87 14
75 87 15
75 87 16
75 87 17
75 87 18
75 87 19
75 87 20
75 87 21
75 87 22
75 87 23
75 87 24
75 87 25
75 87 26
75 87 27
75 87 28
75 87 29
75 87 30
75 87 31
75 87 32
75 87 33
75 87 34
75 87 35
75 87 36
75 87 37
75 87 38
75 87 39
75 88 0
75 88 39
75 89 0
75 89 39
75 90 0
75 90 39
75 91 0
75 91 39
75 92 0
75 92 39
75 93 0
75 93 39
75 94 0
75 94 39
75 95 0
75 95 39
75 96 0
75 96 39
75 97 0
75 97 39
75 98 0
75 98 39
75 99 0
75 99 1
75 99 2
75 99 3
75 99 4
75 99 5
75 99 6
75 99 7
75 99 8
75 99 9
75 99 10
75 99 11
75 99 12
75 99 13
75 99 14
75 99 15
75 99 16
75 99 17
75 99 18
75 99 19
75 99 20
75 99 21
75 99 22
75 99 23
75 99 24
75 99 25
75 99 26
75 99 27
75 99 28
75 99 29
75 99 30
75 99 31
75 99 32
75 99 33
75 99 34
75 99 35
75 99 36
75 99 37
75 99 38
75 99 39
76 0 0
76 0 1
76 0 2
76 0 3
76 0 4
76 0 5
76 0 6
76 0 7
76 0 8
76 0 9
76 0 10
76 0 11
76 0 12
76 0 13
76 0 14
76 0 15
76 0 16
76 0 17
76 0 18
76 0 19
76 0 20
76 0 21
76 0 22
76 0 23
76 0 24
76 0 25
76 0 26
76 0 27
76 0 28
76 0 29
76 0 30
76 0 31
76 0 32
76 0 33
76 0 34
76 0 35
76 0 36
76 0 37
76 0 38
76 0 39
76 1 0
76 1 39
76 2 0
76 2 39
76 3 0
76 3 39
76 4 0
76 4 39
76 5 0
76 5 39
76 6 0
76 6 39
76 7 0
76 7 39
76 8 0
76 8 39
76 9 0
76 9 39
76 10 0
76 10 39
76 11 0
76 11 39
76 12 0
76 12 39
76 13 0
76 13 39
76 14 0
76 14 39
76 15 0
76 15 39
76 16 0
76 16 39
76 17 0
76 17 39
76 18 0
76 18 39
76 19 0
76 19 39
76 20 0
76 20 39
76 21 0
76 21 39
76 22 0
76 22 39
76 23 0
76 23 39
76 24 0
76 24 39
76 25 0
76 25 39
76 26 0
76 26 39
76 27 0
76 27 39
76 28 0
76 28 39
76 29 0
76 29 39
76 30 0
76 30 39
76 31 0
76 31 39
76 32 0
76 32 39
76 33 0
76 33 39
76 34 0
76 34 39
76 35 0
76 35 1
76 35 2
76 35 3
76 35 4
76 35 5
76 35 6
76 35 7
76 35 8
76 35 9
76 35 10
76 35 11
76 35 12
76 35 13
76 35 14
76 35 15
76 35 16
76 35 17
76 35 18
76 35 19
76 35 20
76 35 21
76 35 22
76 35 23
76 35 24
76 35 25
76 35 26
76 35 27
76 35 28
76 35 29
76 35 30
76 35 31
76 35 32
76 35 33
76 35 34
76 35 35
76 35 36
76 35 37
76 35 38
76 35 39
76 36 0
76 36 1
76 36 2
76 36 3
76 36 4
76 36 5
76 36 6
76 36 7
76 36 8
76 36 9
76 36 10
76 36 11
76 36 12
76 36 13
76 36 14
76 36 15
76 36 16
76 36 17
76 36 18
76 36 19
76 36 20
76 36 21
76 36 22
76 36 23
76 36 24
76 36 25
76 36 26
76 36 27
76 36 28
76 36 29
76 36 30
76 36 31
76 36 32
76 36 33
76 36 34
76 36 35
76 36 36
76 36 37
76 36 38
76 36 39
76 37 0
76 37 1
76 37 2
76 37 3
76 37 4
76 37 5
76 37 6
76 37 7
76 37 8
76 37 9
76 37 10
76 37 11
76 37 12
76 37 13
76 37 14
76 37 15
76 37 16
76 37 17
76 37 18
76 37 19
76 37 20
76 37 21
76 37 22
76 37 23
76 37 24
76 37 25
76 37 26
76 37 27
76 37 28
76 37 29
76 37 30
76 37 31
76 37 32
76 37 33
76 37 34
76 37 35
76 37 36
76 37 37
76 37 38
76 37 39
76 38 0
76 38 39
76 39 0
76 39 39
76 40 0
76 40 39
76 41 0
76 41 39
76 42 0
76 42 39
76 43 0
76 43 39
76 44 0
76 44 39
76 45 0
76 45 39
76 46 0
76 46 39
76 47 0
76 47 39
76 48 0
76 48 39
76 49 0
76 49 39
76 50 0
76 50 39
76 51 0
76 51 39
76 52 0
76 52 39
76 53 0
76 53 39
76 54 0
76 54 39
76 55 0
76 55 39
76 56 0
76 56 39
76 57 0
76 57 39
76 58 0
76 58 39
76 59 0
76 59 39
76 60 0
76 60 39
76 61 0
76 61 39
76 62 0
76 62 39
76 63 0
76 63 39
76 64 0
76 64 39
76 65 0
76 65 39
76 66 0
76 66 39
76 67 0
76 67 39
76 68 0
76 68 39
76 69 0
76 69 39
76 70 0
76 70 39
76 71 0
76 71 39
76 72 0
76 72 39
76 73 0
76 73 39
76 74 0
76 74 39
76 75 0
76 75 39
76 76 0
76 76 39
76 77 0
76 77 39
76 78 0
76 78 39
76 79 0
76 79 39
76 80 0
76 80 39
76 81 0
76 81 39
76 82 0
76 82 1
76 82 2
76 82 3
76 82 4
76 82 5
76 82 6
76 82 7
76 82 8
76 82 9
76 82 10
76 82 11
76 82 12
76 82 13
76 82 14
76 82 15
76 82 16
76 82 17
76 82 18
76 82 19
76 82 20
76 82 21
76 82 22
76 82 23
76 82 24
76 82 25
76 82 26
76 82 27
76 82 28
76 82 29
76 82 30
76 82 31
76 82 32
76 82 33
76 82 34
76 82 35
76 82 36
76 82 37
76 82 38
76 82 39
76 83 0
76 83 39
76 84 0
76 84 39
76 85 0
76 85 39
76 86 0
76 86 1
76 86 2
76 86 3
76 86 4
76 86 5
76 86 6
76 86 7
76 86 8
76 86 9
76 86 10
76 86 11
76 86 12
76 86 13
76 86 14
76 86 15
76 86 16
76 86 17
76 86 18
76 86 19
76 86 20
76 86 21
76 86 22
76 86 23
76 86 24
76 86 25
76 86 26
76 86 27
76 86 28
76 86 29
76 86 30
76 86 31
76 86 32
76 86 33
76 86 34
76 86 35
76 86 36
76 86 37
76 86 38
76 86 39
76 87 0
76 87 1
76 87 2
76 87 3
76 87 4
76 87 5
76 87 6
76 87 7
76 87 8
76 87 9
76 87 10
76 87 11
76 87 12
76 87 13
76 87 14
76 87 15
76 87 16
76 87 17
76 87 18
76 87 19
76 87 20
76 87 21
76 87 22
76 87 23
76 87 24
76 87 25
76 87 26
76 87 27
76 87 28
76 87 29
76 87 30
76 87 31
76 87 32
76 87 33
76 87 34
76 87 35
76 87 36
76 87 37
76 87 38
76 87 39
76 88 0
76 88 1
76 88 2
76 88 3
76 88 4
76 88 5
76 88 6
76 88 7
76 88 8
76 88 9
76 88 10
76 88 11
76 88 12
76 88 13
76 88 14
76 88 15
76 88 16
76 88 17
76 88 18
76 88 19
76 88 20
76 88 21
76 88 22
76 88 23
76 88 24
76 88 25
76 88 26
76 88 27
76 88 28
76 88 29
76 88 30
76 88 31
76 88 32
76 88 33
76 88 34
76 88 35
76 88 36
76 88 37
76 88 38
76 88 39
76 89 0
76 89 39
76 90 0
76 90 39
76 91 0
76 91 39
76 92 0
76 92 39
76 93 0
76 93 39
76 94 0
76 94 39
76 95 0
76 95 39
76 96 0
76 96 39
76 97 0
76 97 39
76 98 0
76 98 39
76 99 0
76 99 1
76 99 2
76 99 3
76 99 4
76 99 5
76 99 6
76 99 7
76 99 8
76 99 9
76 99 10
76 99 11
76 99 12
76 99 13
76 99 14
76 99 15
76 99 16
76 99 17
76 99 18
76 99 19
76 99 20
76 99 21
76 99 22
76 99 23
76 99 24
76 99 25
76 99 26
76 99 27
76 99 28
76 99 29
76 99 30
76 99 31
76 99 32
76 99 33
76 99 34
76 99 35
76 99 36
76 99 37
76 99 38
76 99 39
77 0 0
77 0 1
77 0 2
77 0 3
77 0 4
77 0 5
77 0 6
77 0 7
77 0 8
77 0 9
77 0 10
77 0 11
77 0 12
77 0 13
77 0 14
77 0 15
77 0 16
77 0 17
77 0 18
77 0 19
77 0 20
77 0 21
77 0 22
77 0 23
77 0 24
77 0 25
77 0 26
77 0 27
77 0 28
77 0 29
77 0 30
77 0 31
77 0 32
77 0 33
77 0 34
77 0 35
77 0 36
77 0 37
77 0 38
77 0 39
77 1 0
77 1 39
77 2 0
77 2 39
77 3 0
77 3 39
77 4 0
77 4 39
77 5 0
77 5 39
77 6 0
77 6 39
77 7 0
77 7 39
77 8 0
77 8 39
77 9 0
77 9 39
77 10 0
77 10 39
77 11 0
77 11 39
77 12 0
77 12 39
77 13 0
77 13 39
77 14 0
77 14 39
77 15 0
77 15 39
77 16 0
77 16 39
77 17 0
77 17 39
77 18 0
77 18 39
77 19 0
77 19 39
77 20 0
77 20 39
77 21 0
77 21 39
77 22 0
77 22 39
77 23 0
77 23 39
77 24 0
77 24 39
77 25 0
77 25 39
77 26 0
77 26 39
77 27 0
77 27 39
77 28 0
77 28 39
77 29 0
77 29 39
77 30 0
77 30 39
77 31 0
77 31 39
77 32 0
77 32 39
77 33 0
77 33 39
77 34 0
77 34 39
77 35 0
77 35 39
77 36 0
77 36 1
77 36 2
77 36 3
77 36 4
77 36 5
77 36 6
77 36 7
77 36 8
77 36 9
77 36 10
77 36 11
77 36 12
77 36 13
77 36 14
77 36 15
77 36 16
77 36 17
77 36 18
77 36 19
77 36 20
77 36 21
77 36 22
77 36 23
77 36 24
77 36 25
77 36 26
77 36 27
77 36 28
77 36 29
77 36 30
77 36 31
77 36 32
77 36 33
77 36 34
77 36 35
77 36 36
77 36 37
77 36 38
77 36 39
77 37 0
77 37 39
77 38 0
77 38 39
77 39 0
77 39 39
77 40 0
77 40 39
77 41 0
77 41 39
77 42 0
77 42 39
77 43 0
77 43 39
77 44 0
77 44 39
77 45 0
77 45 39
77 46 0
77 46 39
77 47 0
77 47 39
77 48 0
77 48 39
77 49 0
77 49 39
77 50 0
77 50 39
77 51 0
77 51 39
77 52 0
77 52 39
77 53 0
77 53 1
77 53 2
77 53 3
77 53 4
77 53 5
77 53 6
77 53 7
77 53 8
77 53 9
77 53 10
77 53 11
77 53 12
77 53 13
77 53 14
77 53 15
77 53 16
77 53 17
77 53 18
77 53 19
77 53 20
77 53 21
77 53 22
77 53 23
77 53 24
77 53 25
77 53 26
77 53 27
77 53 28
77 53 29
77 53 30
77 53 31
77 53 32
77 53 33
77 53 34
77 53 35
77 53 36
77 53 37
77 53 38
77 53 39
77 54 0
77 54 39
77 55 0
77 55 39
77 56 0
77 56 39
77 57 0
77 57 39
77 58 0
77 58 39
77 59 0
77 59 39
77 60 0
77 60 39
77 61 0
77 61 39
77 62 0
77 62 39
77 63 0
77 63 39
77 64 0
77 64 39
77 65 0
77 65 39
77 66 0
77 66 39
77 67 0
77 67 39
77 68 0
77 68 39
77 69 0
77 69 39
77 70 0
77 70 39
77 71 0
77 71 39
77 72 0
77 72 39
77 73 0
77 73 39
77 74 0
77 74 39
77 75 0
77 75 39
77 76 0
77 76 39
77 77 0
77 77 39
77 78 0
77 78 39
77 79 0
77 79 39
77 80 0
77 80 39
77 81 0
77 81 39
77 82 0
77 82 39
77 83 0
77 83 39
77 84 0
77 84 39
77 85 0
77 85 39
77 86 0
77 86 39
77 87 0
77 87 1
77 87 2
77 87 3
77 87 4
77 87 5
77 87 6
77 87 7
77 87 8
77 87 9
77 87 10
77 87 11
77 87 12
77 87 13
77 87 14
77 87 15
77 87 16
77 87 17
77 87 18
77 87 19
77 87 20
77 87 21
77 87 22
77 87 23
77 87 24
77 87 25
77 87 26
77 87 27
77 87 28
77 87 29
77 87 30
77 87 31
77 87 32
77 87 33
77 87 34
77 87 35
77 87 36
77 87 37
77 87 38
77 87 39
77 88 0
77 88 39
77 89 0
77 89 39
77 90 0
77 90 39
77 91 0
77 91 39
77 92 0
77 92 39
77 93 0
77 93 39
77 94 0
77 94 39
77 95 0
77 95 39
77 96 0
77 96 39
77 97 0
77 97 39
77 98 0
77 98 39
77 99 0
77 99 1
77 99 2
77 99 3
77 99 4
77 99 5
77 99 6
77 99 7
77 99 8
77 99 9
77 99 10
77 99 11
77 99 12
77 99 13
77 99 14
77 99 15
77 99 16
77 99 17
77 99 18
77 99 19
77 99 20
77 99 21
77 99 22
77 99 23
77 99 24
77 99 25
77 99 26
77 99 27
77 99 28
77 99 29
77 99 30
77 99 31
77 99 32
77 99 33
77 99 34
77 99 35
77 99 36
77 99 37
77 99 38
77 99 39
78 0 0
78 0 1
78 0 2
78 0 3
78 0 4
78 0 5
78 0 6
78 0 7
78 0 8
78 0 9
78 0 10
78 0 11
78 0 12
78 0 13
78 0 14
78 0 15
78 0 16
78 0 17
78 0 18
78 0 19
78 0 20
78 0 21
78 0 22
78 0 23
78 0 24
78 0 25
78 0 26
78 0 27
78 0 28
78 0 29
78 0 30
78 0 31
78 0 32
78 0 33
78 0 34
78 0 35
78 0 36
78 0 37
78 0 38
78 0 39
78 1 0
78 1 39
78 2 0
78 2 39
78 3 0
78 3 39
78 4 0
78 4 39
78 5 0
78 5 39
78 6 0
78 6 39
78 7 0
78 7 39
78 8 0
78 8 39
78 9 0
78 9 39
78 10 0
78 10 39
78 11 0
78 11 39
78 12 0
78 12 39
78 13 0
78 13 39
78 14 0
78 14 39
78 15 0
78 15 39
78 16 0
78 16 39
78 17 0
78 17 39
78 18 0
78 18 39
78 19 0
78 19 39
78 20 0
78 20 39
78 21 0
78 21 39
78 22 0
78 22 39
78 23 0
78 23 39
78 24 0
78 24 39
78 25 0
78 25 39
78 26 0
78 26 39
78 27 0
78 27 39
78 28 0
78 28 39
78 29 0
78 29 39
78 30 0
78 30 39
78 31 0
78 31 39
78 32 0
78 32 39
78 33 0
78 33 39
78 34 0
78 34 39
78 35 0
78 35 39
78 36 0
78 36 39
78 37 0
78 37 39
78 38 0
78 38 39
78 39 0
78 39 39
78 40 0
78 40 39
78 41 0
78 41 39
78 42 0
78 42 39
78 43 0
78 43 39
78 44 0
78 44 39
78 45 0
78 45 39
78 46 0
78 46 39
78 47 0
78 47 39
78 48 0
78 48 39
78 49 0
78 49 39
78 50 0
78 50 39
78 51 0
78 51 39
78 52 0
78 52 1
78 52 2
78 52 3
78 52 4
78 52 5
78 52 6
78 52 7
78 52 8
78 52 9
78 52 10
78 52 11
78 52 12
78 52 13
78 52 14
78 52 15
78 52 16
78 52 17
78 52 18
78 52 19
78 52 20
78 52 21
78 52 22
78 52 23
78 52 24
78 52 25
78 52 26
78 52 27
78 52 28
78 52 29
78 52 30
78 52 31
78 52 32
78 52 33
78 52 34
78 52 35
78 52 36
78 52 37
78 52 38
78 52 39
78 53 0
78 53 1
78 53 2
78 53 3
78 53 4
78 53 5
78 53 6
78 53 7
78 53 8
78 53 9
78 53 10
78 53 11
78 53 12
78 53 13
78 53 14
78 53 15
78 53 16
78 53 17
78 53 18
78 53 19
78 53 20
78 53 21
78 53 22
78 53 23
78 53 24
78 53 25
78 53 26
78 53 27
78 53 28
78 53 29
78 53 30
78 53 31
78 53 32
78 53 33
78 53 34
78 53 35
78 53 36
78 53 37
78 53 38
78 53 39
78 54 0
78 54 1
78 54 2
78 54 3
78 54 4
78 54 5
78 54 6
78 54 7
78 54 8
78 54 9
78 54 10
78 54 11
78 54 12
78 54 13
78 54 14
78 54 15
78 54 16
78 54 17
78 54 18
78 54 19
78 54 20
78 54 21
78 54 22
78 54 23
78 54 24
78 54 25
78 54 26
78 54 27
78 54 28
78 54 29
78 54 30
78 54 31
78 54 32
78 54 33
78 54 34
78 54 35
78 54 36
78 54 37
78 54 38
78 54 39
78 55 0
78 55 39
78 56 0
78 56 39
78 57 0
78 57 39
78 58 0
78 58 39
78 59 0
78 59 39
78 60 0
78 60 39
78 61 0
78 61 39
78 62 0
78 62 39
78 63 0
78 63 39
78 64 0
78 64 39
78 65 0
78 65 1
78 65 2
78 65 3
78 65 4
78 65 5
78 65 6
78 65 7
78 65 8
78 65 9
78 65 10
78 65 11
78 65 12
78 65 13
78 65 14
78 65 15
78 65 16
78 65 17
78 65 18
78 65 19
78 65 20
78 65 21
78 65 22
78 65 23
78 65 24
78 65 25
78 65 26
78 65 27
78 65 28
78 65 29
78 65 30
78 65 31
78 65 32
78 65 33
78 65 34
78 65 35
78 65 36
78 65 37
78 65 38
78 65 39
78 66 0
78 66 39
78 67 0
78 67 39
78 68 0
78 68 39
78 69 0
78 69 39
78 70 0
78 70 39
78 71 0
78 71 39
78 72 0
78 72 39
78 73 0
78 73 39
78 74 0
78 74 39
78 75 0
78 75 39
78 76 0
78 76 39
78 77 0
78 77 39
78 78 0
78 78 39
78 79 0
78 79 39
78 80 0
78 80 39
78 81 0
78 81 39
78 82 0
78 82 39
78 83 0
78 83 39
78 84 0
78 84 39
78 85 0
78 85 39
78 86 0
78 86 39
78 87 0
78 87 39
78 88 0
78 88 39
78 89 0
78 89 39
78 90 0
78 90 39
78 91 0
78 91 39
78 92 0
78 92 39
78 93 0
78 93 39
78 94 0
78 94 39
78 95 0
78 95 39
78 96 0
78 96 39
78 97 0
78 97 39
78 98 0
78 98 39
78 99 0
78 99 1
78 99 2
78 99 3
78 99 4
78 99 5
78 99 6
78 99 7
78 99 8
78 99 9
78 99 10
78 99 11
78 99 12
78 99 13
78 99 14
78 99 15
78 99 16
78 99 17
78 99 18
78 99 19
78 99 20
78 99 21
78 99 22
78 99 23
78 99 24
78 99 25
78 99 26
78 99 27
78 99 28
78 99 29
78 99 30
78 99 31
78 99 32
78 99 33
78 99 34
78 99 35
78 99 36
78 99 37
78 99 38
78 99 39
79 0 0
79 0 1
79 0 2
79 0 3
79 0 4
79 0 5
79 0 6
79 0 7
79 0 8
79 0 9
79 0 10
79 0 11
79 0 12
79 0 13
79 0 14
79 0 15
79 0 16
79 0 17
79 0 18
79 0 19
79 0 20
79 0 21
79 0 22
79 0 23
79 0 24
79 0 25
79 0 26
79 0 27
79 0 28
79 0 29
79 0 30
79 0 31
79 0 32
79 0 33
79 0 34
79 0 35
79 0 36
79 0 37
79 0 38
79 0 39
79 1 0
79 1 39
79 2 0
79 2 39
79 3 0
79 3 39
79 4 0
79 4 39
79 5 0
79 5 39
79 6 0
79 6 39
79 7 0
79 7 39
79 8 0
79 8 39
79 9 0
79 9 39
79 10 0
79 10 39
79 11 0
79 11 39
79 12 0
79 12 39
79 13 0
79 13 39
79 14 0
79 14 39
79 15 0
79 15 39
79 16 0
79 16 39
79 17 0
79 17 39
79 18 0
79 18 39
79 19 0
79 19 39
79 20 0
79 20 39
79 21 0
79 21 39
79 22 0
79 22 39
79 23 0
79 23 39
79 24 0
79 24 39
79 25 0
79 25 39
79 26 0
79 26 39
79 27 0
79 27 39
79 28 0
79 28 39
79 29 0
79 29 39
79 30 0
79 30 39
79 31 0
79 31 39
79 32 0
79 32 39
79 33 0
79 33 39
79 34 0
79 34 39
79 35 0
79 35 39
79 36 0
79 36 39
79 37 0
79 37 39
79 38 0
79 38 39
79 39 0
79 39 39
79 40 0
79 40 39
79 41 0
79 41 39
79 42 0
79 42 39
79 43 0
79 43 39
79 44 0
79 44 39
79 45 0
79 45 39
79 46 0
79 46 39
79 47 0
79 47 39
79 48 0
79 48 39
79 49 0
79 49 39
79 50 0
79 50 39
79 51 0
79 51 39
79 52 0
79 52 39
79 53 0
79 53 1
79 53 2
79 53 3
79 53 4
79 53 5
79 53 6
79 53 7
79 53 8
79 53 9
79 53 10
79 53 11
79 53 12
79 53 13
79 53 14
79 53 15
79 53 16
79 53 17
79 53 18
79 53 19
79 53 20
79 53 21
79 53 22
79 53 23
79 53 24
79 53 25
79 53 26
79 53 27
79 53 28
79 53 29
79 53 30
79 53 31
79 53 32
79 53 33
79 53 34
79 53 35
79 53 36
79 53 37
79 53 38
79 53 39
79 54 0
79 54 39
79 55 0
79 55 39
79 56 0
79 56 39
79 57 0
79 57 1
79 57 2
79 57 3
79 57 4
79 57 5
79 57 6
79 57 7
79 57 8
79 57 9
79 57 10
79 57 11
79 57 12
79 57 13
79 57 14
79 57 15
79 57 16
79 57 17
79 57 18
79 57 19
79 57 20
79 57 21
79 57 22
79 57 23
79 57 24
79 57 25
79 57 26
79 57 27
79 57 28
79 57 29
79 57 30
79 57 31
79 57 32
79 57 33
79 57 34
79 57 35
79 57 36
79 57 37
79 57 38
79 57 39
79 58 0
79 58 39
79 59 0
79 59 39
79 60 0
79 60 39
79 61 0
79 61 39
79 62 0
79 62 39
79 63 0
79 63 1
79 63 2
79 63 3
79 63 4
79 63 5
79 63 6
79 63 7
79 63 8
79 63 9
79 63 10
79 63 11
79 63 12
79 63 13
79 63 14
79 63 15
79 63 16
79 63 17
79 63 18
79 63 19
79 63 20
79 63 21
79 63 22
79 63 23
79 63 24
79 63 25
79 63 26
79 63 27
79 63 28
79 63 29
79 63 30
79 63 31
79 63 32
79 63 33
79 63 34
79 63 35
79 63 36
79 63 37
79 63 38
79 63 39
79 64 0
79 64 1
79 64 2
79 64 3
79 64 4
79 64 5
79 64 6
79 64 7
79 64 8
79 64 9
79 64 10
79 64 11
79 64 12
79 64 13
79 64 14
79 64 15
79 64 16
79 64 17
79 64 18
79 64 19
79 64 20
79 64 21
79 64 22
79 64 23
79 64 24
79 64 25
79 64 26
79 64 27
79 64 28
79 64 29
79 64 30
79 64 31
79 64 32
79 64 33
79 64 34
79 64 35
79 64 36
79 64 37
79 64 38
79 64 39
79 65 0
79 65 1
79 65 2
79 65 3
79 65 4
79 65 5
79 65 6
79 65 7
79 65 8
79 65 9
79 65 10
79 65 11
79 65 12
79 65 13
79 65 14
79 65 15
79 65 16
79 65 17
79 65 18
79 65 19
79 65 20
79 65 21
79 65 22
79 65 23
79 65 24
79 65 25
79 65 26
79 65 27
79 65 28
79 65 29
79 65 30
79 65 31
79 65 32
79 65 33
79 65 34
79 65 35
79 65 36
79 65 37
79 65 38
79 65 39
79 66 0
79 66 1
79 66 2
79 66 3
79 66 4
79 66 5
79 66 6
79 66 7
79 66 8
79 66 9
79 66 10
79 66 11
79 66 12
79 66 13
79 66 14
79 66 15
79 66 16
79 66 17
79 66 18
79 66 19
79 66 20
79 66 21
79 66 22
79 66 23
79 66 24
79 66 25
79 66 26
79 66 27
79 66 28
79 66 29
79 66 30
79 66 31
79 66 32
79 66 33
79 66 34
79 66 35
79 66 36
79 66 37
79 66 38
79 66 39
79 67 0
79 67 39
79 68 0
79 68 39
79 69 0
79 69 39
79 70 0
79 70 39
79 71 0
79 71 39
79 72 0
79 72 39
79 73 0
79 73 39
79 74 0
79 74 39
79 75 0
79 75 39
79 76 0
79 76 39
79 77 0
79 77 39
79 78 0
79 78 39
79 79 0
79 79 39
79 80 0
79 80 1
79 80 2
79 80 3
79 80 4
79 80 5
79 80 6
79 80 7
79 80 8
79 80 9
79 80 10
79 80 11
79 80 12
79 80 13
79 80 14
79 80 15
79 80 16
79 80 17
79 80 18
79 80 19
79 80 20
79 80 21
79 80 22
79 80 23
79 80 24
79 80 25
79 80 26
79 80 27
79 80 28
79 80 29
79 80 30
79 80 31
79 80 32
79 80 33
79 80 34
79 80 35
79 80 36
79 80 37
79 80 38
79 80 39
79 81 0
79 81 39
79 82 0
79 82 39
79 83 0
79 83 39
79 84 0
79 84 39
79 85 0
79 85 39
79 86 0
79 86 39
79 87 0
79 87 39
79 88 0
79 88 39
79 89 0
79 89 39
79 90 0
79 90 39
79 91 0
79 91 39
79 92 0
79 92 39
79 93 0
79 93 39
79 94 0
79 94 39
79 95 0
79 95 39
79 96 0
79 96 39
79 97 0
79 97 39
79 98 0
79 98 39
79 99 0
79 99 1
79 99 2
79 99 3
79 99 4
79 99 5
79 99 6
79 99 7
79 99 8
79 99 9
79 99 10
79 99 11
79 99 12
79 99 13
79 99 14
79 99 15
79 99 16
79 99 17
79 99 18
79 99 19
79 99 20
79 99 21
79 99 22
79 99 23
79 99 24
79 99 25
79 99 26
79 99 27
79 99 28
79 99 29
79 99 30
79 99 31
79 99 32
79 99 33
79 99 34
79 99 35
79 99 36
79 99 37
79 99 38
79 99 39
80 0 0
80 0 1
80 0 2
80 0 3
80 0 4
80 0 5
80 0 6
80 0 7
80 0 8
80 0 9
80 0 10
80 0 11
80 0 12
80 0 13
80 0 14
80 0 15
80 0 16
80 0 17
80 0 18
80 0 19
80 0 20
80 0 21
80 0 22
80 0 23
80 0 24
80 0 25
80 0 26
80 0 27
80 0 28
80 0 29
80 0 30
80 0 31
80 0 32
80 0 33
80 0 34
80 0 35
80 0 36
80 0 37
80 0 38
80 0 39
80 1 0
80 1 39
80 2 0
80 2 39
80 3 0
80 3 39
80 4 0
80 4 39
80 5 0
80 5 39
80 6 0
80 6 39
80 7 0
80 7 39
80 8 0
80 8 39
80 9 0
80 9 39
80 10 0
80 10 39
80 11 0
80 11 39
80 12 0
80 12 39
80 13 0
80 13 39
80 14 0
80 14 39
80 15 0
80 15 39
80 16 0
80 16 39
80 17 0
80 17 39
80 18 0
80 18 39
80 19 0
80 19 39
80 20 0
80 20 39
80 21 0
80 21 39
80 22 0
80 22 39
80 23 0
80 23 39
80 24 0
80 24 39
80 25 0
80 25 39
80 26 0
80 26 39
80 27 0
80 27 39
80 28 0
80 28 39
80 29 0
80 29 39
80 30 0
80 30 39
80 31 0
80 31 39
80 32 0
80 32 39
80 33 0
80 33 39
80 34 0
80 34 39
80 35 0
80 35 39
80 36 0
80 36 39
80 37 0
80 37 39
80 38 0
80 38 39
80 39 0
80 39 39
80 40 0
80 40 39
80 41 0
80 41 39
80 42 0
80 42 39
80 43 0
80 43 39
80 44 0
80 44 39
80 45 0
80 45 39
80 46 0
80 46 39
80 47 0
80 47 39
80 48 0
80 48 39
80 49 0
80 49 39
80 50 0
80 50 39
80 51 0
80 51 39
80 52 0
80 52 39
80 53 0
80 53 39
80 54 0
80 54 39
80 55 0
80 55 39
80 56 0
80 56 1
80 56 2
80 56 3
80 56 4
80 56 5
80 56 6
80 56 7
80 56 8
80 56 9
80 56 10
80 56 11
80 56 12
80 56 13
80 56 14
80 56 15
80 56 16
80 56 17
80 56 18
80 56 19
80 56 20
80 56 21
80 56 22
80 56 23
80 56 24
80 56 25
80 56 26
80 56 27
80 56 28
80 56 29
80 56 30
80 56 31
80 56 32
80 56 33
80 56 34
80 56 35
80 56 36
80 56 37
80 56 38
80 56 39
80 57 0
80 57 1
80 57 2
80 57 3
80 57 4
80 57 5
80 57 6
80 57 7
80 57 8
80 57 9
80 57 10
80 57 11
80 57 12
80 57 13
80 57 14
80 57 15
80 57 16
80 57 17
80 57 18
80 57 19
80 57 20
80 57 21
80 57 22
80 57 23
80 57 24
80 57 25
80 57 26
80 57 27
80 57 28
80 57 29
80 57 30
80 57 31
80 57 32
80 57 33
80 57 34
80 57 35
80 57 36
80 57 37
80 57 38
80 57 39
80 58 0
80 58 1
80 58 2
80 58 3
80 58 4
80 58 5
80 58 6
80 58 7
80 58 8
80 58 9
80 58 10
80 58 11
80 58 12
80 58 13
80 58 14
80 58 15
80 58 16
80 58 17
80 58 18
80 58 19
80 58 20
80 58 21
80 58 22
80 58 23
80 58 24
80 58 25
80 58 26
80 58 27
80 58 28
80 58 29
80 58 30
80 58 31
80 58 32
80 58 33
80 58 34
80 58 35
80 58 36
80 58 37
80 58 38
80 58 39
80 59 0
80 59 39
80 60 0
80 60 39
80 61 0
80 61 39
80 62 0
80 62 1
80 62 2
80 62 3
80 62 4
80 62 5
80 62 6
80 62 7
80 62 8
80 62 9
80 62 10
80 62 11
80 62 12
80 62 13
80 62 14
80 62 15
80 62 16
80 62 17
80 62 18
80 62 19
80 62 20
80 62 21
80 62 22
80 62 23
80 62 24
80 62 25
80 62 26
80 62 27
80 62 28
80 62 29
80 62 30
80 62 31
80 62 32
80 62 33
80 62 34
80 62 35
80 62 36
80 62 37
80 62 38
80 62 39
80 63 0
80 63 1
80 63 2
80 63 3
80 63 4
80 63 5
80 63 6
80 63 7
80 63 8
80 63 9
80 63 10
80 63 11
80 63 12
80 63 13
80 63 14
80 63 15
80 63 16
80 63 17
80 63 18
80 63 19
80 63 20
80 63 21
80 63 22
80 63 23
80 63 24
80 63 25
80 63 26
80 63 27
80 63 28
80 63 29
80 63 30
80 63 31
80 63 32
80 63 33
80 63 34
80 63 35
80 63 36
80 63 37
80 63 38
80 63 39
80 64 0
80 64 1
80 64 2
80 64 3
80 64 4
80 64 5
80 64 6
80 64 7
80 64 8
80 64 9
80 64 10
80 64 11
80 64 12
80 64 13
80 64 14
80 64 15
80 64 16
80 64 17
80 64 18
80 64 19
80 64 20
80 64 21
80 64 22
80 64 23
80 64 24
80 64 25
80 64 26
80 64 27
80 64 28
80 64 29
80 64 30
80 64 31
80 64 32
80 64 33
80 64 34
80 64 35
80 64 36
80 64 37
80 64 38
80 64 39
80 65 0
80 65 1
80 65 2
80 65 3
80 65 4
80 65 5
80 65 6
80 65 7
80 65 8
80 65 9
80 65 10
80 65 11
80 65 12
80 65 13
80 65 14
80 65 15
80 65 16
80 65 17
80 65 18
80 65 19
80 65 20
80 65 21
80 65 22
80 65 23
80 65 24
80 65 25
80 65 26
80 65 27
80 65 28
80 65 29
80 65 30
80 65 31
80 65 32
80 65 33
80 65 34
80 65 35
80 65 36
80 65 37
80 65 38
80 65 39
80 66 0
80 66 39
80 67 0
80 67 39
80 68 0
80 68 39
80 69 0
80 69 39
80 70 0
80 70 39
80 71 0
80 71 39
80 72 0
80 72 39
80 73 0
80 73 39
80 74 0
80 74 39
80 75 0
80 75 39
80 76 0
80 76 39
80 77 0
80 77 39
80 78 0
80 78 39
80 79 0
80 79 1
80 79 2
80 79 3
80 79 4
80 79 5
80 79 6
80 79 7
80 79 8
80 79 9
80 79 10
80 79 11
80 79 12
80 79 13
80 79 14
80 79 15
80 79 16
80 79 17
80 79 18
80 79 19
80 79 20
80 79 21
80 79 22
80 79 23
80 79 24
80 79 25
80 79 26
80 79 27
80 79 28
80 79 29
80 79 30
80 79 31
80 79 32
80 79 33
80 79 34
80 79 35
80 79 36
80 79 37
80 79 38
80 79 39
80 80 0
80 80 1
80 80 2
80 80 3
80 80 4
80 80 5
80 80 6
80 80 7
80 80 8
80 80 9
80 80 10
80 80 11
80 80 12
80 80 13
80 80 14
80 80 15
80 80 16
80 80 17
80 80 18
80 80 19
80 80 20
80 80 21
80 80 22
80 80 23
80 80 24
80 80 25
80 80 26
80 80 27
80 80 28
80 80 29
80 80 30
80 80 31
80 80 32
80 80 33
80 80 34
80 80 35
80 80 36
80 80 37
80 80 38
80 80 39
80 81 0
80 81 1
80 81 2
80 81 3
80 81 4
80 81 5
80 81 6
80 81 7
80 81 8
80 81 9
80 81 10
80 81 11
80 81 12
80 81 13
80 81 14
80 81 15
80 81 16
80 81 17
80 81 18
80 81 19
80 81 20
80 81 21
80 81 22
80 81 23
80 81 24
80 81 25
80 81 26
80 81 27
80 81 28
80 81 29
80 81 30
80 81 31
80 81 32
80 81 33
80 81 34
80 81 35
80 81 36
80 81 37
80 81 38
80 81 39
80 82 0
80 82 39
80 83 0
80 83 39
80 84 0
80 84 39
80 85 0
80 85 39
80 86 0
80 86 1
80 86 2
80 86 3
80 86 4
80 86 5
80 86 6
80 86 7
80 86 8
80 86 9
80 86 10
80 86 11
80 86 12
80 86 13
80 86 14
80 86 15
80 86 16
80 86 17
80 86 18
80 86 19
80 86 20
80 86 21
80 86 22
80 86 23
80 86 24
80 86 25
80 86 26
80 86 27
80 86 28
80 86 29
80 86 30
80 86 31
80 86 32
80 86 33
80 86 34
80 86 35
80 86 36
80 86 37
80 86 38
80 86 39
80 87 0
80 87 39
80 88 0
80 88 39
80 89 0
80 89 39
80 90 0
80 90 39
80 91 0
80 91 39
80 92 0
80 92 39
80 93 0
80 93 39
80 94 0
80 94 39
80 95 0
80 95 39
80 96 0
80 96 39
80 97 0
80 97 39
80 98 0
80 98 39
80 99 0
80 99 1
80 99 2
80 99 3
80 99 4
80 99 5
80 99 6
80 99 7
80 99 8
80 99 9
80 99 10
80 99 11
80 99 12
80 99 13
80 99 14
80 99 15
80 99 16
80 99 17
80 99 18
80 99 19
80 99 20
80 99 21
80 99 22
80 99 23
80 99 24
80 99 25
80 99 26
80 99 27
80 99 28
80 99 29
80 99 30
80 99 31
80 99 32
80 99 33
80 99 34
80 99 35
80 99 36
80 99 37
80 99 38
80 99 39
81 0 0
81 0 1
81 0 2
81 0 3
81 0 4
81 0 5
81 0 6
81 0 7
81 0 8
81 0 9
81 0 10
81 0 11
81 0 12
81 0 13
81 0 14
81 0 15
81 0 16
81 0 17
81 0 18
81 0 19
81 0 20
81 0 21
81 0 22
81 0 23
81 0 24
81 0 25
81 0 26
81 0 27
81 0 28
81 0 29
81 0 30
81 0 31
81 0 32
81 0 33
81 0 34
81 0 35
81 0 36
81 0 37
81 0 38
81 0 39
81 1 0
81 1 39
81 2 0
81 2 39
81 3 0
81 3 39
81 4 0
81 4 39
81 5 0
81 5 39
81 6 0
81 6 39
81 7 0
81 7 39
81 8 0
81 8 39
81 9 0
81 9 39
81 10 0
81 10 39
81 11 0
81 11 39
81 12 0
81 12 39
81 13 0
81 13 39
81 14 0
81 14 39
81 15 0
81 15 39
81 16 0
81 16 39
81 17 0
81 17 39
81 18 0
81 18 39
81 19 0
81 19 39
81 20 0
81 20 39
81 21 0
81 21 39
81 22 0
81 22 39
81 23 0
81 23 39
81 24 0
81 24 39
81 25 0
81 25 39
81 26 0
81 26 39
81 27 0
81 27 39
81 28 0
81 28 39
81 29 0
81 29 39
81 30 0
81 30 39
81 31 0
81 31 39
81 32 0
81 32 1
81 32 2
81 32 3
81 32 4
81 32 5
81 32 6
81 32 7
81 32 8
81 32 9
81 32 10
81 32 11
81 32 12
81 32 13
81 32 14
81 32 15
81 32 16
81 32 17
81 32 18
81 32 19
81 32 20
81 32 21
81 32 22
81 32 23
81 32 24
81 32 25
81 32 26
81 32 27
81 32 28
81 32 29
81 32 30
81 32 31
81 32 32
81 32 33
81 32 34
81 32 35
81 32 36
81 32 37
81 32 38
81 32 39
81 33 0
81 33 39
81 34 0
81 34 39
81 35 0
81 35 39
81 36 0
81 36 39
81 37 0
81 37 39
81 38 0
81 38 39
81 39 0
81 39 39
81 40 0
81 40 39
81 41 0
81 41 39
81 42 0
81 42 39
81 43 0
81 43 39
81 44 0
81 44 39
81 45 0
81 45 39
81 46 0
81 46 39
81 47 0
81 47 39
81 48 0
81 48 39
81 49 0
81 49 39
81 50 0
81 50 39
81 51 0
81 51 39
81 52 0
81 52 39
81 53 0
81 53 39
81 54 0
81 54 39
81 55 0
81 55 39
81 56 0
81 56 39
81 57 0
81 57 1
81 57 2
81 57 3
81 57 4
81 57 5
81 57 6
81 57 7
81 57 8
81 57 9
81 57 10
81 57 11
81 57 12
81 57 13
81 57 14
81 57 15
81 57 16
81 57 17
81 57 18
81 57 19
81 57 20
81 57 21
81 57 22
81 57 23
81 57 24
81 57 25
81 57 26
81 57 27
81 57 28
81 57 29
81 57 30
81 57 31
81 57 32
81 57 33
81 57 34
81 57 35
81 57 36
81 57 37
81 57 38
81 57 39
81 58 0
81 58 39
81 59 0
81 59 39
81 60 0
81 60 39
81 61 0
81 61 39
81 62 0
81 62 39
81 63 0
81 63 1
81 63 2
81 63 3
81 63 4
81 63 5
81 63 6
81 63 7
81 63 8
81 63 9
81 63 10
81 63 11
81 63 12
81 63 13
81 63 14
81 63 15
81 63 16
81 63 17
81 63 18
81 63 19
81 63 20
81 63 21
81 63 22
81 63 23
81 63 24
81 63 25
81 63 26
81 63 27
81 63 28
81 63 29
81 63 30
81 63 31
81 63 32
81 63 33
81 63 34
81 63 35
81 63 36
81 63 37
81 63 38
81 63 39
81 64 0
81 64 39
81 65 0
81 65 39
81 66 0
81 66 39
81 67 0
81 67 39
81 68 0
81 68 39
81 69 0
81 69 39
81 70 0
81 70 39
81 71 0
81 71 39
81 72 0
81 72 39
81 73 0
81 73 39
81 74 0
81 74 39
81 75 0
81 75 39
81 76 0
81 76 39
81 77 0
81 77 39
81 78 0
81 78 39
81 79 0
81 79 39
81 80 0
81 80 1
81 80 2
81 80 3
81 80 4
81 80 5
81 80 6
81 80 7
81 80 8
81 80 9
81 80 10
81 80 11
81 80 12
81 80 13
81 80 14
81 80 15
81 80 16
81 80 17
81 80 18
81 80 19
81 80 20
81 80 21
81 80 22
81 80 23
81 80 24
81 80 25
81 80 26
81 80 27
81 80 28
81 80 29
81 80 30
81 80 31
81 80 32
81 80 33
81 80 34
81 80 35
81 80 36
81 80 37
81 80 38
81 80 39
81 81 0
81 81 39
81 82 0
81 82 39
81 83 0
81 83 39
81 84 0
81 84 39
81 85 0
81 85 1
81 85 2
81 85 3
81 85 4
81 85 5
81 85 6
81 85 7
81 85 8
81 85 9
81 85 10
81 85 11
81 85 12
81 85 13
81 85 14
81 85 15
81 85 16
81 85 17
81 85 18
81 85 19
81 85 20
81 85 21
81 85 22
81 85 23
81 85 24
81 85 25
81 85 26
81 85 27
81 85 28
81 85 29
81 85 30
81 85 31
81 85 32
81 85 33
81 85 34
81 85 35
81 85 36
81 85 37
81 85 38
81 85 39
81 86 0
81 86 1
81 86 2
81 86 3
81 86 4
81 86 5
81 86 6
81 86 7
81 86 8
81 86 9
81 86 10
81 86 11
81 86 12
81 86 13
81 86 14
81 86 15
81 86 16
81 86 17
81 86 18
81 86 19
81 86 20
81 86 21
81 86 22
81 86 23
81 86 24
81 86 25
81 86 26
81 86 27
81 86 28
81 86 29
81 86 30
81 86 31
81 86 32
81 86 33
81 86 34
81 86 35
81 86 36
81 86 37
81 86 38
81 86 39
81 87 0
81 87 1
81 87 2
81 87 3
81 87 4
81 87 5
81 87 6
81 87 7
81 87 8
81 87 9
81 87 10
81 87 11
81 87 12
81 87 13
81 87 14
81 87 15
81 87 16
81 87 17
81 87 18
81 87 19
81 87 20
81 87 21
81 87 22
81 87 23
81 87 24
81 87 25
81 87 26
81 87 27
81 87 28
81 87 29
81 87 30
81 87 31
81 87 32
81 87 33
81 87 34
81 87 35
81 87 36
81 87 37
81 87 38
81 87 39
81 88 0
81 88 39
81 89 0
81 89 39
81 90 0
81 90 39
81 91 0
81 91 39
81 92 0
81 92 39
81 93 0
81 93 39
81 94 0
81 94 39
81 95 0
81 95 39
81 96 0
81 96 39
81 97 0
81 97 39
81 98 0
81 98 39
81 99 0
81 99 1
81 99 2
81 99 3
81 99 4
81 99 5
81 99 6
81 99 7
81 99 8
81 99 9
81 99 10
81 99 11
81 99 12
81 99 13
81 99 14
81 99 15
81 99 16
81 99 17
81 99 18
81 99 19
81 99 20
81 99 21
81 99 22
81 99 23
81 99 24
81 99 25
81 99 26
81 99 27
81 99 28
81 99 29
81 99 30
81 99 31
81 99 32
81 99 33
81 99 34
81 99 35
81 99 36
81 99 37
81 99 38
81 99 39
82 0 0
82 0 1
82 0 2
82 0 3
82 0 4
82 0 5
82 0 6
82 0 7
82 0 8
82 0 9
82 0 10
82 0 11
82 0 12
82 0 13
82 0 14
82 0 15
82 0 16
82 0 17
82 0 18
82 0 19
82 0 20
82 0 21
82 0 22
82 0 23
82 0 24
82 0 25
82 0 26
82 0 27
82 0 28
82 0 29
82 0 30
82 0 31
82 0 32
82 0 33
82 0 34
82 0 35
82 0 36
82 0 37
82 0 38
82 0 39
82 1 0
82 1 39
82 2 0
82 2 39
82 3 0
82 3 39
82 4 0
82 4 39
82 5 0
82 5 39
82 6 0
82 6 39
82 7 0
82 7 39
82 8 0
82 8 39
82 9 0
82 9 39
82 10 0
82 10 39
82 11 0
82 11 39
82 12 0
82 12 39
82 13 0
82 13 39
82 14 0
82 14 39
82 15 0
82 15 39
82 16 0
82 16 39
82 17 0
82 17 39
82 18 0
82 18 39
82 19 0
82 19 39
82 20 0
82 20 39
82 21 0
82 21 39
82 22 0
82 22 39
82 23 0
82 23 1
82 23 2
82 23 3
82 23 4
82 23 5
82 23 6
82 23 7
82 23 8
82 23 9
82 23 10
82 23 11
82 23 12
82 23 13
82 23 14
82 23 15
82 23 16
82 23 17
82 23 18
82 23 19
82 23 20
82 23 21
82 23 22
82 23 23
82 23 24
82 23 25
82 23 26
82 23 27
82 23 28
82 23 29
82 23 30
82 23 31
82 23 32
82 23 33
82 23 34
82 23 35
82 23 36
82 23 37
82 23 38
82 23 39
82 24 0
82 24 39
82 25 0
82 25 39
82 26 0
82 26 39
82 27 0
82 27 39
82 28 0
82 28 39
82 29 0
82 29 39
82 30 0
82 30 39
82 31 0
82 31 1
82 31 2
82 31 3
82 31 4
82 31 5
82 31 6
82 31 7
82 31 8
82 31 9
82 31 10
82 31 11
82 31 12
82 31 13
82 31 14
82 31 15
82 31 16
82 31 17
82 31 18
82 31 19
82 31 20
82 31 21
82 31 22
82 31 23
82 31 24
82 31 25
82 31 26
82 31 27
82 31 28
82 31 29
82 31 30
82 31 31
82 31 32
82 31 33
82 31 34
82 31 35
82 31 36
82 31 37
82 31 38
82 31 39
82 32 0
82 32 1
82 32 2
82 32 3
82 32 4
82 32 5
82 32 6
82 32 7
82 32 8
82 32 9
82 32 10
82 32 11
82 32 12
82 32 13
82 32 14
82 32 15
82 32 16
82 32 17
82 32 18
82 32 19
82 32 20
82 32 21
82 32 22
82 32 23
82 32 24
82 32 25
82 32 26
82 32 27
82 32 28
82 32 29
82 32 30
82 32 31
82 32 32
82 32 33
82 32 34
82 32 35
82 32 36
82 32 37
82 32 38
82 32 39
82 33 0
82 33 1
82 33 2
82 33 3
82 33 4
82 33 5
82 33 6
82 33 7
82 33 8
82 33 9
82 33 10
82 33 11
82 33 12
82 33 13
82 33 14
82 33 15
82 33 16
82 33 17
82 33 18
82 33 19
82 33 20
82 33 21
82 33 22
82 33 23
82 33 24
82 33 25
82 33 26
82 33 27
82 33 28
82 33 29
82 33 30
82 33 31
82 33 32
82 33 33
82 33 34
82 33 35
82 33 36
82 33 37
82 33 38
82 33 39
82 34 0
82 34 39
82 35 0
82 35 39
82 36 0
82 36 39
82 37 0
82 37 1
82 37 2
82 37 3
82 37 4
82 37 5
82 37 6
82 37 7
82 37 8
82 37 9
82 37 10
82 37 11
82 37 12
82 37 13
82 37 14
82 37 15
82 37 16
82 37 17
82 37 18
82 37 19
82 37 20
82 37 21
82 37 22
82 37 23
82 37 24
82 37 25
82 37 26
82 37 27
82 37 28
82 37 29
82 37 30
82 37 31
82 37 32
82 37 33
82 37 34
82 37 35
82 37 36
82 37 37
82 37 38
82 37 39
82 38 0
82 38 39
82 39 0
82 39 39
82 40 0
82 40 39
82 41 0
82 41 39
82 42 0
82 42 39
82 43 0
82 43 39
82 44 0
82 44 39
82 45 0
82 45 39
82 46 0
82 46 39
82 47 0
82 47 39
82 48 0
82 48 39
82 49 0
82 49 39
82 50 0
82 50 39
82 51 0
82 51 39
82 52 0
82 52 39
82 53 0
82 53 39
82 54 0
82 54 39
82 55 0
82 55 39
82 56 0
82 56 39
82 57 0
82 57 39
82 58 0
82 58 39
82 59 0
82 59 39
82 60 0
82 60 39
82 61 0
82 61 39
82 62 0
82 62 39
82 63 0
82 63 39
82 64 0
82 64 39
82 65 0
82 65 39
82 66 0
82 66 39
82 67 0
82 67 39
82 68 0
82 68 39
82 69 0
82 69 39
82 70 0
82 70 39
82 71 0
82 71 39
82 72 0
82 72 1
82 72 2
82 72 3
82 72 4
82 72 5
82 72 6
82 72 7
82 72 8
82 72 9
82 72 10
82 72 11
82 72 12
82 72 13
82 72 14
82 72 15
82 72 16
82 72 17
82 72 18
82 72 19
82 72 20
82 72 21
82 72 22
82 72 23
82 72 24
82 72 25
82 72 26
82 72 27
82 72 28
82 72 29
82 72 30
82 72 31
82 72 32
82 72 33
82 72 34
82 72 35
82 72 36
82 72 37
82 72 38
82 72 39
82 73 0
82 73 39
82 74 0
82 74 39
82 75 0
82 75 39
82 76 0
82 76 39
82 77 0
82 77 39
82 78 0
82 78 39
82 79 0
82 79 39
82 80 0
82 80 39
82 81 0
82 81 39
82 82 0
82 82 39
82 83 0
82 83 39
82 84 0
82 84 39
82 85 0
82 85 39
82 86 0
82 86 1
82 86 2
82 86 3
82 86 4
82 86 5
82 86 6
82 86 7
82 86 8
82 86 9
82 86 10
82 86 11
82 86 12
82 86 13
82 86 14
82 86 15
82 86 16
82 86 17
82 86 18
82 86 19
82 86 20
82 86 21
82 86 22
82 86 23
82 86 24
82 86 25
82 86 26
82 86 27
82 86 28
82 86 29
82 86 30
82 86 31
82 86 32
82 86 33
82 86 34
82 86 35
82 86 36
82 86 37
82 86 38
82 86 39
82 87 0
82 87 39
82 88 0
82 88 39
82 89 0
82 89 39
82 90 0
82 90 39
82 91 0
82 91 39
82 92 0
82 92 39
82 93 0
82 93 1
82 93 2
82 93 3
82 93 4
82 93 5
82 93 6
82 93 7
82 93 8
82 93 9
82 93 10
82 93 11
82 93 12
82 93 13
82 93 14
82 93 15
82 93 16
82 93 17
82 93 18
82 93 19
82 93 20
82 93 21
82 93 22
82 93 23
82 93 24
82 93 25
82 93 26
82 93 27
82 93 28
82 93 29
82 93 30
82 93 31
82 93 32
82 93 33
82 93 34
82 93 35
82 93 36
82 93 37
82 93 38
82 93 39
82 94 0
82 94 39
82 95 0
82 95 39
82 96 0
82 96 39
82 97 0
82 97 39
82 98 0
82 98 39
82 99 0
82 99 1
82 99 2
82 99 3
82 99 4
82 99 5
82 99 6
82 99 7
82 99 8
82 99 9
82 99 10
82 99 11
82 99 12
82 99 13
82 99 14
82 99 15
82 99 16
82 99 17
82 99 18
82 99 19
82 99 20
82 99 21
82 99 22
82 99 23
82 99 24
82 99 25
82 99 26
82 99 27
82 99 28
82 99 29
82 99 30
82 99 31
82 99 32
82 99 33
82 99 34
82 99 35
82 99 36
82 99 37
82 99 38
82 99 39
83 0 0
83 0 1
83 0 2
83 0 3
83 0 4
83 0 5
83 0 6
83 0 7
83 0 8
83 0 9
83 0 10
83 0 11
83 0 12
83 0 13
83 0 14
83 0 15
83 0 16
83 0 17
83 0 18
83 0 19
83 0 20
83 0 21
83 0 22
83 0 23
83 0 24
83 0 25
83 0 26
83 0 27
83 0 28
83 0 29
83 0 30
83 0 31
83 0 32
83 0 33
83 0 34
83 0 35
83 0 36
83 0 37
83 0 38
83 0 39
83 1 0
83 1 39
83 2 0
83 2 39
83 3 0
83 3 39
83 4 0
83 4 39
83 5 0
83 5 39
83 6 0
83 6 39
83 7 0
83 7 39
83 8 0
83 8 39
83 9 0
83 9 39
83 10 0
83 10 39
83 11 0
83 11 39
83 12 0
83 12 39
83 13 0
83 13 39
83 14 0
83 14 1
83 14 2
83 14 3
83 14 4
83 14 5
83 14 6
83 14 7
83 14 8
83 14 9
83 14 10
83 14 11
83 14 12
83 14 13
83 14 14
83 14 15
83 14 16
83 14 17
83 14 18
83 14 19
83 14 20
83 14 21
83 14 22
83 14 23
83 14 24
83 14 25
83 14 26
83 14 27
83 14 28
83 14 29
83 14 30
83 14 31
83 14 32
83 14 33
83 14 34
83 14 35
83 14 36
83 14 37
83 14 38
83 14 39
83 15 0
83 15 39
83 16 0
83 16 39
83 17 0
83 17 39
83 18 0
83 18 39
83 19 0
83 19 39
83 20 0
83 20 39
83 21 0
83 21 39
83 22 0
83 22 1
83 22 2
83 22 3
83 22 4
83 22 5
83 22 6
83 22 7
83 22 8
83 22 9
83 22 10
83 22 11
83 22 12
83 22 13
83 22 14
83 22 15
83 22 16
83 22 17
83 22 18
83 22 19
83 22 20
83 22 21
83 22 22
83 22 23
83 22 24
83 22 25
83 22 26
83 22 27
83 22 28
83 22 29
83 22 30
83 22 31
83 22 32
83 22 33
83 22 34
83 22 35
83 22 36
83 22 37
83 22 38
83 22 39
83 23 0
83 23 1
83 23 2
83 23 3
83 23 4
83 23 5
83 23 6
83 23 7
83 23 8
83 23 9
83 23 10
83 23 11
83 23 12
83 23 13
83 23 14
83 23 15
83 23 16
83 23 17
83 23 18
83 23 19
83 23 20
83 23 21
83 23 22
83 23 23
83 23 24
83 23 25
83 23 26
83 23 27
83 23 28
83 23 29
83 23 30
83 23 31
83 23 32
83 23 33
83 23 34
83 23 35
83 23 36
83 23 37
83 23 38
83 23 39
83 24 0
83 24 1
83 24 2
83 24 3
83 24 4
83 24 5
83 24 6
83 24 7
83 24 8
83 24 9
83 24 10
83 24 11
83 24 12
83 24 13
83 24 14
83 24 15
83 24 16
83 24 17
83 24 18
83 24 19
83 24 20
83 24 21
83 24 22
83 24 23
83 24 24
83 24 25
83 24 26
83 24 27
83 24 28
83 24 29
83 24 30
83 24 31
83 24 32
83 24 33
83 24 34
83 24 35
83 24 36
83 24 37
83 24 38
83 24 39
83 25 0
83 25 39
83 26 0
83 26 39
83 27 0
83 27 39
83 28 0
83 28 39
83 29 0
83 29 39
83 30 0
83 30 39
83 31 0
83 31 39
83 32 0
83 32 1
83 32 2
83 32 3
83 32 4
83 32 5
83 32 6
83 32 7
83 32 8
83 32 9
83 32 10
83 32 11
83 32 12
83 32 13
83 32 14
83 32 15
83 32 16
83 32 17
83 32 18
83 32 19
83 32 20
83 32 21
83 32 22
83 32 23
83 32 24
83 32 25
83 32 26
83 32 27
83 32 28
83 32 29
83 32 30
83 32 31
83 32 32
83 32 33
83 32 34
83 32 35
83 32 36
83 32 37
83 32 38
83 32 39
83 33 0
83 33 39
83 34 0
83 34 39
83 35 0
83 35 39
83 36 0
83 36 1
83 36 2
83 36 3
83 36 4
83 36 5
83 36 6
83 36 7
83 36 8
83 36 9
83 36 10
83 36 11
83 36 12
83 36 13
83 36 14
83 36 15
83 36 16
83 36 17
83 36 18
83 36 19
83 36 20
83 36 21
83 36 22
83 36 23
83 36 24
83 36 25
83 36 26
83 36 27
83 36 28
83 36 29
83 36 30
83 36 31
83 36 32
83 36 33
83 36 34
83 36 35
83 36 36
83 36 37
83 36 38
83 36 39
83 37 0
83 37 1
83 37 2
83 37 3
83 37 4
83 37 5
83 37 6
83 37 7
83 37 8
83 37 9
83 37 10
83 37 11
83 37 12
83 37 13
83 37 14
83 37 15
83 37 16
83 37 17
83 37 18
83 37 19
83 37 20
83 37 21
83 37 22
83 37 23
83 37 24
83 37 25
83 37 26
83 37 27
83 37 28
83 37 29
83 37 30
83 37 31
83 37 32
83 37 33
83 37 34
83 37 35
83 37 36
83 37 37
83 37 38
83 37 39
83 38 0
83 38 1
83 38 2
83 38 3
83 38 4
83 38 5
83 38 6
83 38 7
83 38 8
83 38 9
83 38 10
83 38 11
83 38 12
83 38 13
83 38 14
83 38 15
83 38 16
83 38 17
83 38 18
83 38 19
83 38 20
83 38 21
83 38 22
83 38 23
83 38 24
83 38 25
83 38 26
83 38 27
83 38 28
83 38 29
83 38 30
83 38 31
83 38 32
83 38 33
83 38 34
83 38 35
83 38 36
83 38 37
83 38 38
83 38 39
83 39 0
83 39 39
83 40 0
83 40 39
83 41 0
83 41 39
83 42 0
83 42 39
83 43 0
83 43 39
83 44 0
83 44 39
83 45 0
83 45 39
83 46 0
83 46 39
83 47 0
83 47 39
83 48 0
83 48 39
83 49 0
83 49 39
83 50 0
83 50 39
83 51 0
83 51 39
83 52 0
83 52 39
83 53 0
83 53 39
83 54 0
83 54 39
83 55 0
83 55 39
83 56 0
83 56 39
83 57 0
83 57 39
83 58 0
83 58 39
83 59 0
83 59 39
83 60 0
83 60 39
83 61 0
83 61 39
83 62 0
83 62 39
83 63 0
83 63 39
83 64 0
83 64 39
83 65 0
83 65 1
83 65 2
83 65 3
83 65 4
83 65 5
83 65 6
83 65 7
83 65 8
83 65 9
83 65 10
83 65 11
83 65 12
83 65 13
83 65 14
83 65 15
83 65 16
83 65 17
83 65 18
83 65 19
83 65 20
83 65 21
83 65 22
83 65 23
83 65 24
83 65 25
83 65 26
83 65 27
83 65 28
83 65 29
83 65 30
83 65 31
83 65 32
83 65 33
83 65 34
83 65 35
83 65 36
83 65 37
83 65 38
83 65 39
83 66 0
83 66 39
83 67 0
83 67 1
83 67 2
83 67 3
83 67 4
83 67 5
83 67 6
83 67 7
83 67 8
83 67 9
83 67 10
83 67 11
83 67 12
83 67 13
83 67 14
83 67 15
83 67 16
83 67 17
83 67 18
83 67 19
83 67 20
83 67 21
83 67 22
83 67 23
83 67 24
83 67 25
83 67 26
83 67 27
83 67 28
83 67 29
83 67 30
83 67 31
83 67 32
83 67 33
83 67 34
83 67 35
83 67 36
83 67 37
83 67 38
83 67 39
83 68 0
83 68 39
83 69 0
83 69 39
83 70 0
83 70 39
83 71 0
83 71 1
83 71 2
83 71 3
83 71 4
83 71 5
83 71 6
83 71 7
83 71 8
83 71 9
83 71 10
83 71 11
83 71 12
83 71 13
83 71 14
83 71 15
83 71 16
83 71 17
83 71 18
83 71 19
83 71 20
83 71 21
83 71 22
83 71 23
83 71 24
83 71 25
83 71 26
83 71 27
83 71 28
83 71 29
83 71 30
83 71 31
83 71 32
83 71 33
83 71 34
83 71 35
83 71 36
83 71 37
83 71 38
83 71 39
83 72 0
83 72 1
83 72 2
83 72 3
83 72 4
83 72 5
83 72 6
83 72 7
83 72 8
83 72 9
83 72 10
83 72 11
83 72 12
83 72 13
83 72 14
83 72 15
83 72 16
83 72 17
83 72 18
83 72 19
83 72 20
83 72 21
83 72 22
83 72 23
83 72 24
83 72 25
83 72 26
83 72 27
83 72 28
83 72 29
83 72 30
83 72 31
83 72 32
83 72 33
83 72 34
83 72 35
83 72 36
83 72 37
83 72 38
83 72 39
83 73 0
83 73 1
83 73 2
83 73 3
83 73 4
83 73 5
83 73 6
83 73 7
83 73 8
83 73 9
83 73 10
83 73 11
83 73 12
83 73 13
83 73 14
83 73 15
83 73 16
83 73 17
83 73 18
83 73 19
83 73 20
83 73 21
83 73 22
83 73 23
83 73 24
83 73 25
83 73 26
83 73 27
83 73 28
83 73 29
83 73 30
83 73 31
83 73 32
83 73 33
83 73 34
83 73 35
83 73 36
83 73 37
83 73 38
83 73 39
83 74 0
83 74 39
83 75 0
83 75 39
83 76 0
83 76 39
83 77 0
83 77 39
83 78 0
83 78 39
83 79 0
83 79 39
83 80 0
83 80 39
83 81 0
83 81 39
83 82 0
83 82 39
83 83 0
83 83 39
83 84 0
83 84 39
83 85 0
83 85 39
83 86 0
83 86 39
83 87 0
83 87 39
83 88 0
83 88 39
83 89 0
83 89 39
83 90 0
83 90 39
83 91 0
83 91 39
83 92 0
83 92 1
83 92 2
83 92 3
83 92 4
83 92 5
83 92 6
83 92 7
83 92 8
83 92 9
83 92 10
83 92 11
83 92 12
83 92 13
83 92 14
83 92 15
83 92 16
83 92 17
83 92 18
83 92 19
83 92 20
83 92 21
83 92 22
83 92 23
83 92 24
83 92 25
83 92 26
83 92 27
83 92 28
83 92 29
83 92 30
83 92 31
83 92 32
83 92 33
83 92 34
83 92 35
83 92 36
83 92 37
83 92 38
83 92 39
83 93 0
83 93 1
83 93 2
83 93 3
83 93 4
83 93 5
83 93 6
83 93 7
83 93 8
83 93 9
83 93 10
83 93 11
83 93 12
83 93 13
83 93 14
83 93 15
83 93 16
83 93 17
83 93 18
83 93 19
83 93 20
83 93 21
83 93 22
83 93 23
83 93 24
83 93 25
83 93 26
83 93 27
83 93 28
83 93 29
83 93 30
83 93 31
83 93 32
83 93 33
83 93 34
83 93 35
83 93 36
83 93 37
83 93 38
83 93 39
83 94 0
83 94 1
83 94 2
83 94 3
83 94 4
83 94 5
83 94 6
83 94 7
83 94 8
83 94 9
83 94 10
83 94 11
83 94 12
83 94 13
83 94 14
83 94 15
83 94 16
83 94 17
83 94 18
83 94 19
83 94 20
83 94 21
83 94 22
83 94 23
83 94 24
83 94 25
83 94 26
83 94 27
83 94 28
83 94 29
83 94 30
83 94 31
83 94 32
83 94 33
83 94 34
83 94 35
83 94 36
83 94 37
83 94 38
83 94 39
83 95 0
83 95 39
83 96 0
83 96 39
83 97 0
83 97 39
83 98 0
83 98 1
83 98 2
83 98 3
83 98 4
83 98 5
83 98 6
83 98 7
83 98 8
83 98 9
83 98 10
83 98 11
83 98 12
83 98 13
83 98 14
83 98 15
83 98 16
83 98 17
83 98 18
83 98 19
83 98 20
83 98 21
83 98 22
83 98 23
83 98 24
83 98 25
83 98 26
83 98 27
83 98 28
83 98 29
83 98 30
83 98 31
83 98 32
83 98 33
83 98 34
83 98 35
83 98 36
83 98 37
83 98 38
83 98 39
83 99 0
83 99 1
83 99 2
83 99 3
83 99 4
83 99 5
83 99 6
83 99 7
83 99 8
83 99 9
83 99 10
83 99 11
83 99 12
83 99 13
83 99 14
83 99 15
83 99 16
83 99 17
83 99 18
83 99 19
83 99 20
83 99 21
83 99 22
83 99 23
83 99 24
83 99 25
83 99 26
83 99 27
83 99 28
83 99 29
83 99 30
83 99 31
83 99 32
83 99 33
83 99 34
83 99 35
83 99 36
83 99 37
83 99 38
83 99 39
84 0 0
84 0 1
84 0 2
84 0 3
84 0 4
84 0 5
84 0 6
84 0 7
84 0 8
84 0 9
84 0 10
84 0 11
84 0 12
84 0 13
84 0 14
84 0 15
84 0 16
84 0 17
84 0 18
84 0 19
84 0 20
84 0 21
84 0 22
84 0 23
84 0 24
84 0 25
84 0 26
84 0 27
84 0 28
84 0 29
84 0 30
84 0 31
84 0 32
84 0 33
84 0 34
84 0 35
84 0 36
84 0 37
84 0 38
84 0 39
84 1 0
84 1 39
84 2 0
84 2 39
84 3 0
84 3 39
84 4 0
84 4 39
84 5 0
84 5 39
84 6 0
84 6 39
84 7 0
84 7 39
84 8 0
84 8 39
84 9 0
84 9 39
84 10 0
84 10 39
84 11 0
84 11 39
84 12 0
84 12 39
84 13 0
84 13 1
84 13 2
84 13 3
84 13 4
84 13 5
84 13 6
84 13 7
84 13 8
84 13 9
84 13 10
84 13 11
84 13 12
84 13 13
84 13 14
84 13 15
84 13 16
84 13 17
84 13 18
84 13 19
84 13 20
84 13 21
84 13 22
84 13 23
84 13 24
84 13 25
84 13 26
84 13 27
84 13 28
84 13 29
84 13 30
84 13 31
84 13 32
84 13 33
84 13 34
84 13 35
84 13 36
84 13 37
84 13 38
84 13 39
84 14 0
84 14 1
84 14 2
84 14 3
84 14 4
84 14 5
84 14 6
84 14 7
84 14 8
84 14 9
84 14 10
84 14 11
84 14 12
84 14 13
84 14 14
84 14 15
84 14 16
84 14 17
84 14 18
84 14 19
84 14 20
84 14 21
84 14 22
84 14 23
84 14 24
84 14 25
84 14 26
84 14 27
84 14 28
84 14 29
84 14 30
84 14 31
84 14 32
84 14 33
84 14 34
84 14 35
84 14 36
84 14 37
84 14 38
84 14 39
84 15 0
84 15 1
84 15 2
84 15 3
84 15 4
84 15 5
84 15 6
84 15 7
84 15 8
84 15 9
84 15 10
84 15 11
84 15 12
84 15 13
84 15 14
84 15 15
84 15 16
84 15 17
84 15 18
84 15 19
84 15 20
84 15 21
84 15 22
84 15 23
84 15 24
84 15 25
84 15 26
84 15 27
84 15 28
84 15 29
84 15 30
84 15 31
84 15 32
84 15 33
84 15 34
84 15 35
84 15 36
84 15 37
84 15 38
84 15 39
84 16 0
84 16 39
84 17 0
84 17 39
84 18 0
84 18 39
84 19 0
84 19 39
84 20 0
84 20 39
84 21 0
84 21 39
84 22 0
84 22 39
84 23 0
84 23 1
84 23 2
84 23 3
84 23 4
84 23 5
84 23 6
84 23 7
84 23 8
84 23 9
84 23 10
84 23 11
84 23 12
84 23 13
84 23 14
84 23 15
84 23 16
84 23 17
84 23 18
84 23 19
84 23 20
84 23 21
84 23 22
84 23 23
84 23 24
84 23 25
84 23 26
84 23 27
84 23 28
84 23 29
84 23 30
84 23 31
84 23 32
84 23 33
84 23 34
84 23 35
84 23 36
84 23 37
84 23 38
84 23 39
84 24 0
84 24 39
84 25 0
84 25 39
84 26 0
84 26 39
84 27 0
84 27 39
84 28 0
84 28 39
84 29 0
84 29 39
84 30 0
84 30 39
84 31 0
84 31 39
84 32 0
84 32 39
84 33 0
84 33 39
84 34 0
84 34 39
84 35 0
84 35 39
84 36 0
84 36 39
84 37 0
84 37 1
84 37 2
84 37 3
84 37 4
84 37 5
84 37 6
84 37 7
84 37 8
84 37 9
84 37 10
84 37 11
84 37 12
84 37 13
84 37 14
84 37 15
84 37 16
84 37 17
84 37 18
84 37 19
84 37 20
84 37 21
84 37 22
84 37 23
84 37 24
84 37 25
84 37 26
84 37 27
84 37 28
84 37 29
84 37 30
84 37 31
84 37 32
84 37 33
84 37 34
84 37 35
84 37 36
84 37 37
84 37 38
84 37 39
84 38 0
84 38 39
84 39 0
84 39 39
84 40 0
84 40 39
84 41 0
84 41 39
84 42 0
84 42 39
84 43 0
84 43 39
84 44 0
84 44 39
84 45 0
84 45 39
84 46 0
84 46 39
84 47 0
84 47 39
84 48 0
84 48 39
84 49 0
84 49 39
84 50 0
84 50 39
84 51 0
84 51 39
84 52 0
84 52 39
84 53 0
84 53 39
84 54 0
84 54 39
84 55 0
84 55 39
84 56 0
84 56 39
84 57 0
84 57 39
84 58 0
84 58 39
84 59 0
84 59 39
84 60 0
84 60 39
84 61 0
84 61 39
84 62 0
84 62 39
84 63 0
84 63 39
84 64 0
84 64 1
84 64 2
84 64 3
84 64 4
84 64 5
84 64 6
84 64 7
84 64 8
84 64 9
84 64 10
84 64 11
84 64 12
84 64 13
84 64 14
84 64 15
84 64 16
84 64 17
84 64 18
84 64 19
84 64 20
84 64 21
84 64 22
84 64 23
84 64 24
84 64 25
84 64 26
84 64 27
84 64 28
84 64 29
84 64 30
84 64 31
84 64 32
84 64 33
84 64 34
84 64 35
84 64 36
84 64 37
84 64 38
84 64 39
84 65 0
84 65 1
84 65 2
84 65 3
84 65 4
84 65 5
84 65 6
84 65 7
84 65 8
84 65 9
84 65 10
84 65 11
84 65 12
84 65 13
84 65 14
84 65 15
84 65 16
84 65 17
84 65 18
84 65 19
84 65 20
84 65 21
84 65 22
84 65 23
84 65 24
84 65 25
84 65 26
84 65 27
84 65 28
84 65 29
84 65 30
84 65 31
84 65 32
84 65 33
84 65 34
84 65 35
84 65 36
84 65 37
84 65 38
84 65 39
84 66 0
84 66 1
84 66 2
84 66 3
84 66 4
84 66 5
84 66 6
84 66 7
84 66 8
84 66 9
84 66 10
84 66 11
84 66 12
84 66 13
84 66 14
84 66 15
84 66 16
84 66 17
84 66 18
84 66 19
84 66 20
84 66 21
84 66 22
84 66 23
84 66 24
84 66 25
84 66 26
84 66 27
84 66 28
84 66 29
84 66 30
84 66 31
84 66 32
84 66 33
84 66 34
84 66 35
84 66 36
84 66 37
84 66 38
84 66 39
84 67 0
84 67 1
84 67 2
84 67 3
84 67 4
84 67 5
84 67 6
84 67 7
84 67 8
84 67 9
84 67 10
84 67 11
84 67 12
84 67 13
84 67 14
84 67 15
84 67 16
84 67 17
84 67 18
84 67 19
84 67 20
84 67 21
84 67 22
84 67 23
84 67 24
84 67 25
84 67 26
84 67 27
84 67 28
84 67 29
84 67 30
84 67 31
84 67 32
84 67 33
84 67 34
84 67 35
84 67 36
84 67 37
84 67 38
84 67 39
84 68 0
84 68 1
84 68 2
84 68 3
84 68 4
84 68 5
84 68 6
84 68 7
84 68 8
84 68 9
84 68 10
84 68 11
84 68 12
84 68 13
84 68 14
84 68 15
84 68 16
84 68 17
84 68 18
84 68 19
84 68 20
84 68 21
84 68 22
84 68 23
84 68 24
84 68 25
84 68 26
84 68 27
84 68 28
84 68 29
84 68 30
84 68 31
84 68 32
84 68 33
84 68 34
84 68 35
84 68 36
84 68 37
84 68 38
84 68 39
84 69 0
84 69 39
84 70 0
84 70 39
84 71 0
84 71 39
84 72 0
84 72 1
84 72 2
84 72 3
84 72 4
84 72 5
84 72 6
84 72 7
84 72 8
84 72 9
84 72 10
84 72 11
84 72 12
84 72 13
84 72 14
84 72 15
84 72 16
84 72 17
84 72 18
84 72 19
84 72 20
84 72 21
84 72 22
84 72 23
84 72 24
84 72 25
84 72 26
84 72 27
84 72 28
84 72 29
84 72 30
84 72 31
84 72 32
84 72 33
84 72 34
84 72 35
84 72 36
84 72 37
84 72 38
84 72 39
84 73 0
84 73 39
84 74 0
84 74 39
84 75 0
84 75 39
84 76 0
84 76 39
84 77 0
84 77 39
84 78 0
84 78 39
84 79 0
84 79 39
84 80 0
84 80 39
84 81 0
84 81 39
84 82 0
84 82 39
84 83 0
84 83 39
84 84 0
84 84 39
84 85 0
84 85 39
84 86 0
84 86 39
84 87 0
84 87 39
84 88 0
84 88 39
84 89 0
84 89 39
84 90 0
84 90 39
84 91 0
84 91 39
84 92 0
84 92 39
84 93 0
84 93 1
84 93 2
84 93 3
84 93 4
84 93 5
84 93 6
84 93 7
84 93 8
84 93 9
84 93 10
84 93 11
84 93 12
84 93 13
84 93 14
84 93 15
84 93 16
84 93 17
84 93 18
84 93 19
84 93 20
84 93 21
84 93 22
84 93 23
84 93 24
84 93 25
84 93 26
84 93 27
84 93 28
84 93 29
84 93 30
84 93 31
84 93 32
84 93 33
84 93 34
84 93 35
84 93 36
84 93 37
84 93 38
84 93 39
84 94 0
84 94 39
84 95 0
84 95 39
84 96 0
84 96 39
84 97 0
84 97 1
84 97 2
84 97 3
84 97 4
84 97 5
84 97 6
84 97 7
84 97 8
84 97 9
84 97 10
84 97 11
84 97 12
84 97 13
84 97 14
84 97 15
84 97 16
84 97 17
84 97 18
84 97 19
84 97 20
84 97 21
84 97 22
84 97 23
84 97 24
84 97 25
84 97 26
84 97 27
84 97 28
84 97 29
84 97 30
84 97 31
84 97 32
84 97 33
84 97 34
84 97 35
84 97 36
84 97 37
84 97 38
84 97 39
84 98 0
84 98 1
84 98 2
84 98 3
84 98 4
84 98 5
84 98 6
84 98 7
84 98 8
84 98 9
84 98 10
84 98 11
84 98 12
84 98 13
84 98 14
84 98 15
84 98 16
84 98 17
84 98 18
84 98 19
84 98 20
84 98 21
84 98 22
84 98 23
84 98 24
84 98 25
84 98 26
84 98 27
84 98 28
84 98 29
84 98 30
84 98 31
84 98 32
84 98 33
84 98 34
84 98 35
84 98 36
84 98 37
84 98 38
84 98 39
84 99 0
84 99 1
84 99 2
84 99 3
84 99 4
84 99 5
84 99 6
84 99 7
84 99 8
84 99 9
84 99 10
84 99 11
84 99 12
84 99 13
84 99 14
84 99 15
84 99 16
84 99 17
84 99 18
84 99 19
84 99 20
84 99 21
84 99 22
84 99 23
84 99 24
84 99 25
84 99 26
84 99 27
84 99 28
84 99 29
84 99 30
84 99 31
84 99 32
84 99 33
84 99 34
84 99 35
84 99 36
84 99 37
84 99 38
84 99 39
85 0 0
85 0 1
85 0 2
85 0 3
85 0 4
85 0 5
85 0 6
85 0 7
85 0 8
85 0 9
85 0 10
85 0 11
85 0 12
85 0 13
85 0 14
85 0 15
85 0 16
85 0 17
85 0 18
85 0 19
85 0 20
85 0 21
85 0 22
85 0 23
85 0 24
85 0 25
85 0 26
85 0 27
85 0 28
85 0 29
85 0 30
85 0 31
85 0 32
85 0 33
85 0 34
85 0 35
85 0 36
85 0 37
85 0 38
85 0 39
85 1 0
85 1 39
85 2 0
85 2 39
85 3 0
85 3 39
85 4 0
85 4 39
85 5 0
85 5 39
85 6 0
85 6 39
85 7 0
85 7 39
85 8 0
85 8 39
85 9 0
85 9 39
85 10 0
85 10 39
85 11 0
85 11 39
85 12 0
85 12 39
85 13 0
85 13 39
85 14 0
85 14 1
85 14 2
85 14 3
85 14 4
85 14 5
85 14 6
85 14 7
85 14 8
85 14 9
85 14 10
85 14 11
85 14 12
85 14 13
85 14 14
85 14 15
85 14 16
85 14 17
85 14 18
85 14 19
85 14 20
85 14 21
85 14 22
85 14 23
85 14 24
85 14 25
85 14 26
85 14 27
85 14 28
85 14 29
85 14 30
85 14 31
85 14 32
85 14 33
85 14 34
85 14 35
85 14 36
85 14 37
85 14 38
85 14 39
85 15 0
85 15 39
85 16 0
85 16 39
85 17 0
85 17 39
85 18 0
85 18 39
85 19 0
85 19 39
85 20 0
85 20 39
85 21 0
85 21 39
85 22 0
85 22 39
85 23 0
85 23 39
85 24 0
85 24 39
85 25 0
85 25 39
85 26 0
85 26 39
85 27 0
85 27 39
85 28 0
85 28 39
85 29 0
85 29 39
85 30 0
85 30 39
85 31 0
85 31 39
85 32 0
85 32 39
85 33 0
85 33 39
85 34 0
85 34 39
85 35 0
85 35 39
85 36 0
85 36 39
85 37 0
85 37 39
85 38 0
85 38 39
85 39 0
85 39 39
85 40 0
85 40 39
85 41 0
85 41 39
85 42 0
85 42 39
85 43 0
85 43 39
85 44 0
85 44 39
85 45 0
85 45 39
85 46 0
85 46 1
85 46 2
85 46 3
85 46 4
85 46 5
85 46 6
85 46 7
85 46 8
85 46 9
85 46 10
85 46 11
85 46 12
85 46 13
85 46 14
85 46 15
85 46 16
85 46 17
85 46 18
85 46 19
85 46 20
85 46 21
85 46 22
85 46 23
85 46 24
85 46 25
85 46 26
85 46 27
85 46 28
85 46 29
85 46 30
85 46 31
85 46 32
85 46 33
85 46 34
85 46 35
85 46 36
85 46 37
85 46 38
85 46 39
85 47 0
85 47 39
85 48 0
85 48 39
85 49 0
85 49 39
85 50 0
85 50 39
85 51 0
85 51 39
85 52 0
85 52 39
85 53 0
85 53 39
85 54 0
85 54 39
85 55 0
85 55 39
85 56 0
85 56 39
85 57 0
85 57 39
85 58 0
85 58 39
85 59 0
85 59 39
85 60 0
85 60 39
85 61 0
85 61 39
85 62 0
85 62 39
85 63 0
85 63 39
85 64 0
85 64 39
85 65 0
85 65 1
85 65 2
85 65 3
85 65 4
85 65 5
85 65 6
85 65 7
85 65 8
85 65 9
85 65 10
85 65 11
85 65 12
85 65 13
85 65 14
85 65 15
85 65 16
85 65 17
85 65 18
85 65 19
85 65 20
85 65 21
85 65 22
85 65 23
85 65 24
85 65 25
85 65 26
85 65 27
85 65 28
85 65 29
85 65 30
85 65 31
85 65 32
85 65 33
85 65 34
85 65 35
85 65 36
85 65 37
85 65 38
85 65 39
85 66 0
85 66 39
85 67 0
85 67 1
85 67 2
85 67 3
85 67 4
85 67 5
85 67 6
85 67 7
85 67 8
85 67 9
85 67 10
85 67 11
85 67 12
85 67 13
85 67 14
85 67 15
85 67 16
85 67 17
85 67 18
85 67 19
85 67 20
85 67 21
85 67 22
85 67 23
85 67 24
85 67 25
85 67 26
85 67 27
85 67 28
85 67 29
85 67 30
85 67 31
85 67 32
85 67 33
85 67 34
85 67 35
85 67 36
85 67 37
85 67 38
85 67 39
85 68 0
85 68 39
85 69 0
85 69 39
85 70 0
85 70 39
85 71 0
85 71 39
85 72 0
85 72 39
85 73 0
85 73 39
85 74 0
85 74 39
85 75 0
85 75 39
85 76 0
85 76 39
85 77 0
85 77 39
85 78 0
85 78 39
85 79 0
85 79 39
85 80 0
85 80 39
85 81 0
85 81 39
85 82 0
85 82 39
85 83 0
85 83 39
85 84 0
85 84 39
85 85 0
85 85 39
85 86 0
85 86 39
85 87 0
85 87 39
85 88 0
85 88 39
85 89 0
85 89 39
85 90 0
85 90 1
85 90 2
85 90 3
85 90 4
85 90 5
85 90 6
85 90 7
85 90 8
85 90 9
85 90 10
85 90 11
85 90 12
85 90 13
85 90 14
85 90 15
85 90 16
85 90 17
85 90 18
85 90 19
85 90 20
85 90 21
85 90 22
85 90 23
85 90 24
85 90 25
85 90 26
85 90 27
85 90 28
85 90 29
85 90 30
85 90 31
85 90 32
85 90 33
85 90 34
85 90 35
85 90 36
85 90 37
85 90 38
85 90 39
85 91 0
85 91 39
85 92 0
85 92 39
85 93 0
85 93 39
85 94 0
85 94 39
85 95 0
85 95 39
85 96 0
85 96 39
85 97 0
85 97 1
85 97 2
85 97 3
85 97 4
85 97 5
85 97 6
85 97 7
85 97 8
85 97 9
85 97 10
85 97 11
85 97 12
85 97 13
85 97 14
85 97 15
85 97 16
85 97 17
85 97 18
85 97 19
85 97 20
85 97 21
85 97 22
85 97 23
85 97 24
85 97 25
85 97 26
85 97 27
85 97 28
85 97 29
85 97 30
85 97 31
85 97 32
85 97 33
85 97 34
85 97 35
85 97 36
85 97 37
85 97 38
85 97 39
85 98 0
85 98 1
85 98 2
85 98 3
85 98 4
85 98 5
85 98 6
85 98 7
85 98 8
85 98 9
85 98 10
85 98 11
85 98 12
85 98 13
85 98 14
85 98 15
85 98 16
85 98 17
85 98 18
85 98 19
85 98 20
85 98 21
85 98 22
85 98 23
85 98 24
85 98 25
85 98 26
85 98 27
85 98 28
85 98 29
85 98 30
85 98 31
85 98 32
85 98 33
85 98 34
85 98 35
85 98 36
85 98 37
85 98 38
85 98 39
85 99 0
85 99 1
85 99 2
85 99 3
85 99 4
85 99 5
85 99 6
85 99 7
85 99 8
85 99 9
85 99 10
85 99 11
85 99 12
85 99 13
85 99 14
85 99 15
85 99 16
85 99 17
85 99 18
85 99 19
85 99 20
85 99 21
85 99 22
85 99 23
85 99 24
85 99 25
85 99 26
85 99 27
85 99 28
85 99 29
85 99 30
85 99 31
85 99 32
85 99 33
85 99 34
85 99 35
85 99 36
85 99 37
85 99 38
85 99 39
86 0 0
86 0 1
86 0 2
86 0 3
86 0 4
86 0 5
86 0 6
86 0 7
86 0 8
86 0 9
86 0 10
86 0 11
86 0 12
86 0 13
86 0 14
86 0 15
86 0 16
86 0 17
86 0 18
86 0 19
86 0 20
86 0 21
86 0 22
86 0 23
86 0 24
86 0 25
86 0 26
86 0 27
86 0 28
86 0 29
86 0 30
86 0 31
86 0 32
86 0 33
86 0 34
86 0 35
86 0 36
86 0 37
86 0 38
86 0 39
86 1 0
86 1 39
86 2 0
86 2 39
86 3 0
86 3 39
86 4 0
86 4 39
86 5 0
86 5 39
86 6 0
86 6 39
86 7 0
86 7 39
86 8 0
86 8 39
86 9 0
86 9 39
86 10 0
86 10 39
86 11 0
86 11 39
86 12 0
86 12 39
86 13 0
86 13 39
86 14 0
86 14 39
86 15 0
86 15 39
86 16 0
86 16 39
86 17 0
86 17 39
86 18 0
86 18 39
86 19 0
86 19 39
86 20 0
86 20 39
86 21 0
86 21 39
86 22 0
86 22 39
86 23 0
86 23 39
86 24 0
86 24 39
86 25 0
86 25 39
86 26 0
86 26 39
86 27 0
86 27 39
86 28 0
86 28 39
86 29 0
86 29 39
86 30 0
86 30 39
86 31 0
86 31 39
86 32 0
86 32 39
86 33 0
86 33 39
86 34 0
86 34 39
86 35 0
86 35 39
86 36 0
86 36 39
86 37 0
86 37 39
86 38 0
86 38 39
86 39 0
86 39 39
86 40 0
86 40 39
86 41 0
86 41 39
86 42 0
86 42 39
86 43 0
86 43 39
86 44 0
86 44 39
86 45 0
86 45 1
86 45 2
86 45 3
86 45 4
86 45 5
86 45 6
86 45 7
86 45 8
86 45 9
86 45 10
86 45 11
86 45 12
86 45 13
86 45 14
86 45 15
86 45 16
86 45 17
86 45 18
86 45 19
86 45 20
86 45 21
86 45 22
86 45 23
86 45 24
86 45 25
86 45 26
86 45 27
86 45 28
86 45 29
86 45 30
86 45 31
86 45 32
86 45 33
86 45 34
86 45 35
86 45 36
86 45 37
86 45 38
86 45 39
86 46 0
86 46 1
86 46 2
86 46 3
86 46 4
86 46 5
86 46 6
86 46 7
86 46 8
86 46 9
86 46 10
86 46 11
86 46 12
86 46 13
86 46 14
86 46 15
86 46 16
86 46 17
86 46 18
86 46 19
86 46 20
86 46 21
86 46 22
86 46 23
86 46 24
86 46 25
86 46 26
86 46 27
86 46 28
86 46 29
86 46 30
86 46 31
86 46 32
86 46 33
86 46 34
86 46 35
86 46 36
86 46 37
86 46 38
86 46 39
86 47 0
86 47 1
86 47 2
86 47 3
86 47 4
86 47 5
86 47 6
86 47 7
86 47 8
86 47 9
86 47 10
86 47 11
86 47 12
86 47 13
86 47 14
86 47 15
86 47 16
86 47 17
86 47 18
86 47 19
86 47 20
86 47 21
86 47 22
86 47 23
86 47 24
86 47 25
86 47 26
86 47 27
86 47 28
86 47 29
86 47 30
86 47 31
86 47 32
86 47 33
86 47 34
86 47 35
86 47 36
86 47 37
86 47 38
86 47 39
86 48 0
86 48 39
86 49 0
86 49 39
86 50 0
86 50 39
86 51 0
86 51 39
86 52 0
86 52 39
86 53 0
86 53 39
86 54 0
86 54 39
86 55 0
86 55 39
86 56 0
86 56 39
86 57 0
86 57 39
86 58 0
86 58 39
86 59 0
86 59 39
86 60 0
86 60 39
86 61 0
86 61 39
86 62 0
86 62 39
86 63 0
86 63 39
86 64 0
86 64 39
86 65 0
86 65 39
86 66 0
86 66 39
86 67 0
86 67 39
86 68 0
86 68 39
86 69 0
86 69 39
86 70 0
86 70 39
86 71 0
86 71 39
86 72 0
86 72 39
86 73 0
86 73 39
86 74 0
86 74 39
86 75 0
86 75 39
86 76 0
86 76 39
86 77 0
86 77 39
86 78 0
86 78 39
86 79 0
86 79 39
86 80 0
86 80 39
86 81 0
86 81 39
86 82 0
86 82 39
86 83 0
86 83 39
86 84 0
86 84 39
86 85 0
86 85 39
86 86 0
86 86 39
86 87 0
86 87 39
86 88 0
86 88 39
86 89 0
86 89 1
86 89 2
86 89 3
86 89 4
86 89 5
86 89 6
86 89 7
86 89 8
86 89 9
86 89 10
86 89 11
86 89 12
86 89 13
86 89 14
86 89 15
86 89 16
86 89 17
86 89 18
86 89 19
86 89 20
86 89 21
86 89 22
86 89 23
86 89 24
86 89 25
86 89 26
86 89 27
86 89 28
86 89 29
86 89 30
86 89 31
86 89 32
86 89 33
86 89 34
86 89 35
86 89 36
86 89 37
86 89 38
86 89 39
86 90 0
86 90 1
86 90 2
86 90 3
86 90 4
86 90 5
86 90 6
86 90 7
86 90 8
86 90 9
86 90 10
86 90 11
86 90 12
86 90 13
86 90 14
86 90 15
86 90 16
86 90 17
86 90 18
86 90 19
86 90 20
86 90 21
86 90 22
86 90 23
86 90 24
86 90 25
86 90 26
86 90 27
86 90 28
86 90 29
86 90 30
86 90 31
86 90 32
86 90 33
86 90 34
86 90 35
86 90 36
86 90 37
86 90 38
86 90 39
86 91 0
86 91 1
86 91 2
86 91 3
86 91 4
86 91 5
86 91 6
86 91 7
86 91 8
86 91 9
86 91 10
86 91 11
86 91 12
86 91 13
86 91 14
86 91 15
86 91 16
86 91 17
86 91 18
86 91 19
86 91 20
86 91 21
86 91 22
86 91 23
86 91 24
86 91 25
86 91 26
86 91 27
86 91 28
86 91 29
86 91 30
86 91 31
86 91 32
86 91 33
86 91 34
86 91 35
86 91 36
86 91 37
86 91 38
86 91 39
86 92 0
86 92 39
86 93 0
86 93 39
86 94 0
86 94 39
86 95 0
86 95 39
86 96 0
86 96 39
86 97 0
86 97 39
86 98 0
86 98 1
86 98 2
86 98 3
86 98 4
86 98 5
86 98 6
86 98 7
86 98 8
86 98 9
86 98 10
86 98 11
86 98 12
86 98 13
86 98 14
86 98 15
86 98 16
86 98 17
86 98 18
86 98 19
86 98 20
86 98 21
86 98 22
86 98 23
86 98 24
86 98 25
86 98 26
86 98 27
86 98 28
86 98 29
86 98 30
86 98 31
86 98 32
86 98 33
86 98 34
86 98 35
86 98 36
86 98 37
86 98 38
86 98 39
86 99 0
86 99 1
86 99 2
86 99 3
86 99 4
86 99 5
86 99 6
86 99 7
86 99 8
86 99 9
86 99 10
86 99 11
86 99 12
86 99 13
86 99 14
86 99 15
86 99 16
86 99 17
86 99 18
86 99 19
86 99 20
86 99 21
86 99 22
86 99 23
86 99 24
86 99 25
86 99 26
86 99 27
86 99 28
86 99 29
86 99 30
86 99 31
86 99 32
86 99 33
86 99 34
86 99 35
86 99 36
86 99 37
86 99 38
86 99 39
87 0 0
87 0 1
87 0 2
87 0 3
87 0 4
87 0 5
87 0 6
87 0 7
87 0 8
87 0 9
87 0 10
87 0 11
87 0 12
87 0 13
87 0 14
87 0 15
87 0 16
87 0 17
87 0 18
87 0 19
87 0 20
87 0 21
87 0 22
87 0 23
87 0 24
87 0 25
87 0 26
87 0 27
87 0 28
87 0 29
87 0 30
87 0 31
87 0 32
87 0 33
87 0 34
87 0 35
87 0 36
87 0 37
87 0 38
87 0 39
87 1 0
87 1 39
87 2 0
87 2 39
87 3 0
87 3 39
87 4 0
87 4 39
87 5 0
87 5 39
87 6 0
87 6 39
87 7 0
87 7 39
87 8 0
87 8 39
87 9 0
87 9 39
87 10 0
87 10 39
87 11 0
87 11 39
87 12 0
87 12 39
87 13 0
87 13 39
87 14 0
87 14 39
87 15 0
87 15 39
87 16 0
87 16 39
87 17 0
87 17 39
87 18 0
87 18 39
87 19 0
87 19 39
87 20 0
87 20 39
87 21 0
87 21 39
87 22 0
87 22 39
87 23 0
87 23 39
87 24 0
87 24 39
87 25 0
87 25 39
87 26 0
87 26 39
87 27 0
87 27 39
87 28 0
87 28 39
87 29 0
87 29 39
87 30 0
87 30 39
87 31 0
87 31 39
87 32 0
87 32 39
87 33 0
87 33 39
87 34 0
87 34 1
87 34 2
87 34 3
87 34 4
87 34 5
87 34 6
87 34 7
87 34 8
87 34 9
87 34 10
87 34 11
87 34 12
87 34 13
87 34 14
87 34 15
87 34 16
87 34 17
87 34 18
87 34 19
87 34 20
87 34 21
87 34 22
87 34 23
87 34 24
87 34 25
87 34 26
87 34 27
87 34 28
87 34 29
87 34 30
87 34 31
87 34 32
87 34 33
87 34 34
87 34 35
87 34 36
87 34 37
87 34 38
87 34 39
87 35 0
87 35 39
87 36 0
87 36 39
87 37 0
87 37 39
87 38 0
87 38 39
87 39 0
87 39 39
87 40 0
87 40 39
87 41 0
87 41 39
87 42 0
87 42 39
87 43 0
87 43 39
87 44 0
87 44 39
87 45 0
87 45 1
87 45 2
87 45 3
87 45 4
87 45 5
87 45 6
87 45 7
87 45 8
87 45 9
87 45 10
87 45 11
87 45 12
87 45 13
87 45 14
87 45 15
87 45 16
87 45 17
87 45 18
87 45 19
87 45 20
87 45 21
87 45 22
87 45 23
87 45 24
87 45 25
87 45 26
87 45 27
87 45 28
87 45 29
87 45 30
87 45 31
87 45 32
87 45 33
87 45 34
87 45 35
87 45 36
87 45 37
87 45 38
87 45 39
87 46 0
87 46 1
87 46 2
87 46 3
87 46 4
87 46 5
87 46 6
87 46 7
87 46 8
87 46 9
87 46 10
87 46 11
87 46 12
87 46 13
87 46 14
87 46 15
87 46 16
87 46 17
87 46 18
87 46 19
87 46 20
87 46 21
87 46 22
87 46 23
87 46 24
87 46 25
87 46 26
87 46 27
87 46 28
87 46 29
87 46 30
87 46 31
87 46 32
87 46 33
87 46 34
87 46 35
87 46 36
87 46 37
87 46 38
87 46 39
87 47 0
87 47 1
87 47 2
87 47 3
87 47 4
87 47 5
87 47 6
87 47 7
87 47 8
87 47 9
87 47 10
87 47 11
87 47 12
87 47 13
87 47 14
87 47 15
87 47 16
87 47 17
87 47 18
87 47 19
87 47 20
87 47 21
87 47 22
87 47 23
87 47 24
87 47 25
87 47 26
87 47 27
87 47 28
87 47 29
87 47 30
87 47 31
87 47 32
87 47 33
87 47 34
87 47 35
87 47 36
87 47 37
87 47 38
87 47 39
87 48 0
87 48 39
87 49 0
87 49 39
87 50 0
87 50 39
87 51 0
87 51 39
87 52 0
87 52 39
87 53 0
87 53 39
87 54 0
87 54 39
87 55 0
87 55 39
87 56 0
87 56 39
87 57 0
87 57 39
87 58 0
87 58 39
87 59 0
87 59 39
87 60 0
87 60 39
87 61 0
87 61 39
87 62 0
87 62 39
87 63 0
87 63 39
87 64 0
87 64 39
87 65 0
87 65 39
87 66 0
87 66 39
87 67 0
87 67 39
87 68 0
87 68 39
87 69 0
87 69 39
87 70 0
87 70 39
87 71 0
87 71 39
87 72 0
87 72 39
87 73 0
87 73 39
87 74 0
87 74 39
87 75 0
87 75 39
87 76 0
87 76 39
87 77 0
87 77 39
87 78 0
87 78 39
87 79 0
87 79 39
87 80 0
87 80 39
87 81 0
87 81 39
87 82 0
87 82 39
87 83 0
87 83 39
87 84 0
87 84 39
87 85 0
87 85 39
87 86 0
87 86 39
87 87 0
87 87 39
87 88 0
87 88 39
87 89 0
87 89 39
87 90 0
87 90 1
87 90 2
87 90 3
87 90 4
87 90 5
87 90 6
87 90 7
87 90 8
87 90 9
87 90 10
87 90 11
87 90 12
87 90 13
87 90 14
87 90 15
87 90 16
87 90 17
87 90 18
87 90 19
87 90 20
87 90 21
87 90 22
87 90 23
87 90 24
87 90 25
87 90 26
87 90 27
87 90 28
87 90 29
87 90 30
87 90 31
87 90 32
87 90 33
87 90 34
87 90 35
87 90 36
87 90 37
87 90 38
87 90 39
87 91 0
87 91 39
87 92 0
87 92 39
87 93 0
87 93 39
87 94 0
87 94 39
87 95 0
87 95 39
87 96 0
87 96 39
87 97 0
87 97 39
87 98 0
87 98 39
87 99 0
87 99 1
87 99 2
87 99 3
87 99 4
87 99 5
87 99 6
87 99 7
87 99 8
87 99 9
87 99 10
87 99 11
87 99 12
87 99 13
87 99 14
87 99 15
87 99 16
87 99 17
87 99 18
87 99 19
87 99 20
87 99 21
87 99 22
87 99 23
87 99 24
87 99 25
87 99 26
87 99 27
87 99 28
87 99 29
87 99 30
87 99 31
87 99 32
87 99 33
87 99 34
87 99 35
87 99 36
87 99 37
87 99 38
87 99 39
88 0 0
88 0 1
88 0 2
88 0 3
88 0 4
88 0 5
88 0 6
88 0 7
88 0 8
88 0 9
88 0 10
88 0 11
88 0 12
88 0 13
88 0 14
88 0 15
88 0 16
88 0 17
88 0 18
88 0 19
88 0 20
88 0 21
88 0 22
88 0 23
88 0 24
88 0 25
88 0 26
88 0 27
88 0 28
88 0 29
88 0 30
88 0 31
88 0 32
88 0 33
88 0 34
88 0 35
88 0 36
88 0 37
88 0 38
88 0 39
88 1 0
88 1 39
88 2 0
88 2 39
88 3 0
88 3 39
88 4 0
88 4 39
88 5 0
88 5 39
88 6 0
88 6 39
88 7 0
88 7 39
88 8 0
88 8 39
88 9 0
88 9 39
88 10 0
88 10 39
88 11 0
88 11 39
88 12 0
88 12 39
88 13 0
88 13 39
88 14 0
88 14 1
88 14 2
88 14 3
88 14 4
88 14 5
88 14 6
88 14 7
88 14 8
88 14 9
88 14 10
88 14 11
88 14 12
88 14 13
88 14 14
88 14 15
88 14 16
88 14 17
88 14 18
88 14 19
88 14 20
88 14 21
88 14 22
88 14 23
88 14 24
88 14 25
88 14 26
88 14 27
88 14 28
88 14 29
88 14 30
88 14 31
88 14 32
88 14 33
88 14 34
88 14 35
88 14 36
88 14 37
88 14 38
88 14 39
88 15 0
88 15 39
88 16 0
88 16 39
88 17 0
88 17 39
88 18 0
88 18 39
88 19 0
88 19 39
88 20 0
88 20 39
88 21 0
88 21 39
88 22 0
88 22 39
88 23 0
88 23 39
88 24 0
88 24 39
88 25 0
88 25 39
88 26 0
88 26 39
88 27 0
88 27 39
88 28 0
88 28 39
88 29 0
88 29 39
88 30 0
88 30 39
88 31 0
88 31 39
88 32 0
88 32 39
88 33 0
88 33 1
88 33 2
88 33 3
88 33 4
88 33 5
88 33 6
88 33 7
88 33 8
88 33 9
88 33 10
88 33 11
88 33 12
88 33 13
88 33 14
88 33 15
88 33 16
88 33 17
88 33 18
88 33 19
88 33 20
88 33 21
88 33 22
88 33 23
88 33 24
88 33 25
88 33 26
88 33 27
88 33 28
88 33 29
88 33 30
88 33 31
88 33 32
88 33 33
88 33 34
88 33 35
88 33 36
88 33 37
88 33 38
88 33 39
88 34 0
88 34 1
88 34 2
88 34 3
88 34 4
88 34 5
88 34 6
88 34 7
88 34 8
88 34 9
88 34 10
88 34 11
88 34 12
88 34 13
88 34 14
88 34 15
88 34 16
88 34 17
88 34 18
88 34 19
88 34 20
88 34 21
88 34 22
88 34 23
88 34 24
88 34 25
88 34 26
88 34 27
88 34 28
88 34 29
88 34 30
88 34 31
88 34 32
88 34 33
88 34 34
88 34 35
88 34 36
88 34 37
88 34 38
88 34 39
88 35 0
88 35 1
88 35 2
88 35 3
88 35 4
88 35 5
88 35 6
88 35 7
88 35 8
88 35 9
88 35 10
88 35 11
88 35 12
88 35 13
88 35 14
88 35 15
88 35 16
88 35 17
88 35 18
88 35 19
88 35 20
88 35 21
88 35 22
88 35 23
88 35 24
88 35 25
88 35 26
88 35 27
88 35 28
88 35 29
88 35 30
88 35 31
88 35 32
88 35 33
88 35 34
88 35 35
88 35 36
88 35 37
88 35 38
88 35 39
88 36 0
88 36 39
88 37 0
88 37 39
88 38 0
88 38 39
88 39 0
88 39 39
88 40 0
88 40 39
88 41 0
88 41 39
88 42 0
88 42 39
88 43 0
88 43 39
88 44 0
88 44 39
88 45 0
88 45 39
88 46 0
88 46 1
88 46 2
88 46 3
88 46 4
88 46 5
88 46 6
88 46 7
88 46 8
88 46 9
88 46 10
88 46 11
88 46 12
88 46 13
88 46 14
88 46 15
88 46 16
88 46 17
88 46 18
88 46 19
88 46 20
88 46 21
88 46 22
88 46 23
88 46 24
88 46 25
88 46 26
88 46 27
88 46 28
88 46 29
88 46 30
88 46 31
88 46 32
88 46 33
88 46 34
88 46 35
88 46 36
88 46 37
88 46 38
88 46 39
88 47 0
88 47 39
88 48 0
88 48 39
88 49 0
88 49 39
88 50 0
88 50 39
88 51 0
88 51 39
88 52 0
88 52 39
88 53 0
88 53 39
88 54 0
88 54 39
88 55 0
88 55 39
88 56 0
88 56 39
88 57 0
88 57 39
88 58 0
88 58 39
88 59 0
88 59 39
88 60 0
88 60 39
88 61 0
88 61 39
88 62 0
88 62 39
88 63 0
88 63 39
88 64 0
88 64 39
88 65 0
88 65 39
88 66 0
88 66 39
88 67 0
88 67 39
88 68 0
88 68 39
88 69 0
88 69 1
88 69 2
88 69 3
88 69 4
88 69 5
88 69 6
88 69 7
88 69 8
88 69 9
88 69 10
88 69 11
88 69 12
88 69 13
88 69 14
88 69 15
88 69 16
88 69 17
88 69 18
88 69 19
88 69 20
88 69 21
88 69 22
88 69 23
88 69 24
88 69 25
88 69 26
88 69 27
88 69 28
88 69 29
88 69 30
88 69 31
88 69 32
88 69 33
88 69 34
88 69 35
88 69 36
88 69 37
88 69 38
88 69 39
88 70 0
88 70 39
88 71 0
88 71 39
88 72 0
88 72 39
88 73 0
88 73 39
88 74 0
88 74 39
88 75 0
88 75 39
88 76 0
88 76 39
88 77 0
88 77 39
88 78 0
88 78 39
88 79 0
88 79 39
88 80 0
88 80 39
88 81 0
88 81 39
88 82 0
88 82 39
88 83 0
88 83 39
88 84 0
88 84 39
88 85 0
88 85 39
88 86 0
88 86 39
88 87 0
88 87 39
88 88 0
88 88 1
88 88 2
88 88 3
88 88 4
88 88 5
88 88 6
88 88 7
88 88 8
88 88 9
88 88 10
88 88 11
88 88 12
88 88 13
88 88 14
88 88 15
88 88 16
88 88 17
88 88 18
88 88 19
88 88 20
88 88 21
88 88 22
88 88 23
88 88 24
88 88 25
88 88 26
88 88 27
88 88 28
88 88 29
88 88 30
88 88 31
88 88 32
88 88 33
88 88 34
88 88 35
88 88 36
88 88 37
88 88 38
88 88 39
88 89 0
88 89 39
88 90 0
88 90 39
88 91 0
88 91 39
88 92 0
88 92 39
88 93 0
88 93 39
88 94 0
88 94 39
88 95 0
88 95 39
88 96 0
88 96 39
88 97 0
88 97 39
88 98 0
88 98 39
88 99 0
88 99 1
88 99 2
88 99 3
88 99 4
88 99 5
88 99 6
88 99 7
88 99 8
88 99 9
88 99 10
88 99 11
88 99 12
88 99 13
88 99 14
88 99 15
88 99 16
88 99 17
88 99 18
88 99 19
88 99 20
88 99 21
88 99 22
88 99 23
88 99 24
88 99 25
88 99 26
88 99 27
88 99 28
88 99 29
88 99 30
88 99 31
88 99 32
88 99 33
88 99 34
88 99 35
88 99 36
88 99 37
88 99 38
88 99 39
89 0 0
89 0 1
89 0 2
89 0 3
89 0 4
89 0 5
89 0 6
89 0 7
89 0 8
89 0 9
89 0 10
89 0 11
89 0 12
89 0 13
89 0 14
89 0 15
89 0 16
89 0 17
89 0 18
89 0 19
89 0 20
89 0 21
89 0 22
89 0 23
89 0 24
89 0 25
89 0 26
89 0 27
89 0 28
89 0 29
89 0 30
89 0 31
89 0 32
89 0 33
89 0 34
89 0 35
89 0 36
89 0 37
89 0 38
89 0 39
89 1 0
89 1 39
89 2 0
89 2 39
89 3 0
89 3 39
89 4 0
89 4 39
89 5 0
89 5 39
89 6 0
89 6 39
89 7 0
89 7 39
89 8 0
89 8 39
89 9 0
89 9 39
89 10 0
89 10 39
89 11 0
89 11 39
89 12 0
89 12 39
89 13 0
89 13 1
89 13 2
89 13 3
89 13 4
89 13 5
89 13 6
89 13 7
89 13 8
89 13 9
89 13 10
89 13 11
89 13 12
89 13 13
89 13 14
89 13 15
89 13 16
89 13 17
89 13 18
89 13 19
89 13 20
89 13 21
89 13 22
89 13 23
89 13 24
89 13 25
89 13 26
89 13 27
89 13 28
89 13 29
89 13 30
89 13 31
89 13 32
89 13 33
89 13 34
89 13 35
89 13 36
89 13 37
89 13 38
89 13 39
89 14 0
89 14 1
89 14 2
89 14 3
89 14 4
89 14 5
89 14 6
89 14 7
89 14 8
89 14 9
89 14 10
89 14 11
89 14 12
89 14 13
89 14 14
89 14 15
89 14 16
89 14 17
89 14 18
89 14 19
89 14 20
89 14 21
89 14 22
89 14 23
89 14 24
89 14 25
89 14 26
89 14 27
89 14 28
89 14 29
89 14 30
89 14 31
89 14 32
89 14 33
89 14 34
89 14 35
89 14 36
89 14 37
89 14 38
89 14 39
89 15 0
89 15 1
89 15 2
89 15 3
89 15 4
89 15 5
89 15 6
89 15 7
89 15 8
89 15 9
89 15 10
89 15 11
89 15 12
89 15 13
89 15 14
89 15 15
89 15 16
89 15 17
89 15 18
89 15 19
89 15 20
89 15 21
89 15 22
89 15 23
89 15 24
89 15 25
89 15 26
89 15 27
89 15 28
89 15 29
89 15 30
89 15 31
89 15 32
89 15 33
89 15 34
89 15 35
89 15 36
89 15 37
89 15 38
89 15 39
89 16 0
89 16 39
89 17 0
89 17 39
89 18 0
89 18 39
89 19 0
89 19 39
89 20 0
89 20 39
89 21 0
89 21 39
89 22 0
89 22 39
89 23 0
89 23 39
89 24 0
89 24 39
89 25 0
89 25 39
89 26 0
89 26 39
89 27 0
89 27 39
89 28 0
89 28 39
89 29 0
89 29 39
89 30 0
89 30 39
89 31 0
89 31 39
89 32 0
89 32 39
89 33 0
89 33 39
89 34 0
89 34 1
89 34 2
89 34 3
89 34 4
89 34 5
89 34 6
89 34 7
89 34 8
89 34 9
89 34 10
89 34 11
89 34 12
89 34 13
89 34 14
89 34 15
89 34 16
89 34 17
89 34 18
89 34 19
89 34 20
89 34 21
89 34 22
89 34 23
89 34 24
89 34 25
89 34 26
89 34 27
89 34 28
89 34 29
89 34 30
89 34 31
89 34 32
89 34 33
89 34 34
89 34 35
89 34 36
89 34 37
89 34 38
89 34 39
89 35 0
89 35 39
89 36 0
89 36 39
89 37 0
89 37 39
89 38 0
89 38 39
89 39 0
89 39 39
89 40 0
89 40 39
89 41 0
89 41 39
89 42 0
89 42 39
89 43 0
89 43 39
89 44 0
89 44 39
89 45 0
89 45 39
89 46 0
89 46 39
89 47 0
89 47 39
89 48 0
89 48 39
89 49 0
89 49 39
89 50 0
89 50 39
89 51 0
89 51 39
89 52 0
89 52 39
89 53 0
89 53 39
89 54 0
89 54 39
89 55 0
89 55 39
89 56 0
89 56 39
89 57 0
89 57 39
89 58 0
89 58 39
89 59 0
89 59 39
89 60 0
89 60 39
89 61 0
89 61 39
89 62 0
89 62 39
89 63 0
89 63 39
89 64 0
89 64 39
89 65 0
89 65 39
89 66 0
89 66 39
89 67 0
89 67 39
89 68 0
89 68 1
89 68 2
89 68 3
89 68 4
89 68 5
89 68 6
89 68 7
89 68 8
89 68 9
89 68 10
89 68 11
89 68 12
89 68 13
89 68 14
89 68 15
89 68 16
89 68 17
89 68 18
89 68 19
89 68 20
89 68 21
89 68 22
89 68 23
89 68 24
89 68 25
89 68 26
89 68 27
89 68 28
89 68 29
89 68 30
89 68 31
89 68 32
89 68 33
89 68 34
89 68 35
89 68 36
89 68 37
89 68 38
89 68 39
89 69 0
89 69 1
89 69 2
89 69 3
89 69 4
89 69 5
89 69 6
89 69 7
89 69 8
89 69 9
89 69 10
89 69 11
89 69 12
89 69 13
89 69 14
89 69 15
89 69 16
89 69 17
89 69 18
89 69 19
89 69 20
89 69 21
89 69 22
89 69 23
89 69 24
89 69 25
89 69 26
89 69 27
89 69 28
89 69 29
89 69 30
89 69 31
89 69 32
89 69 33
89 69 34
89 69 35
89 69 36
89 69 37
89 69 38
89 69 39
89 70 0
89 70 1
89 70 2
89 70 3
89 70 4
89 70 5
89 70 6
89 70 7
89 70 8
89 70 9
89 70 10
89 70 11
89 70 12
89 70 13
89 70 14
89 70 15
89 70 16
89 70 17
89 70 18
89 70 19
89 70 20
89 70 21
89 70 22
89 70 23
89 70 24
89 70 25
89 70 26
89 70 27
89 70 28
89 70 29
89 70 30
89 70 31
89 70 32
89 70 33
89 70 34
89 70 35
89 70 36
89 70 37
89 70 38
89 70 39
89 71 0
89 71 39
89 72 0
89 72 39
89 73 0
89 73 39
89 74 0
89 74 39
89 75 0
89 75 39
89 76 0
89 76 39
89 77 0
89 77 39
89 78 0
89 78 39
89 79 0
89 79 39
89 80 0
89 80 39
89 81 0
89 81 39
89 82 0
89 82 39
89 83 0
89 83 39
89 84 0
89 84 39
89 85 0
89 85 39
89 86 0
89 86 39
89 87 0
89 87 1
89 87 2
89 87 3
89 87 4
89 87 5
89 87 6
89 87 7
89 87 8
89 87 9
89 87 10
89 87 11
89 87 12
89 87 13
89 87 14
89 87 15
89 87 16
89 87 17
89 87 18
89 87 19
89 87 20
89 87 21
89 87 22
89 87 23
89 87 24
89 87 25
89 87 26
89 87 27
89 87 28
89 87 29
89 87 30
89 87 31
89 87 32
89 87 33
89 87 34
89 87 35
89 87 36
89 87 37
89 87 38
89 87 39
89 88 0
89 88 1
89 88 2
89 88 3
89 88 4
89 88 5
89 88 6
89 88 7
89 88 8
89 88 9
89 88 10
89 88 11
89 88 12
89 88 13
89 88 14
89 88 15
89 88 16
89 88 17
89 88 18
89 88 19
89 88 20
89 88 21
89 88 22
89 88 23
89 88 24
89 88 25
89 88 26
89 88 27
89 88 28
89 88 29
89 88 30
89 88 31
89 88 32
89 88 33
89 88 34
89 88 35
89 88 36
89 88 37
89 88 38
89 88 39
89 89 0
89 89 1
89 89 2
89 89 3
89 89 4
89 89 5
89 89 6
89 89 7
89 89 8
89 89 9
89 89 10
89 89 11
89 89 12
89 89 13
89 89 14
89 89 15
89 89 16
89 89 17
89 89 18
89 89 19
89 89 20
89 89 21
89 89 22
89 89 23
89 89 24
89 89 25
89 89 26
89 89 27
89 89 28
89 89 29
89 89 30
89 89 31
89 89 32
89 89 33
89 89 34
89 89 35
89 89 36
89 89 37
89 89 38
89 89 39
89 90 0
89 90 39
89 91 0
89 91 39
89 92 0
89 92 39
89 93 0
89 93 39
89 94 0
89 94 39
89 95 0
89 95 39
89 96 0
89 96 39
89 97 0
89 97 39
89 98 0
89 98 39
89 99 0
89 99 1
89 99 2
89 99 3
89 99 4
89 99 5
89 99 6
89 99 7
89 99 8
89 99 9
89 99 10
89 99 11
89 99 12
89 99 13
89 99 14
89 99 15
89 99 16
89 99 17
89 99 18
89 99 19
89 99 20
89 99 21
89 99 22
89 99 23
89 99 24
89 99 25
89 99 26
89 99 27
89 99 28
89 99 29
89 99 30
89 99 31
89 99 32
89 99 33
89 99 34
89 99 35
89 99 36
89 99 37
89 99 38
89 99 39
90 0 0
90 0 1
90 0 2
90 0 3
90 0 4
90 0 5
90 0 6
90 0 7
90 0 8
90 0 9
90 0 10
90 0 11
90 0 12
90 0 13
90 0 14
90 0 15
90 0 16
90 0 17
90 0 18
90 0 19
90 0 20
90 0 21
90 0 22
90 0 23
90 0 24
90 0 25
90 0 26
90 0 27
90 0 28
90 0 29
90 0 30
90 0 31
90 0 32
90 0 33
90 0 34
90 0 35
90 0 36
90 0 37
90 0 38
90 0 39
90 1 0
90 1 39
90 2 0
90 2 39
90 3 0
90 3 39
90 4 0
90 4 39
90 5 0
90 5 39
90 6 0
90 6 39
90 7 0
90 7 39
90 8 0
90 8 39
90 9 0
90 9 39
90 10 0
90 10 39
90 11 0
90 11 39
90 12 0
90 12 39
90 13 0
90 13 39
90 14 0
90 14 1
90 14 2
90 14 3
90 14 4
90 14 5
90 14 6
90 14 7
90 14 8
90 14 9
90 14 10
90 14 11
90 14 12
90 14 13
90 14 14
90 14 15
90 14 16
90 14 17
90 14 18
90 14 19
90 14 20
90 14 21
90 14 22
90 14 23
90 14 24
90 14 25
90 14 26
90 14 27
90 14 28
90 14 29
90 14 30
90 14 31
90 14 32
90 14 33
90 14 34
90 14 35
90 14 36
90 14 37
90 14 38
90 14 39
90 15 0
90 15 39
90 16 0
90 16 39
90 17 0
90 17 39
90 18 0
90 18 39
90 19 0
90 19 39
90 20 0
90 20 39
90 21 0
90 21 39
90 22 0
90 22 39
90 23 0
90 23 39
90 24 0
90 24 39
90 25 0
90 25 39
90 26 0
90 26 39
90 27 0
90 27 39
90 28 0
90 28 39
90 29 0
90 29 39
90 30 0
90 30 39
90 31 0
90 31 39
90 32 0
90 32 39
90 33 0
90 33 39
90 34 0
90 34 39
90 35 0
90 35 39
90 36 0
90 36 39
90 37 0
90 37 39
90 38 0
90 38 39
90 39 0
90 39 39
90 40 0
90 40 39
90 41 0
90 41 39
90 42 0
90 42 39
90 43 0
90 43 39
90 44 0
90 44 39
90 45 0
90 45 39
90 46 0
90 46 39
90 47 0
90 47 39
90 48 0
90 48 39
90 49 0
90 49 39
90 50 0
90 50 39
90 51 0
90 51 39
90 52 0
90 52 39
90 53 0
90 53 39
90 54 0
90 54 39
90 55 0
90 55 39
90 56 0
90 56 39
90 57 0
90 57 39
90 58 0
90 58 39
90 59 0
90 59 39
90 60 0
90 60 39
90 61 0
90 61 39
90 62 0
90 62 39
90 63 0
90 63 39
90 64 0
90 64 39
90 65 0
90 65 39
90 66 0
90 66 39
90 67 0
90 67 39
90 68 0
90 68 39
90 69 0
90 69 1
90 69 2
90 69 3
90 69 4
90 69 5
90 69 6
90 69 7
90 69 8
90 69 9
90 69 10
90 69 11
90 69 12
90 69 13
90 69 14
90 69 15
90 69 16
90 69 17
90 69 18
90 69 19
90 69 20
90 69 21
90 69 22
90 69 23
90 69 24
90 69 25
90 69 26
90 69 27
90 69 28
90 69 29
90 69 30
90 69 31
90 69 32
90 69 33
90 69 34
90 69 35
90 69 36
90 69 37
90 69 38
90 69 39
90 70 0
90 70 39
90 71 0
90 71 39
90 72 0
90 72 39
90 73 0
90 73 39
90 74 0
90 74 39
90 75 0
90 75 39
90 76 0
90 76 39
90 77 0
90 77 39
90 78 0
90 78 39
90 79 0
90 79 39
90 80 0
90 80 39
90 81 0
90 81 39
90 82 0
90 82 39
90 83 0
90 83 39
90 84 0
90 84 39
90 85 0
90 85 39
90 86 0
90 86 39
90 87 0
90 87 39
90 88 0
90 88 1
90 88 2
90 88 3
90 88 4
90 88 5
90 88 6
90 88 7
90 88 8
90 88 9
90 88 10
90 88 11
90 88 12
90 88 13
90 88 14
90 88 15
90 88 16
90 88 17
90 88 18
90 88 19
90 88 20
90 88 21
90 88 22
90 88 23
90 88 24
90 88 25
90 88 26
90 88 27
90 88 28
90 88 29
90 88 30
90 88 31
90 88 32
90 88 33
90 88 34
90 88 35
90 88 36
90 88 37
90 88 38
90 88 39
90 89 0
90 89 39
90 90 0
90 90 39
90 91 0
90 91 39
90 92 0
90 92 39
90 93 0
90 93 39
90 94 0
90 94 39
90 95 0
90 95 39
90 96 0
90 96 39
90 97 0
90 97 39
90 98 0
90 98 39
90 99 0
90 99 1
90 99 2
90 99 3
90 99 4
90 99 5
90 99 6
90 99 7
90 99 8
90 99 9
90 99 10
90 99 11
90 99 12
90 99 13
90 99 14
90 99 15
90 99 16
90 99 17
90 99 18
90 99 19
90 99 20
90 99 21
90 99 22
90 99 23
90 99 24
90 99 25
90 99 26
90 99 27
90 99 28
90 99 29
90 99 30
90 99 31
90 99 32
90 99 33
90 99 34
90 99 35
90 99 36
90 99 37
90 99 38
90 99 39
91 0 0
91 0 1
91 0 2
91 0 3
91 0 4
91 0 5
91 0 6
91 0 7
91 0 8
91 0 9
91 0 10
91 0 11
91 0 12
91 0 13
91 0 14
91 0 15
91 0 16
91 0 17
91 0 18
91 0 19
91 0 20
91 0 21
91 0 22
91 0 23
91 0 24
91 0 25
91 0 26
91 0 27
91 0 28
91 0 29
91 0 30
91 0 31
91 0 32
91 0 33
91 0 34
91 0 35
91 0 36
91 0 37
91 0 38
91 0 39
91 1 0
91 1 39
91 2 0
91 2 39
91 3 0
91 3 39
91 4 0
91 4 39
91 5 0
91 5 39
91 6 0
91 6 39
91 7 0
91 7 39
91 8 0
91 8 39
91 9 0
91 9 39
91 10 0
91 10 39
91 11 0
91 11 39
91 12 0
91 12 39
91 13 0
91 13 39
91 14 0
91 14 39
91 15 0
91 15 39
91 16 0
91 16 39
91 17 0
91 17 39
91 18 0
91 18 39
91 19 0
91 19 39
91 20 0
91 20 39
91 21 0
91 21 39
91 22 0
91 22 39
91 23 0
91 23 39
91 24 0
91 24 39
91 25 0
91 25 39
91 26 0
91 26 39
91 27 0
91 27 39
91 28 0
91 28 39
91 29 0
91 29 39
91 30 0
91 30 39
91 31 0
91 31 39
91 32 0
91 32 39
91 33 0
91 33 39
91 34 0
91 34 39
91 35 0
91 35 39
91 36 0
91 36 39
91 37 0
91 37 39
91 38 0
91 38 39
91 39 0
91 39 39
91 40 0
91 40 39
91 41 0
91 41 39
91 42 0
91 42 39
91 43 0
91 43 39
91 44 0
91 44 39
91 45 0
91 45 39
91 46 0
91 46 39
91 47 0
91 47 39
91 48 0
91 48 39
91 49 0
91 49 39
91 50 0
91 50 39
91 51 0
91 51 39
91 52 0
91 52 39
91 53 0
91 53 39
91 54 0
91 54 39
91 55 0
91 55 39
91 56 0
91 56 39
91 57 0
91 57 39
91 58 0
91 58 39
91 59 0
91 59 39
91 60 0
91 60 39
91 61 0
91 61 39
91 62 0
91 62 39
91 63 0
91 63 39
91 64 0
91 64 39
91 65 0
91 65 39
91 66 0
91 66 39
91 67 0
91 67 39
91 68 0
91 68 39
91 69 0
91 69 39
91 70 0
91 70 39
91 71 0
91 71 39
91 72 0
91 72 39
91 73 0
91 73 39
91 74 0
91 74 39
91 75 0
91 75 39
91 76 0
91 76 39
91 77 0
91 77 39
91 78 0
91 78 39
91 79 0
91 79 39
91 80 0
91 80 39
91 81 0
91 81 39
91 82 0
91 82 39
91 83 0
91 83 39
91 84 0
91 84 39
91 85 0
91 85 39
91 86 0
91 86 39
91 87 0
91 87 39
91 88 0
91 88 39
91 89 0
91 89 39
91 90 0
91 90 39
91 91 0
91 91 39
91 92 0
91 92 39
91 93 0
91 93 39
91 94 0
91 94 39
91 95 0
91 95 39
91 96 0
91 96 39
91 97 0
91 97 39
91 98 0
91 98 39
91 99 0
91 99 1
91 99 2
91 99 3
91 99 4
91 99 5
91 99 6
91 99 7
91 99 8
91 99 9
91 99 10
91 99 11
91 99 12
91 99 13
91 99 14
91 99 15
91 99 16
91 99 17
91 99 18
91 99 19
91 99 20
91 99 21
91 99 22
91 99 23
91 99 24
91 99 25
91 99 26
91 99 27
91 99 28
91 99 29
91 99 30
91 99 31
91 99 32
91 99 33
91 99 34
91 99 35
91 99 36
91 99 37
91 99 38
91 99 39
92 0 0
92 0 1
92 0 2
92 0 3
92 0 4
92 0 5
92 0 6
92 0 7
92 0 8
92 0 9
92 0 10
92 0 11
92 0 12
92 0 13
92 0 14
92 0 15
92 0 16
92 0 17
92 0 18
92 0 19
92 0 20
92 0 21
92 0 22
92 0 23
92 0 24
92 0 25
92 0 26
92 0 27
92 0 28
92 0 29
92 0 30
92 0 31
92 0 32
92 0 33
92 0 34
92 0 35
92 0 36
92 0 37
92 0 38
92 0 39
92 1 0
92 1 39
92 2 0
92 2 39
92 3 0
92 3 39
92 4 0
92 4 39
92 5 0
92 5 39
92 6 0
92 6 39
92 7 0
92 7 39
92 8 0
92 8 39
92 9 0
92 9 39
92 10 0
92 10 39
92 11 0
92 11 39
92 12 0
92 12 39
92 13 0
92 13 39
92 14 0
92 14 39
92 15 0
92 15 39
92 16 0
92 16 39
92 17 0
92 17 39
92 18 0
92 18 39
92 19 0
92 19 39
92 20 0
92 20 39
92 21 0
92 21 39
92 22 0
92 22 39
92 23 0
92 23 39
92 24 0
92 24 39
92 25 0
92 25 39
92 26 0
92 26 39
92 27 0
92 27 39
92 28 0
92 28 39
92 29 0
92 29 39
92 30 0
92 30 39
92 31 0
92 31 39
92 32 0
92 32 39
92 33 0
92 33 39
92 34 0
92 34 39
92 35 0
92 35 39
92 36 0
92 36 39
92 37 0
92 37 39
92 38 0
92 38 39
92 39 0
92 39 39
92 40 0
92 40 39
92 41 0
92 41 39
92 42 0
92 42 39
92 43 0
92 43 39
92 44 0
92 44 39
92 45 0
92 45 39
92 46 0
92 46 39
92 47 0
92 47 39
92 48 0
92 48 39
92 49 0
92 49 39
92 50 0
92 50 39
92 51 0
92 51 39
92 52 0
92 52 39
92 53 0
92 53 39
92 54 0
92 54 39
92 55 0
92 55 39
92 56 0
92 56 39
92 57 0
92 57 39
92 58 0
92 58 1
92 58 2
92 58 3
92 58 4
92 58 5
92 58 6
92 58 7
92 58 8
92 58 9
92 58 10
92 58 11
92 58 12
92 58 13
92 58 14
92 58 15
92 58 16
92 58 17
92 58 18
92 58 19
92 58 20
92 58 21
92 58 22
92 58 23
92 58 24
92 58 25
92 58 26
92 58 27
92 58 28
92 58 29
92 58 30
92 58 31
92 58 32
92 58 33
92 58 34
92 58 35
92 58 36
92 58 37
92 58 38
92 58 39
92 59 0
92 59 39
92 60 0
92 60 39
92 61 0
92 61 39
92 62 0
92 62 39
92 63 0
92 63 39
92 64 0
92 64 39
92 65 0
92 65 39
92 66 0
92 66 39
92 67 0
92 67 39
92 68 0
92 68 39
92 69 0
92 69 39
92 70 0
92 70 39
92 71 0
92 71 39
92 72 0
92 72 39
92 73 0
92 73 39
92 74 0
92 74 39
92 75 0
92 75 39
92 76 0
92 76 39
92 77 0
92 77 39
92 78 0
92 78 39
92 79 0
92 79 39
92 80 0
92 80 39
92 81 0
92 81 39
92 82 0
92 82 39
92 83 0
92 83 39
92 84 0
92 84 39
92 85 0
92 85 39
92 86 0
92 86 39
92 87 0
92 87 39
92 88 0
92 88 39
92 89 0
92 89 39
92 90 0
92 90 39
92 91 0
92 91 39
92 92 0
92 92 39
92 93 0
92 93 39
92 94 0
92 94 39
92 95 0
92 95 39
92 96 0
92 96 39
92 97 0
92 97 39
92 98 0
92 98 39
92 99 0
92 99 1
92 99 2
92 99 3
92 99 4
92 99 5
92 99 6
92 99 7
92 99 8
92 99 9
92 99 10
92 99 11
92 99 12
92 99 13
92 99 14
92 99 15
92 99 16
92 99 17
92 99 18
92 99 19
92 99 20
92 99 21
92 99 22
92 99 23
92 99 24
92 99 25
92 99 26
92 99 27
92 99 28
92 99 29
92 99 30
92 99 31
92 99 32
92 99 33
92 99 34
92 99 35
92 99 36
92 99 37
92 99 38
92 99 39
93 0 0
93 0 1
93 0 2
93 0 3
93 0 4
93 0 5
93 0 6
93 0 7
93 0 8
93 0 9
93 0 10
93 0 11
93 0 12
93 0 13
93 0 14
93 0 15
93 0 16
93 0 17
93 0 18
93 0 19
93 0 20
93 0 21
93 0 22
93 0 23
93 0 24
93 0 25
93 0 26
93 0 27
93 0 28
93 0 29
93 0 30
93 0 31
93 0 32
93 0 33
93 0 34
93 0 35
93 0 36
93 0 37
93 0 38
93 0 39
93 1 0
93 1 39
93 2 0
93 2 39
93 3 0
93 3 39
93 4 0
93 4 39
93 5 0
93 5 39
93 6 0
93 6 39
93 7 0
93 7 39
93 8 0
93 8 39
93 9 0
93 9 1
93 9 2
93 9 3
93 9 4
93 9 5
93 9 6
93 9 7
93 9 8
93 9 9
93 9 10
93 9 11
93 9 12
93 9 13
93 9 14
93 9 15
93 9 16
93 9 17
93 9 18
93 9 19
93 9 20
93 9 21
93 9 22
93 9 23
93 9 24
93 9 25
93 9 26
93 9 27
93 9 28
93 9 29
93 9 30
93 9 31
93 9 32
93 9 33
93 9 34
93 9 35
93 9 36
93 9 37
93 9 38
93 9 39
93 10 0
93 10 39
93 11 0
93 11 39
93 12 0
93 12 39
93 13 0
93 13 39
93 14 0
93 14 39
93 15 0
93 15 39
93 16 0
93 16 39
93 17 0
93 17 39
93 18 0
93 18 39
93 19 0
93 19 39
93 20 0
93 20 39
93 21 0
93 21 39
93 22 0
93 22 39
93 23 0
93 23 39
93 24 0
93 24 39
93 25 0
93 25 39
93 26 0
93 26 39
93 27 0
93 27 39
93 28 0
93 28 39
93 29 0
93 29 39
93 30 0
93 30 39
93 31 0
93 31 39
93 32 0
93 32 39
93 33 0
93 33 39
93 34 0
93 34 39
93 35 0
93 35 39
93 36 0
93 36 39
93 37 0
93 37 39
93 38 0
93 38 39
93 39 0
93 39 39
93 40 0
93 40 39
93 41 0
93 41 39
93 42 0
93 42 39
93 43 0
93 43 39
93 44 0
93 44 39
93 45 0
93 45 39
93 46 0
93 46 39
93 47 0
93 47 39
93 48 0
93 48 39
93 49 0
93 49 39
93 50 0
93 50 39
93 51 0
93 51 39
93 52 0
93 52 39
93 53 0
93 53 39
93 54 0
93 54 39
93 55 0
93 55 39
93 56 0
93 56 39
93 57 0
93 57 1
93 57 2
93 57 3
93 57 4
93 57 5
93 57 6
93 57 7
93 57 8
93 57 9
93 57 10
93 57 11
93 57 12
93 57 13
93 57 14
93 57 15
93 57 16
93 57 17
93 57 18
93 57 19
93 57 20
93 57 21
93 57 22
93 57 23
93 57 24
93 57 25
93 57 26
93 57 27
93 57 28
93 57 29
93 57 30
93 57 31
93 57 32
93 57 33
93 57 34
93 57 35
93 57 36
93 57 37
93 57 38
93 57 39
93 58 0
93 58 1
93 58 2
93 58 3
93 58 4
93 58 5
93 58 6
93 58 7
93 58 8
93 58 9
93 58 10
93 58 11
93 58 12
93 58 13
93 58 14
93 58 15
93 58 16
93 58 17
93 58 18
93 58 19
93 58 20
93 58 21
93 58 22
93 58 23
93 58 24
93 58 25
93 58 26
93 58 27
93 58 28
93 58 29
93 58 30
93 58 31
93 58 32
93 58 33
93 58 34
93 58 35
93 58 36
93 58 37
93 58 38
93 58 39
93 59 0
93 59 1
93 59 2
93 59 3
93 59 4
93 59 5
93 59 6
93 59 7
93 59 8
93 59 9
93 59 10
93 59 11
93 59 12
93 59 13
93 59 14
93 59 15
93 59 16
93 59 17
93 59 18
93 59 19
93 59 20
93 59 21
93 59 22
93 59 23
93 59 24
93 59 25
93 59 26
93 59 27
93 59 28
93 59 29
93 59 30
93 59 31
93 59 32
93 59 33
93 59 34
93 59 35
93 59 36
93 59 37
93 59 38
93 59 39
93 60 0
93 60 39
93 61 0
93 61 39
93 62 0
93 62 39
93 63 0
93 63 39
93 64 0
93 64 39
93 65 0
93 65 39
93 66 0
93 66 39
93 67 0
93 67 39
93 68 0
93 68 39
93 69 0
93 69 39
93 70 0
93 70 39
93 71 0
93 71 39
93 72 0
93 72 39
93 73 0
93 73 39
93 74 0
93 74 39
93 75 0
93 75 39
93 76 0
93 76 39
93 77 0
93 77 39
93 78 0
93 78 39
93 79 0
93 79 39
93 80 0
93 80 39
93 81 0
93 81 39
93 82 0
93 82 39
93 83 0
93 83 39
93 84 0
93 84 39
93 85 0
93 85 39
93 86 0
93 86 39
93 87 0
93 87 39
93 88 0
93 88 39
93 89 0
93 89 39
93 90 0
93 90 39
93 91 0
93 91 39
93 92 0
93 92 39
93 93 0
93 93 39
93 94 0
93 94 39
93 95 0
93 95 39
93 96 0
93 96 39
93 97 0
93 97 39
93 98 0
93 98 39
93 99 0
93 99 1
93 99 2
93 99 3
93 99 4
93 99 5
93 99 6
93 99 7
93 99 8
93 99 9
93 99 10
93 99 11
93 99 12
93 99 13
93 99 14
93 99 15
93 99 16
93 99 17
93 99 18
93 99 19
93 99 20
93 99 21
93 99 22
93 99 23
93 99 24
93 99 25
93 99 26
93 99 27
93 99 28
93 99 29
93 99 30
93 99 31
93 99 32
93 99 33
93 99 34
93 99 35
93 99 36
93 99 37
93 99 38
93 99 39
94 0 0
94 0 1
94 0 2
94 0 3
94 0 4
94 0 5
94 0 6
94 0 7
94 0 8
94 0 9
94 0 10
94 0 11
94 0 12
94 0 13
94 0 14
94 0 15
94 0 16
94 0 17
94 0 18
94 0 19
94 0 20
94 0 21
94 0 22
94 0 23
94 0 24
94 0 25
94 0 26
94 0 27
94 0 28
94 0 29
94 0 30
94 0 31
94 0 32
94 0 33
94 0 34
94 0 35
94 0 36
94 0 37
94 0 38
94 0 39
94 1 0
94 1 39
94 2 0
94 2 39
94 3 0
94 3 39
94 4 0
94 4 39
94 5 0
94 5 39
94 6 0
94 6 39
94 7 0
94 7 39
94 8 0
94 8 1
94 8 2
94 8 3
94 8 4
94 8 5
94 8 6
94 8 7
94 8 8
94 8 9
94 8 10
94 8 11
94 8 12
94 8 13
94 8 14
94 8 15
94 8 16
94 8 17
94 8 18
94 8 19
94 8 20
94 8 21
94 8 22
94 8 23
94 8 24
94 8 25
94 8 26
94 8 27
94 8 28
94 8 29
94 8 30
94 8 31
94 8 32
94 8 33
94 8 34
94 8 35
94 8 36
94 8 37
94 8 38
94 8 39
94 9 0
94 9 1
94 9 2
94 9 3
94 9 4
94 9 5
94 9 6
94 9 7
94 9 8
94 9 9
94 9 10
94 9 11
94 9 12
94 9 13
94 9 14
94 9 15
94 9 16
94 9 17
94 9 18
94 9 19
94 9 20
94 9 21
94 9 22
94 9 23
94 9 24
94 9 25
94 9 26
94 9 27
94 9 28
94 9 29
94 9 30
94 9 31
94 9 32
94 9 33
94 9 34
94 9 35
94 9 36
94 9 37
94 9 38
94 9 39
94 10 0
94 10 1
94 10 2
94 10 3
94 10 4
94 10 5
94 10 6
94 10 7
94 10 8
94 10 9
94 10 10
94 10 11
94 10 12
94 10 13
94 10 14
94 10 15
94 10 16
94 10 17
94 10 18
94 10 19
94 10 20
94 10 21
94 10 22
94 10 23
94 10 24
94 10 25
94 10 26
94 10 27
94 10 28
94 10 29
94 10 30
94 10 31
94 10 32
94 10 33
94 10 34
94 10 35
94 10 36
94 10 37
94 10 38
94 10 39
94 11 0
94 11 39
94 12 0
94 12 39
94 13 0
94 13 39
94 14 0
94 14 39
94 15 0
94 15 39
94 16 0
94 16 39
94 17 0
94 17 39
94 18 0
94 18 39
94 19 0
94 19 39
94 20 0
94 20 39
94 21 0
94 21 39
94 22 0
94 22 39
94 23 0
94 23 39
94 24 0
94 24 39
94 25 0
94 25 39
94 26 0
94 26 39
94 27 0
94 27 39
94 28 0
94 28 39
94 29 0
94 29 39
94 30 0
94 30 39
94 31 0
94 31 39
94 32 0
94 32 39
94 33 0
94 33 1
94 33 2
94 33 3
94 33 4
94 33 5
94 33 6
94 33 7
94 33 8
94 33 9
94 33 10
94 33 11
94 33 12
94 33 13
94 33 14
94 33 15
94 33 16
94 33 17
94 33 18
94 33 19
94 33 20
94 33 21
94 33 22
94 33 23
94 33 24
94 33 25
94 33 26
94 33 27
94 33 28
94 33 29
94 33 30
94 33 31
94 33 32
94 33 33
94 33 34
94 33 35
94 33 36
94 33 37
94 33 38
94 33 39
94 34 0
94 34 39
94 35 0
94 35 39
94 36 0
94 36 39
94 37 0
94 37 39
94 38 0
94 38 39
94 39 0
94 39 39
94 40 0
94 40 39
94 41 0
94 41 1
94 41 2
94 41 3
94 41 4
94 41 5
94 41 6
94 41 7
94 41 8
94 41 9
94 41 10
94 41 11
94 41 12
94 41 13
94 41 14
94 41 15
94 41 16
94 41 17
94 41 18
94 41 19
94 41 20
94 41 21
94 41 22
94 41 23
94 41 24
94 41 25
94 41 26
94 41 27
94 41 28
94 41 29
94 41 30
94 41 31
94 41 32
94 41 33
94 41 34
94 41 35
94 41 36
94 41 37
94 41 38
94 41 39
94 42 0
94 42 39
94 43 0
94 43 39
94 44 0
94 44 39
94 45 0
94 45 39
94 46 0
94 46 39
94 47 0
94 47 39
94 48 0
94 48 39
94 49 0
94 49 39
94 50 0
94 50 39
94 51 0
94 51 39
94 52 0
94 52 39
94 53 0
94 53 39
94 54 0
94 54 39
94 55 0
94 55 39
94 56 0
94 56 39
94 57 0
94 57 39
94 58 0
94 58 1
94 58 2
94 58 3
94 58 4
94 58 5
94 58 6
94 58 7
94 58 8
94 58 9
94 58 10
94 58 11
94 58 12
94 58 13
94 58 14
94 58 15
94 58 16
94 58 17
94 58 18
94 58 19
94 58 20
94 58 21
94 58 22
94 58 23
94 58 24
94 58 25
94 58 26
94 58 27
94 58 28
94 58 29
94 58 30
94 58 31
94 58 32
94 58 33
94 58 34
94 58 35
94 58 36
94 58 37
94 58 38
94 58 39
94 59 0
94 59 1
94 59 2
94 59 3
94 59 4
94 59 5
94 59 6
94 59 7
94 59 8
94 59 9
94 59 10
94 59 11
94 59 12
94 59 13
94 59 14
94 59 15
94 59 16
94 59 17
94 59 18
94 59 19
94 59 20
94 59 21
94 59 22
94 59 23
94 59 24
94 59 25
94 59 26
94 59 27
94 59 28
94 59 29
94 59 30
94 59 31
94 59 32
94 59 33
94 59 34
94 59 35
94 59 36
94 59 37
94 59 38
94 59 39
94 60 0
94 60 1
94 60 2
94 60 3
94 60 4
94 60 5
94 60 6
94 60 7
94 60 8
94 60 9
94 60 10
94 60 11
94 60 12
94 60 13
94 60 14
94 60 15
94 60 16
94 60 17
94 60 18
94 60 19
94 60 20
94 60 21
94 60 22
94 60 23
94 60 24
94 60 25
94 60 26
94 60 27
94 60 28
94 60 29
94 60 30
94 60 31
94 60 32
94 60 33
94 60 34
94 60 35
94 60 36
94 60 37
94 60 38
94 60 39
94 61 0
94 61 39
94 62 0
94 62 39
94 63 0
94 63 39
94 64 0
94 64 39
94 65 0
94 65 39
94 66 0
94 66 39
94 67 0
94 67 39
94 68 0
94 68 39
94 69 0
94 69 39
94 70 0
94 70 39
94 71 0
94 71 1
94 71 2
94 71 3
94 71 4
94 71 5
94 71 6
94 71 7
94 71 8
94 71 9
94 71 10
94 71 11
94 71 12
94 71 13
94 71 14
94 71 15
94 71 16
94 71 17
94 71 18
94 71 19
94 71 20
94 71 21
94 71 22
94 71 23
94 71 24
94 71 25
94 71 26
94 71 27
94 71 28
94 71 29
94 71 30
94 71 31
94 71 32
94 71 33
94 71 34
94 71 35
94 71 36
94 71 37
94 71 38
94 71 39
94 72 0
94 72 39
94 73 0
94 73 39
94 74 0
94 74 39
94 75 0
94 75 39
94 76 0
94 76 39
94 77 0
94 77 39
94 78 0
94 78 39
94 79 0
94 79 39
94 80 0
94 80 39
94 81 0
94 81 39
94 82 0
94 82 39
94 83 0
94 83 39
94 84 0
94 84 39
94 85 0
94 85 39
94 86 0
94 86 39
94 87 0
94 87 39
94 88 0
94 88 39
94 89 0
94 89 39
94 90 0
94 90 39
94 91 0
94 91 39
94 92 0
94 92 39
94 93 0
94 93 39
94 94 0
94 94 39
94 95 0
94 95 39
94 96 0
94 96 39
94 97 0
94 97 39
94 98 0
94 98 39
94 99 0
94 99 1
94 99 2
94 99 3
94 99 4
94 99 5
94 99 6
94 99 7
94 99 8
94 99 9
94 99 10
94 99 11
94 99 12
94 99 13
94 99 14
94 99 15
94 99 16
94 99 17
94 99 18
94 99 19
94 99 20
94 99 21
94 99 22
94 99 23
94 99 24
94 99 25
94 99 26
94 99 27
94 99 28
94 99 29
94 99 30
94 99 31
94 99 32
94 99 33
94 99 34
94 99 35
94 99 36
94 99 37
94 99 38
94 99 39
95 0 0
95 0 1
95 0 2
95 0 3
95 0 4
95 0 5
95 0 6
95 0 7
95 0 8
95 0 9
95 0 10
95 0 11
95 0 12
95 0 13
95 0 14
95 0 15
95 0 16
95 0 17
95 0 18
95 0 19
95 0 20
95 0 21
95 0 22
95 0 23
95 0 24
95 0 25
95 0 26
95 0 27
95 0 28
95 0 29
95 0 30
95 0 31
95 0 32
95 0 33
95 0 34
95 0 35
95 0 36
95 0 37
95 0 38
95 0 39
95 1 0
95 1 39
95 2 0
95 2 39
95 3 0
95 3 39
95 4 0
95 4 39
95 5 0
95 5 39
95 6 0
95 6 39
95 7 0
95 7 39
95 8 0
95 8 39
95 9 0
95 9 1
95 9 2
95 9 3
95 9 4
95 9 5
95 9 6
95 9 7
95 9 8
95 9 9
95 9 10
95 9 11
95 9 12
95 9 13
95 9 14
95 9 15
95 9 16
95 9 17
95 9 18
95 9 19
95 9 20
95 9 21
95 9 22
95 9 23
95 9 24
95 9 25
95 9 26
95 9 27
95 9 28
95 9 29
95 9 30
95 9 31
95 9 32
95 9 33
95 9 34
95 9 35
95 9 36
95 9 37
95 9 38
95 9 39
95 10 0
95 10 39
95 11 0
95 11 39
95 12 0
95 12 39
95 13 0
95 13 39
95 14 0
95 14 39
95 15 0
95 15 39
95 16 0
95 16 39
95 17 0
95 17 39
95 18 0
95 18 39
95 19 0
95 19 39
95 20 0
95 20 39
95 21 0
95 21 39
95 22 0
95 22 39
95 23 0
95 23 39
95 24 0
95 24 39
95 25 0
95 25 39
95 26 0
95 26 39
95 27 0
95 27 39
95 28 0
95 28 39
95 29 0
95 29 39
95 30 0
95 30 39
95 31 0
95 31 39
95 32 0
95 32 1
95 32 2
95 32 3
95 32 4
95 32 5
95 32 6
95 32 7
95 32 8
95 32 9
95 32 10
95 32 11
95 32 12
95 32 13
95 32 14
95 32 15
95 32 16
95 32 17
95 32 18
95 32 19
95 32 20
95 32 21
95 32 22
95 32 23
95 32 24
95 32 25
95 32 26
95 32 27
95 32 28
95 32 29
95 32 30
95 32 31
95 32 32
95 32 33
95 32 34
95 32 35
95 32 36
95 32 37
95 32 38
95 32 39
95 33 0
95 33 1
95 33 2
95 33 3
95 33 4
95 33 5
95 33 6
95 33 7
95 33 8
95 33 9
95 33 10
95 33 11
95 33 12
95 33 13
95 33 14
95 33 15
95 33 16
95 33 17
95 33 18
95 33 19
95 33 20
95 33 21
95 33 22
95 33 23
95 33 24
95 33 25
95 33 26
95 33 27
95 33 28
95 33 29
95 33 30
95 33 31
95 33 32
95 33 33
95 33 34
95 33 35
95 33 36
95 33 37
95 33 38
95 33 39
95 34 0
95 34 1
95 34 2
95 34 3
95 34 4
95 34 5
95 34 6
95 34 7
95 34 8
95 34 9
95 34 10
95 34 11
95 34 12
95 34 13
95 34 14
95 34 15
95 34 16
95 34 17
95 34 18
95 34 19
95 34 20
95 34 21
95 34 22
95 34 23
95 34 24
95 34 25
95 34 26
95 34 27
95 34 28
95 34 29
95 34 30
95 34 31
95 34 32
95 34 33
95 34 34
95 34 35
95 34 36
95 34 37
95 34 38
95 34 39
95 35 0
95 35 39
95 36 0
95 36 39
95 37 0
95 37 39
95 38 0
95 38 1
95 38 2
95 38 3
95 38 4
95 38 5
95 38 6
95 38 7
95 38 8
95 38 9
95 38 10
95 38 11
95 38 12
95 38 13
95 38 14
95 38 15
95 38 16
95 38 17
95 38 18
95 38 19
95 38 20
95 38 21
95 38 22
95 38 23
95 38 24
95 38 25
95 38 26
95 38 27
95 38 28
95 38 29
95 38 30
95 38 31
95 38 32
95 38 33
95 38 34
95 38 35
95 38 36
95 38 37
95 38 38
95 38 39
95 39 0
95 39 39
95 40 0
95 40 1
95 40 2
95 40 3
95 40 4
95 40 5
95 40 6
95 40 7
95 40 8
95 40 9
95 40 10
95 40 11
95 40 12
95 40 13
95 40 14
95 40 15
95 40 16
95 40 17
95 40 18
95 40 19
95 40 20
95 40 21
95 40 22
95 40 23
95 40 24
95 40 25
95 40 26
95 40 27
95 40 28
95 40 29
95 40 30
95 40 31
95 40 32
95 40 33
95 40 34
95 40 35
95 40 36
95 40 37
95 40 38
95 40 39
95 41 0
95 41 1
95 41 2
95 41 3
95 41 4
95 41 5
95 41 6
95 41 7
95 41 8
95 41 9
95 41 10
95 41 11
95 41 12
95 41 13
95 41 14
95 41 15
95 41 16
95 41 17
95 41 18
95 41 19
95 41 20
95 41 21
95 41 22
95 41 23
95 41 24
95 41 25
95 41 26
95 41 27
95 41 28
95 41 29
95 41 30
95 41 31
95 41 32
95 41 33
95 41 34
95 41 35
95 41 36
95 41 37
95 41 38
95 41 39
95 42 0
95 42 1
95 42 2
95 42 3
95 42 4
95 42 5
95 42 6
95 42 7
95 42 8
95 42 9
95 42 10
95 42 11
95 42 12
95 42 13
95 42 14
95 42 15
95 42 16
95 42 17
95 42 18
95 42 19
95 42 20
95 42 21
95 42 22
95 42 23
95 42 24
95 42 25
95 42 26
95 42 27
95 42 28
95 42 29
95 42 30
95 42 31
95 42 32
95 42 33
95 42 34
95 42 35
95 42 36
95 42 37
95 42 38
95 42 39
95 43 0
95 43 39
95 44 0
95 44 39
95 45 0
95 45 39
95 46 0
95 46 39
95 47 0
95 47 39
95 48 0
95 48 39
95 49 0
95 49 39
95 50 0
95 50 39
95 51 0
95 51 39
95 52 0
95 52 39
95 53 0
95 53 39
95 54 0
95 54 39
95 55 0
95 55 39
95 56 0
95 56 39
95 57 0
95 57 39
95 58 0
95 58 39
95 59 0
95 59 1
95 59 2
95 59 3
95 59 4
95 59 5
95 59 6
95 59 7
95 59 8
95 59 9
95 59 10
95 59 11
95 59 12
95 59 13
95 59 14
95 59 15
95 59 16
95 59 17
95 59 18
95 59 19
95 59 20
95 59 21
95 59 22
95 59 23
95 59 24
95 59 25
95 59 26
95 59 27
95 59 28
95 59 29
95 59 30
95 59 31
95 59 32
95 59 33
95 59 34
95 59 35
95 59 36
95 59 37
95 59 38
95 59 39
95 60 0
95 60 39
95 61 0
95 61 39
95 62 0
95 62 39
95 63 0
95 63 39
95 64 0
95 64 39
95 65 0
95 65 39
95 66 0
95 66 39
95 67 0
95 67 39
95 68 0
95 68 39
95 69 0
95 69 39
95 70 0
95 70 1
95 70 2
95 70 3
95 70 4
95 70 5
95 70 6
95 70 7
95 70 8
95 70 9
95 70 10
95 70 11
95 70 12
95 70 13
95 70 14
95 70 15
95 70 16
95 70 17
95 70 18
95 70 19
95 70 20
95 70 21
95 70 22
95 70 23
95 70 24
95 70 25
95 70 26
95 70 27
95 70 28
95 70 29
95 70 30
95 70 31
95 70 32
95 70 33
95 70 34
95 70 35
95 70 36
95 70 37
95 70 38
95 70 39
95 71 0
95 71 1
95 71 2
95 71 3
95 71 4
95 71 5
95 71 6
95 71 7
95 71 8
95 71 9
95 71 10
95 71 11
95 71 12
95 71 13
95 71 14
95 71 15
95 71 16
95 71 17
95 71 18
95 71 19
95 71 20
95 71 21
95 71 22
95 71 23
95 71 24
95 71 25
95 71 26
95 71 27
95 71 28
95 71 29
95 71 30
95 71 31
95 71 32
95 71 33
95 71 34
95 71 35
95 71 36
95 71 37
95 71 38
95 71 39
95 72 0
95 72 1
95 72 2
95 72 3
95 72 4
95 72 5
95 72 6
95 72 7
95 72 8
95 72 9
95 72 10
95 72 11
95 72 12
95 72 13
95 72 14
95 72 15
95 72 16
95 72 17
95 72 18
95 72 19
95 72 20
95 72 21
95 72 22
95 72 23
95 72 24
95 72 25
95 72 26
95 72 27
95 72 28
95 72 29
95 72 30
95 72 31
95 72 32
95 72 33
95 72 34
95 72 35
95 72 36
95 72 37
95 72 38
95 72 39
95 73 0
95 73 39
95 74 0
95 74 39
95 75 0
95 75 39
95 76 0
95 76 39
95 77 0
95 77 39
95 78 0
95 78 39
95 79 0
95 79 1
95 79 2
95 79 3
95 79 4
95 79 5
95 79 6
95 79 7
95 79 8
95 79 9
95 79 10
95 79 11
95 79 12
95 79 13
95 79 14
95 79 15
95 79 16
95 79 17
95 79 18
95 79 19
95 79 20
95 79 21
95 79 22
95 79 23
95 79 24
95 79 25
95 79 26
95 79 27
95 79 28
95 79 29
95 79 30
95 79 31
95 79 32
95 79 33
95 79 34
95 79 35
95 79 36
95 79 37
95 79 38
95 79 39
95 80 0
95 80 39
95 81 0
95 81 39
95 82 0
95 82 39
95 83 0
95 83 39
95 84 0
95 84 39
95 85 0
95 85 39
95 86 0
95 86 39
95 87 0
95 87 39
95 88 0
95 88 39
95 89 0
95 89 39
95 90 0
95 90 39
95 91 0
95 91 39
95 92 0
95 92 39
95 93 0
95 93 39
95 94 0
95 94 39
95 95 0
95 95 39
95 96 0
95 96 39
95 97 0
95 97 39
95 98 0
95 98 39
95 99 0
95 99 1
95 99 2
95 99 3
95 99 4
95 99 5
95 99 6
95 99 7
95 99 8
95 99 9
95 99 10
95 99 11
95 99 12
95 99 13
95 99 14
95 99 15
95 99 16
95 99 17
95 99 18
95 99 19
95 99 20
95 99 21
95 99 22
95 99 23
95 99 24
95 99 25
95 99 26
95 99 27
95 99 28
95 99 29
95 99 30
95 99 31
95 99 32
95 99 33
95 99 34
95 99 35
95 99 36
95 99 37
95 99 38
95 99 39
96 0 0
96 0 1
96 0 2
96 0 3
96 0 4
96 0 5
96 0 6
96 0 7
96 0 8
96 0 9
96 0 10
96 0 11
96 0 12
96 0 13
96 0 14
96 0 15
96 0 16
96 0 17
96 0 18
96 0 19
96 0 20
96 0 21
96 0 22
96 0 23
96 0 24
96 0 25
96 0 26
96 0 27
96 0 28
96 0 29
96 0 30
96 0 31
96 0 32
96 0 33
96 0 34
96 0 35
96 0 36
96 0 37
96 0 38
96 0 39
96 1 0
96 1 39
96 2 0
96 2 39
96 3 0
96 3 39
96 4 0
96 4 39
96 5 0
96 5 39
96 6 0
96 6 39
96 7 0
96 7 39
96 8 0
96 8 39
96 9 0
96 9 39
96 10 0
96 10 39
96 11 0
96 11 39
96 12 0
96 12 39
96 13 0
96 13 39
96 14 0
96 14 39
96 15 0
96 15 39
96 16 0
96 16 39
96 17 0
96 17 39
96 18 0
96 18 39
96 19 0
96 19 39
96 20 0
96 20 39
96 21 0
96 21 39
96 22 0
96 22 39
96 23 0
96 23 39
96 24 0
96 24 39
96 25 0
96 25 39
96 26 0
96 26 39
96 27 0
96 27 39
96 28 0
96 28 39
96 29 0
96 29 39
96 30 0
96 30 39
96 31 0
96 31 39
96 32 0
96 32 39
96 33 0
96 33 1
96 33 2
96 33 3
96 33 4
96 33 5
96 33 6
96 33 7
96 33 8
96 33 9
96 33 10
96 33 11
96 33 12
96 33 13
96 33 14
96 33 15
96 33 16
96 33 17
96 33 18
96 33 19
96 33 20
96 33 21
96 33 22
96 33 23
96 33 24
96 33 25
96 33 26
96 33 27
96 33 28
96 33 29
96 33 30
96 33 31
96 33 32
96 33 33
96 33 34
96 33 35
96 33 36
96 33 37
96 33 38
96 33 39
96 34 0
96 34 39
96 35 0
96 35 39
96 36 0
96 36 39
96 37 0
96 37 1
96 37 2
96 37 3
96 37 4
96 37 5
96 37 6
96 37 7
96 37 8
96 37 9
96 37 10
96 37 11
96 37 12
96 37 13
96 37 14
96 37 15
96 37 16
96 37 17
96 37 18
96 37 19
96 37 20
96 37 21
96 37 22
96 37 23
96 37 24
96 37 25
96 37 26
96 37 27
96 37 28
96 37 29
96 37 30
96 37 31
96 37 32
96 37 33
96 37 34
96 37 35
96 37 36
96 37 37
96 37 38
96 37 39
96 38 0
96 38 1
96 38 2
96 38 3
96 38 4
96 38 5
96 38 6
96 38 7
96 38 8
96 38 9
96 38 10
96 38 11
96 38 12
96 38 13
96 38 14
96 38 15
96 38 16
96 38 17
96 38 18
96 38 19
96 38 20
96 38 21
96 38 22
96 38 23
96 38 24
96 38 25
96 38 26
96 38 27
96 38 28
96 38 29
96 38 30
96 38 31
96 38 32
96 38 33
96 38 34
96 38 35
96 38 36
96 38 37
96 38 38
96 38 39
96 39 0
96 39 1
96 39 2
96 39 3
96 39 4
96 39 5
96 39 6
96 39 7
96 39 8
96 39 9
96 39 10
96 39 11
96 39 12
96 39 13
96 39 14
96 39 15
96 39 16
96 39 17
96 39 18
96 39 19
96 39 20
96 39 21
96 39 22
96 39 23
96 39 24
96 39 25
96 39 26
96 39 27
96 39 28
96 39 29
96 39 30
96 39 31
96 39 32
96 39 33
96 39 34
96 39 35
96 39 36
96 39 37
96 39 38
96 39 39
96 40 0
96 40 39
96 41 0
96 41 1
96 41 2
96 41 3
96 41 4
96 41 5
96 41 6
96 41 7
96 41 8
96 41 9
96 41 10
96 41 11
96 41 12
96 41 13
96 41 14
96 41 15
96 41 16
96 41 17
96 41 18
96 41 19
96 41 20
96 41 21
96 41 22
96 41 23
96 41 24
96 41 25
96 41 26
96 41 27
96 41 28
96 41 29
96 41 30
96 41 31
96 41 32
96 41 33
96 41 34
96 41 35
96 41 36
96 41 37
96 41 38
96 41 39
96 42 0
96 42 39
96 43 0
96 43 39
96 44 0
96 44 39
96 45 0
96 45 39
96 46 0
96 46 39
96 47 0
96 47 39
96 48 0
96 48 39
96 49 0
96 49 39
96 50 0
96 50 39
96 51 0
96 51 39
96 52 0
96 52 39
96 53 0
96 53 39
96 54 0
96 54 39
96 55 0
96 55 39
96 56 0
96 56 39
96 57 0
96 57 39
96 58 0
96 58 39
96 59 0
96 59 39
96 60 0
96 60 39
96 61 0
96 61 39
96 62 0
96 62 39
96 63 0
96 63 39
96 64 0
96 64 39
96 65 0
96 65 39
96 66 0
96 66 39
96 67 0
96 67 39
96 68 0
96 68 39
96 69 0
96 69 39
96 70 0
96 70 39
96 71 0
96 71 1
96 71 2
96 71 3
96 71 4
96 71 5
96 71 6
96 71 7
96 71 8
96 71 9
96 71 10
96 71 11
96 71 12
96 71 13
96 71 14
96 71 15
96 71 16
96 71 17
96 71 18
96 71 19
96 71 20
96 71 21
96 71 22
96 71 23
96 71 24
96 71 25
96 71 26
96 71 27
96 71 28
96 71 29
96 71 30
96 71 31
96 71 32
96 71 33
96 71 34
96 71 35
96 71 36
96 71 37
96 71 38
96 71 39
96 72 0
96 72 39
96 73 0
96 73 39
96 74 0
96 74 39
96 75 0
96 75 39
96 76 0
96 76 39
96 77 0
96 77 39
96 78 0
96 78 1
96 78 2
96 78 3
96 78 4
96 78 5
96 78 6
96 78 7
96 78 8
96 78 9
96 78 10
96 78 11
96 78 12
96 78 13
96 78 14
96 78 15
96 78 16
96 78 17
96 78 18
96 78 19
96 78 20
96 78 21
96 78 22
96 78 23
96 78 24
96 78 25
96 78 26
96 78 27
96 78 28
96 78 29
96 78 30
96 78 31
96 78 32
96 78 33
96 78 34
96 78 35
96 78 36
96 78 37
96 78 38
96 78 39
96 79 0
96 79 1
96 79 2
96 79 3
96 79 4
96 79 5
96 79 6
96 79 7
96 79 8
96 79 9
96 79 10
96 79 11
96 79 12
96 79 13
96 79 14
96 79 15
96 79 16
96 79 17
96 79 18
96 79 19
96 79 20
96 79 21
96 79 22
96 79 23
96 79 24
96 79 25
96 79 26
96 79 27
96 79 28
96 79 29
96 79 30
96 79 31
96 79 32
96 79 33
96 79 34
96 79 35
96 79 36
96 79 37
96 79 38
96 79 39
96 80 0
96 80 1
96 80 2
96 80 3
96 80 4
96 80 5
96 80 6
96 80 7
96 80 8
96 80 9
96 80 10
96 80 11
96 80 12
96 80 13
96 80 14
96 80 15
96 80 16
96 80 17
96 80 18
96 80 19
96 80 20
96 80 21
96 80 22
96 80 23
96 80 24
96 80 25
96 80 26
96 80 27
96 80 28
96 80 29
96 80 30
96 80 31
96 80 32
96 80 33
96 80 34
96 80 35
96 80 36
96 80 37
96 80 38
96 80 39
96 81 0
96 81 39
96 82 0
96 82 39
96 83 0
96 83 39
96 84 0
96 84 39
96 85 0
96 85 39
96 86 0
96 86 39
96 87 0
96 87 39
96 88 0
96 88 39
96 89 0
96 89 39
96 90 0
96 90 39
96 91 0
96 91 39
96 92 0
96 92 39
96 93 0
96 93 39
96 94 0
96 94 39
96 95 0
96 95 39
96 96 0
96 96 39
96 97 0
96 97 39
96 98 0
96 98 39
96 99 0
96 99 1
96 99 2
96 99 3
96 99 4
96 99 5
96 99 6
96 99 7
96 99 8
96 99 9
96 99 10
96 99 11
96 99 12
96 99 13
96 99 14
96 99 15
96 99 16
96 99 17
96 99 18
96 99 19
96 99 20
96 99 21
96 99 22
96 99 23
96 99 24
96 99 25
96 99 26
96 99 27
96 99 28
96 99 29
96 99 30
96 99 31
96 99 32
96 99 33
96 99 34
96 99 35
96 99 36
96 99 37
96 99 38
96 99 39
97 0 0
97 0 1
97 0 2
97 0 3
97 0 4
97 0 5
97 0 6
97 0 7
97 0 8
97 0 9
97 0 10
97 0 11
97 0 12
97 0 13
97 0 14
97 0 15
97 0 16
97 0 17
97 0 18
97 0 19
97 0 20
97 0 21
97 0 22
97 0 23
97 0 24
97 0 25
97 0 26
97 0 27
97 0 28
97 0 29
97 0 30
97 0 31
97 0 32
97 0 33
97 0 34
97 0 35
97 0 36
97 0 37
97 0 38
97 0 39
97 1 0
97 1 39
97 2 0
97 2 39
97 3 0
97 3 39
97 4 0
97 4 39
97 5 0
97 5 39
97 6 0
97 6 39
97 7 0
97 7 39
97 8 0
97 8 39
97 9 0
97 9 39
97 10 0
97 10 39
97 11 0
97 11 39
97 12 0
97 12 39
97 13 0
97 13 39
97 14 0
97 14 39
97 15 0
97 15 39
97 16 0
97 16 39
97 17 0
97 17 39
97 18 0
97 18 39
97 19 0
97 19 39
97 20 0
97 20 39
97 21 0
97 21 39
97 22 0
97 22 39
97 23 0
97 23 1
97 23 2
97 23 3
97 23 4
97 23 5
97 23 6
97 23 7
97 23 8
97 23 9
97 23 10
97 23 11
97 23 12
97 23 13
97 23 14
97 23 15
97 23 16
97 23 17
97 23 18
97 23 19
97 23 20
97 23 21
97 23 22
97 23 23
97 23 24
97 23 25
97 23 26
97 23 27
97 23 28
97 23 29
97 23 30
97 23 31
97 23 32
97 23 33
97 23 34
97 23 35
97 23 36
97 23 37
97 23 38
97 23 39
97 24 0
97 24 39
97 25 0
97 25 39
97 26 0
97 26 39
97 27 0
97 27 39
97 28 0
97 28 39
97 29 0
97 29 39
97 30 0
97 30 39
97 31 0
97 31 39
97 32 0
97 32 39
97 33 0
97 33 39
97 34 0
97 34 39
97 35 0
97 35 39
97 36 0
97 36 1
97 36 2
97 36 3
97 36 4
97 36 5
97 36 6
97 36 7
97 36 8
97 36 9
97 36 10
97 36 11
97 36 12
97 36 13
97 36 14
97 36 15
97 36 16
97 36 17
97 36 18
97 36 19
97 36 20
97 36 21
97 36 22
97 36 23
97 36 24
97 36 25
97 36 26
97 36 27
97 36 28
97 36 29
97 36 30
97 36 31
97 36 32
97 36 33
97 36 34
97 36 35
97 36 36
97 36 37
97 36 38
97 36 39
97 37 0
97 37 39
97 38 0
97 38 1
97 38 2
97 38 3
97 38 4
97 38 5
97 38 6
97 38 7
97 38 8
97 38 9
97 38 10
97 38 11
97 38 12
97 38 13
97 38 14
97 38 15
97 38 16
97 38 17
97 38 18
97 38 19
97 38 20
97 38 21
97 38 22
97 38 23
97 38 24
97 38 25
97 38 26
97 38 27
97 38 28
97 38 29
97 38 30
97 38 31
97 38 32
97 38 33
97 38 34
97 38 35
97 38 36
97 38 37
97 38 38
97 38 39
97 39 0
97 39 39
97 40 0
97 40 39
97 41 0
97 41 39
97 42 0
97 42 39
97 43 0
97 43 39
97 44 0
97 44 39
97 45 0
97 45 39
97 46 0
97 46 39
97 47 0
97 47 39
97 48 0
97 48 39
97 49 0
97 49 39
97 50 0
97 50 39
97 51 0
97 51 39
97 52 0
97 52 39
97 53 0
97 53 39
97 54 0
97 54 39
97 55 0
97 55 39
97 56 0
97 56 39
97 57 0
97 57 39
97 58 0
97 58 39
97 59 0
97 59 39
97 60 0
97 60 39
97 61 0
97 61 39
97 62 0
97 62 39
97 63 0
97 63 39
97 64 0
97 64 39
97 65 0
97 65 39
97 66 0
97 66 39
97 67 0
97 67 39
97 68 0
97 68 39
97 69 0
97 69 39
97 70 0
97 70 39
97 71 0
97 71 39
97 72 0
97 72 39
97 73 0
97 73 39
97 74 0
97 74 39
97 75 0
97 75 39
97 76 0
97 76 39
97 77 0
97 77 39
97 78 0
97 78 39
97 79 0
97 79 1
97 79 2
97 79 3
97 79 4
97 79 5
97 79 6
97 79 7
97 79 8
97 79 9
97 79 10
97 79 11
97 79 12
97 79 13
97 79 14
97 79 15
97 79 16
97 79 17
97 79 18
97 79 19
97 79 20
97 79 21
97 79 22
97 79 23
97 79 24
97 79 25
97 79 26
97 79 27
97 79 28
97 79 29
97 79 30
97 79 31
97 79 32
97 79 33
97 79 34
97 79 35
97 79 36
97 79 37
97 79 38
97 79 39
97 80 0
97 80 1
97 80 2
97 80 3
97 80 4
97 80 5
97 80 6
97 80 7
97 80 8
97 80 9
97 80 10
97 80 11
97 80 12
97 80 13
97 80 14
97 80 15
97 80 16
97 80 17
97 80 18
97 80 19
97 80 20
97 80 21
97 80 22
97 80 23
97 80 24
97 80 25
97 80 26
97 80 27
97 80 28
97 80 29
97 80 30
97 80 31
97 80 32
97 80 33
97 80 34
97 80 35
97 80 36
97 80 37
97 80 38
97 80 39
97 81 0
97 81 1
97 81 2
97 81 3
97 81 4
97 81 5
97 81 6
97 81 7
97 81 8
97 81 9
97 81 10
97 81 11
97 81 12
97 81 13
97 81 14
97 81 15
97 81 16
97 81 17
97 81 18
97 81 19
97 81 20
97 81 21
97 81 22
97 81 23
97 81 24
97 81 25
97 81 26
97 81 27
97 81 28
97 81 29
97 81 30
97 81 31
97 81 32
97 81 33
97 81 34
97 81 35
97 81 36
97 81 37
97 81 38
97 81 39
97 82 0
97 82 39
97 83 0
97 83 39
97 84 0
97 84 39
97 85 0
97 85 39
97 86 0
97 86 39
97 87 0
97 87 39
97 88 0
97 88 39
97 89 0
97 89 39
97 90 0
97 90 39
97 91 0
97 91 39
97 92 0
97 92 39
97 93 0
97 93 39
97 94 0
97 94 39
97 95 0
97 95 39
97 96 0
97 96 39
97 97 0
97 97 1
97 97 2
97 97 3
97 97 4
97 97 5
97 97 6
97 97 7
97 97 8
97 97 9
97 97 10
97 97 11
97 97 12
97 97 13
97 97 14
97 97 15
97 97 16
97 97 17
97 97 18
97 97 19
97 97 20
97 97 21
97 97 22
97 97 23
97 97 24
97 97 25
97 97 26
97 97 27
97 97 28
97 97 29
97 97 30
97 97 31
97 97 32
97 97 33
97 97 34
97 97 35
97 97 36
97 97 37
97 97 38
97 97 39
97 98 0
97 98 39
97 99 0
97 99 1
97 99 2
97 99 3
97 99 4
97 99 5
97 99 6
97 99 7
97 99 8
97 99 9
97 99 10
97 99 11
97 99 12
97 99 13
97 99 14
97 99 15
97 99 16
97 99 17
97 99 18
97 99 19
97 99 20
97 99 21
97 99 22
97 99 23
97 99 24
97 99 25
97 99 26
97 99 27
97 99 28
97 99 29
97 99 30
97 99 31
97 99 32
97 99 33
97 99 34
97 99 35
97 99 36
97 99 37
97 99 38
97 99 39
98 0 0
98 0 1
98 0 2
98 0 3
98 0 4
98 0 5
98 0 6
98 0 7
98 0 8
98 0 9
98 0 10
98 0 11
98 0 12
98 0 13
98 0 14
98 0 15
98 0 16
98 0 17
98 0 18
98 0 19
98 0 20
98 0 21
98 0 22
98 0 23
98 0 24
98 0 25
98 0 26
98 0 27
98 0 28
98 0 29
98 0 30
98 0 31
98 0 32
98 0 33
98 0 34
98 0 35
98 0 36
98 0 37
98 0 38
98 0 39
98 1 0
98 1 39
98 2 0
98 2 39
98 3 0
98 3 39
98 4 0
98 4 39
98 5 0
98 5 39
98 6 0
98 6 39
98 7 0
98 7 39
98 8 0
98 8 39
98 9 0
98 9 39
98 10 0
98 10 39
98 11 0
98 11 39
98 12 0
98 12 39
98 13 0
98 13 39
98 14 0
98 14 39
98 15 0
98 15 39
98 16 0
98 16 39
98 17 0
98 17 39
98 18 0
98 18 39
98 19 0
98 19 39
98 20 0
98 20 39
98 21 0
98 21 39
98 22 0
98 22 1
98 22 2
98 22 3
98 22 4
98 22 5
98 22 6
98 22 7
98 22 8
98 22 9
98 22 10
98 22 11
98 22 12
98 22 13
98 22 14
98 22 15
98 22 16
98 22 17
98 22 18
98 22 19
98 22 20
98 22 21
98 22 22
98 22 23
98 22 24
98 22 25
98 22 26
98 22 27
98 22 28
98 22 29
98 22 30
98 22 31
98 22 32
98 22 33
98 22 34
98 22 35
98 22 36
98 22 37
98 22 38
98 22 39
98 23 0
98 23 1
98 23 2
98 23 3
98 23 4
98 23 5
98 23 6
98 23 7
98 23 8
98 23 9
98 23 10
98 23 11
98 23 12
98 23 13
98 23 14
98 23 15
98 23 16
98 23 17
98 23 18
98 23 19
98 23 20
98 23 21
98 23 22
98 23 23
98 23 24
98 23 25
98 23 26
98 23 27
98 23 28
98 23 29
98 23 30
98 23 31
98 23 32
98 23 33
98 23 34
98 23 35
98 23 36
98 23 37
98 23 38
98 23 39
98 24 0
98 24 1
98 24 2
98 24 3
98 24 4
98 24 5
98 24 6
98 24 7
98 24 8
98 24 9
98 24 10
98 24 11
98 24 12
98 24 13
98 24 14
98 24 15
98 24 16
98 24 17
98 24 18
98 24 19
98 24 20
98 24 21
98 24 22
98 24 23
98 24 24
98 24 25
98 24 26
98 24 27
98 24 28
98 24 29
98 24 30
98 24 31
98 24 32
98 24 33
98 24 34
98 24 35
98 24 36
98 24 37
98 24 38
98 24 39
98 25 0
98 25 39
98 26 0
98 26 39
98 27 0
98 27 39
98 28 0
98 28 39
98 29 0
98 29 39
98 30 0
98 30 39
98 31 0
98 31 39
98 32 0
98 32 39
98 33 0
98 33 39
98 34 0
98 34 39
98 35 0
98 35 1
98 35 2
98 35 3
98 35 4
98 35 5
98 35 6
98 35 7
98 35 8
98 35 9
98 35 10
98 35 11
98 35 12
98 35 13
98 35 14
98 35 15
98 35 16
98 35 17
98 35 18
98 35 19
98 35 20
98 35 21
98 35 22
98 35 23
98 35 24
98 35 25
98 35 26
98 35 27
98 35 28
98 35 29
98 35 30
98 35 31
98 35 32
98 35 33
98 35 34
98 35 35
98 35 36
98 35 37
98 35 38
98 35 39
98 36 0
98 36 1
98 36 2
98 36 3
98 36 4
98 36 5
98 36 6
98 36 7
98 36 8
98 36 9
98 36 10
98 36 11
98 36 12
98 36 13
98 36 14
98 36 15
98 36 16
98 36 17
98 36 18
98 36 19
98 36 20
98 36 21
98 36 22
98 36 23
98 36 24
98 36 25
98 36 26
98 36 27
98 36 28
98 36 29
98 36 30
98 36 31
98 36 32
98 36 33
98 36 34
98 36 35
98 36 36
98 36 37
98 36 38
98 36 39
98 37 0
98 37 1
98 37 2
98 37 3
98 37 4
98 37 5
98 37 6
98 37 7
98 37 8
98 37 9
98 37 10
98 37 11
98 37 12
98 37 13
98 37 14
98 37 15
98 37 16
98 37 17
98 37 18
98 37 19
98 37 20
98 37 21
98 37 22
98 37 23
98 37 24
98 37 25
98 37 26
98 37 27
98 37 28
98 37 29
98 37 30
98 37 31
98 37 32
98 37 33
98 37 34
98 37 35
98 37 36
98 37 37
98 37 38
98 37 39
98 38 0
98 38 39
98 39 0
98 39 39
98 40 0
98 40 39
98 41 0
98 41 39
98 42 0
98 42 39
98 43 0
98 43 39
98 44 0
98 44 39
98 45 0
98 45 39
98 46 0
98 46 39
98 47 0
98 47 39
98 48 0
98 48 39
98 49 0
98 49 39
98 50 0
98 50 39
98 51 0
98 51 39
98 52 0
98 52 39
98 53 0
98 53 39
98 54 0
98 54 39
98 55 0
98 55 39
98 56 0
98 56 39
98 57 0
98 57 39
98 58 0
98 58 39
98 59 0
98 59 39
98 60 0
98 60 39
98 61 0
98 61 39
98 62 0
98 62 39
98 63 0
98 63 39
98 64 0
98 64 39
98 65 0
98 65 39
98 66 0
98 66 39
98 67 0
98 67 39
98 68 0
98 68 39
98 69 0
98 69 39
98 70 0
98 70 39
98 71 0
98 71 39
98 72 0
98 72 39
98 73 0
98 73 39
98 74 0
98 74 39
98 75 0
98 75 39
98 76 0
98 76 39
98 77 0
98 77 39
98 78 0
98 78 39
98 79 0
98 79 39
98 80 0
98 80 1
98 80 2
98 80 3
98 80 4
98 80 5
98 80 6
98 80 7
98 80 8
98 80 9
98 80 10
98 80 11
98 80 12
98 80 13
98 80 14
98 80 15
98 80 16
98 80 17
98 80 18
98 80 19
98 80 20
98 80 21
98 80 22
98 80 23
98 80 24
98 80 25
98 80 26
98 80 27
98 80 28
98 80 29
98 80 30
98 80 31
98 80 32
98 80 33
98 80 34
98 80 35
98 80 36
98 80 37
98 80 38
98 80 39
98 81 0
98 81 39
98 82 0
98 82 39
98 83 0
98 83 39
98 84 0
98 84 39
98 85 0
98 85 39
98 86 0
98 86 39
98 87 0
98 87 39
98 88 0
98 88 39
98 89 0
98 89 39
98 90 0
98 90 39
98 91 0
98 91 39
98 92 0
98 92 39
98 93 0
98 93 39
98 94 0
98 94 39
98 95 0
98 95 39
98 96 0
98 96 1
98 96 2
98 96 3
98 96 4
98 96 5
98 96 6
98 96 7
98 96 8
98 96 9
98 96 10
98 96 11
98 96 12
98 96 13
98 96 14
98 96 15
98 96 16
98 96 17
98 96 18
98 96 19
98 96 20
98 96 21
98 96 22
98 96 23
98 96 24
98 96 25
98 96 26
98 96 27
98 96 28
98 96 29
98 96 30
98 96 31
98 96 32
98 96 33
98 96 34
98 96 35
98 96 36
98 96 37
98 96 38
98 96 39
98 97 0
98 97 1
98 97 2
98 97 3
98 97 4
98 97 5
98 97 6
98 97 7
98 97 8
98 97 9
98 97 10
98 97 11
98 97 12
98 97 13
98 97 14
98 97 15
98 97 16
98 97 17
98 97 18
98 97 19
98 97 20
98 97 21
98 97 22
98 97 23
98 97 24
98 97 25
98 97 26
98 97 27
98 97 28
98 97 29
98 97 30
98 97 31
98 97 32
98 97 33
98 97 34
98 97 35
98 97 36
98 97 37
98 97 38
98 97 39
98 98 0
98 98 1
98 98 2
98 98 3
98 98 4
98 98 5
98 98 6
98 98 7
98 98 8
98 98 9
98 98 10
98 98 11
98 98 12
98 98 13
98 98 14
98 98 15
98 98 16
98 98 17
98 98 18
98 98 19
98 98 20
98 98 21
98 98 22
98 98 23
98 98 24
98 98 25
98 98 26
98 98 27
98 98 28
98 98 29
98 98 30
98 98 31
98 98 32
98 98 33
98 98 34
98 98 35
98 98 36
98 98 37
98 98 38
98 98 39
98 99 0
98 99 1
98 99 2
98 99 3
98 99 4
98 99 5
98 99 6
98 99 7
98 99 8
98 99 9
98 99 10
98 99 11
98 99 12
98 99 13
98 99 14
98 99 15
98 99 16
98 99 17
98 99 18
98 99 19
98 99 20
98 99 21
98 99 22
98 99 23
98 99 24
98 99 25
98 99 26
98 99 27
98 99 28
98 99 29
98 99 30
98 99 31
98 99 32
98 99 33
98 99 34
98 99 35
98 99 36
98 99 37
98 99 38
98 99 39
99 0 0
99 0 1
99 0 2
99 0 3
99 0 4
99 0 5
99 0 6
99 0 7
99 0 8
99 0 9
99 0 10
99 0 11
99 0 12
99 0 13
99 0 14
99 0 15
99 0 16
99 0 17
99 0 18
99 0 19
99 0 20
99 0 21
99 0 22
99 0 23
99 0 24
99 0 25
99 0 26
99 0 27
99 0 28
99 0 29
99 0 30
99 0 31
99 0 32
99 0 33
99 0 34
99 0 35
99 0 36
99 0 37
99 0 38
99 0 39
99 1 0
99 1 1
99 1 2
99 1 3
99 1 4
99 1 5
99 1 6
99 1 7
99 1 8
99 1 9
99 1 10
99 1 11
99 1 12
99 1 13
99 1 14
99 1 15
99 1 16
99 1 17
99 1 18
99 1 19
99 1 20
99 1 21
99 1 22
99 1 23
99 1 24
99 1 25
99 1 26
99 1 27
99 1 28
99 1 29
99 1 30
99 1 31
99 1 32
99 1 33
99 1 34
99 1 35
99 1 36
99 1 37
99 1 38
99 1 39
99 2 0
99 2 1
99 2 2
99 2 3
99 2 4
99 2 5
99 2 6
99 2 7
99 2 8
99 2 9
99 2 10
99 2 11
99 2 12
99 2 13
99 2 14
99 2 15
99 2 16
99 2 17
99 2 18
99 2 19
99 2 20
99 2 21
99 2 22
99 2 23
99 2 24
99 2 25
99 2 26
99 2 27
99 2 28
99 2 29
99 2 30
99 2 31
99 2 32
99 2 33
99 2 34
99 2 35
99 2 36
99 2 37
99 2 38
99 2 39
99 3 0
99 3 1
99 3 2
99 3 3
99 3 4
99 3 5
99 3 6
99 3 7
99 3 8
99 3 9
99 3 10
99 3 11
99 3 12
99 3 13
99 3 14
99 3 15
99 3 16
99 3 17
99 3 18
99 3 19
99 3 20
99 3 21
99 3 22
99 3 23
99 3 24
99 3 25
99 3 26
99 3 27
99 3 28
99 3 29
99 3 30
99 3 31
99 3 32
99 3 33
99 3 34
99 3 35
99 3 36
99 3 37
99 3 38
99 3 39
99 4 0
99 4 1
99 4 2
99 4 3
99 4 4
99 4 5
99 4 6
99 4 7
99 4 8
99 4 9
99 4 10
99 4 11
99 4 12
99 4 13
99 4 14
99 4 15
99 4 16
99 4 17
99 4 18
99 4 19
99 4 20
99 4 21
99 4 22
99 4 23
99 4 24
99 4 25
99 4 26
99 4 27
99 4 28
99 4 29
99 4 30
99 4 31
99 4 32
99 4 33
99 4 34
99 4 35
99 4 36
99 4 37
99 4 38
99 4 39
99 5 0
99 5 1
99 5 2
99 5 3
99 5 4
99 5 5
99 5 6
99 5 7
99 5 8
99 5 9
99 5 10
99 5 11
99 5 12
99 5 13
99 5 14
99 5 15
99 5 16
99 5 17
99 5 18
99 5 19
99 5 20
99 5 21
99 5 22
99 5 23
99 5 24
99 5 25
99 5 26
99 5 27
99 5 28
99 5 29
99 5 30
99 5 31
99 5 32
99 5 33
99 5 34
99 5 35
99 5 36
99 5 37
99 5 38
99 5 39
99 6 0
99 6 1
99 6 2
99 6 3
99 6 4
99 6 5
99 6 6
99 6 7
99 6 8
99 6 9
99 6 10
99 6 11
99 6 12
99 6 13
99 6 14
99 6 15
99 6 16
99 6 17
99 6 18
99 6 19
99 6 20
99 6 21
99 6 22
99 6 23
99 6 24
99 6 25
99 6 26
99 6 27
99 6 28
99 6 29
99 6 30
99 6 31
99 6 32
99 6 33
99 6 34
99 6 35
99 6 36
99 6 37
99 6 38
99 6 39
99 7 0
99 7 1
99 7 2
99 7 3
99 7 4
99 7 5
99 7 6
99 7 7
99 7 8
99 7 9
99 7 10
99 7 11
99 7 12
99 7 13
99 7 14
99 7 15
99 7 16
99 7 17
99 7 18
99 7 19
99 7 20
99 7 21
99 7 22
99 7 23
99 7 24
99 7 25
99 7 26
99 7 27
99 7 28
99 7 29
99 7 30
99 7 31
99 7 32
99 7 33
99 7 34
99 7 35
99 7 36
99 7 37
99 7 38
99 7 39
99 8 0
99 8 1
99 8 2
99 8 3
99 8 4
99 8 5
99 8 6
99 8 7
99 8 8
99 8 9
99 8 10
99 8 11
99 8 12
99 8 13
99 8 14
99 8 15
99 8 16
99 8 17
99 8 18
99 8 19
99 8 20
99 8 21
99 8 22
99 8 23
99 8 24
99 8 25
99 8 26
99 8 27
99 8 28
99 8 29
99 8 30
99 8 31
99 8 32
99 8 33
99 8 34
99 8 35
99 8 36
99 8 37
99 8 38
99 8 39
99 9 0
99 9 1
99 9 2
99 9 3
99 9 4
99 9 5
99 9 6
99 9 7
99 9 8
99 9 9
99 9 10
99 9 11
99 9 12
99 9 13
99 9 14
99 9 15
99 9 16
99 9 17
99 9 18
99 9 19
99 9 20
99 9 21
99 9 22
99 9 23
99 9 24
99 9 25
99 9 26
99 9 27
99 9 28
99 9 29
99 9 30
99 9 31
99 9 32
99 9 33
99 9 34
99 9 35
99 9 36
99 9 37
99 9 38
99 9 39
99 10 0
99 10 1
99 10 2
99 10 3
99 10 4
99 10 5
99 10 6
99 10 7
99 10 8
99 10 9
99 10 10
99 10 11
99 10 12
99 10 13
99 10 14
99 10 15
99 10 16
99 10 17
99 10 18
99 10 19
99 10 20
99 10 21
99 10 22
99 10 23
99 10 24
99 10 25
99 10 26
99 10 27
99 10 28
99 10 29
99 10 30
99 10 31
99 10 32
99 10 33
99 10 34
99 10 35
99 10 36
99 10 37
99 10 38
99 10 39
99 11 0
99 11 1
99 11 2
99 11 3
99 11 4
99 11 5
99 11 6
99 11 7
99 11 8
99 11 9
99 11 10
99 11 11
99 11 12
99 11 13
99 11 14
99 11 15
99 11 16
99 11 17
99 11 18
99 11 19
99 11 20
99 11 21
99 11 22
99 11 23
99 11 24
99 11 25
99 11 26
99 11 27
99 11 28
99 11 29
99 11 30
99 11 31
99 11 32
99 11 33
99 11 34
99 11 35
99 11 36
99 11 37
99 11 38
99 11 39
99 12 0
99 12 1
99 12 2
99 12 3
99 12 4
99 12 5
99 12 6
99 12 7
99 12 8
99 12 9
99 12 10
99 12 11
99 12 12
99 12 13
99 12 14
99 12 15
99 12 16
99 12 17
99 12 18
99 12 19
99 12 20
99 12 21
99 12 22
99 12 23
99 12 24
99 12 25
99 12 26
99 12 27
99 12 28
99 12 29
99 12 30
99 12 31
99 12 32
99 12 33
99 12 34
99 12 35
99 12 36
99 12 37
99 12 38
99 12 39
99 13 0
99 13 1
99 13 2
99 13 3
99 13 4
99 13 5
99 13 6
99 13 7
99 13 8
99 13 9
99 13 10
99 13 11
99 13 12
99 13 13
99 13 14
99 13 15
99 13 16
99 13 17
99 13 18
99 13 19
99 13 20
99 13 21
99 13 22
99 13 23
99 13 24
99 13 25
99 13 26
99 13 27
99 13 28
99 13 29
99 13 30
99 13 31
99 13 32
99 13 33
99 13 34
99 13 35
99 13 36
99 13 37
99 13 38
99 13 39
99 14 0
99 14 1
99 14 2
99 14 3
99 14 4
99 14 5
99 14 6
99 14 7
99 14 8
99 14 9
99 14 10
99 14 11
99 14 12
99 14 13
99 14 14
99 14 15
99 14 16
99 14 17
99 14 18
99 14 19
99 14 20
99 14 21
99 14 22
99 14 23
99 14 24
99 14 25
99 14 26
99 14 27
99 14 28
99 14 29
99 14 30
99 14 31
99 14 32
99 14 33
99 14 34
99 14 35
99 14 36
99 14 37
99 14 38
99 14 39
99 15 0
99 15 1
99 15 2
99 15 3
99 15 4
99 15 5
99 15 6
99 15 7
99 15 8
99 15 9
99 15 10
99 15 11
99 15 12
99 15 13
99 15 14
99 15 15
99 15 16
99 15 17
99 15 18
99 15 19
99 15 20
99 15 21
99 15 22
99 15 23
99 15 24
99 15 25
99 15 26
99 15 27
99 15 28
99 15 29
99 15 30
99 15 31
99 15 32
99 15 33
99 15 34
99 15 35
99 15 36
99 15 37
99 15 38
99 15 39
99 16 0
99 16 1
99 16 2
99 16 3
99 16 4
99 16 5
99 16 6
99 16 7
99 16 8
99 16 9
99 16 10
99 16 11
99 16 12
99 16 13
99 16 14
99 16 15
99 16 16
99 16 17
99 16 18
99 16 19
99 16 20
99 16 21
99 16 22
99 16 23
99 16 24
99 16 25
99 16 26
99 16 27
99 16 28
99 16 29
99 16 30
99 16 31
99 16 32
99 16 33
99 16 34
99 16 35
99 16 36
99 16 37
99 16 38
99 16 39
99 17 0
99 17 1
99 17 2
99 17 3
99 17 4
99 17 5
99 17 6
99 17 7
99 17 8
99 17 9
99 17 10
99 17 11
99 17 12
99 17 13
99 17 14
99 17 15
99 17 16
99 17 17
99 17 18
99 17 19
99 17 20
99 17 21
99 17 22
99 17 23
99 17 24
99 17 25
99 17 26
99 17 27
99 17 28
99 17 29
99 17 30
99 17 31
99 17 32
99 17 33
99 17 34
99 17 35
99 17 36
99 17 37
99 17 38
99 17 39
99 18 0
99 18 1
99 18 2
99 18 3
99 18 4
99 18 5
99 18 6
99 18 7
99 18 8
99 18 9
99 18 10
99 18 11
99 18 12
99 18 13
99 18 14
99 18 15
99 18 16
99 18 17
99 18 18
99 18 19
99 18 20
99 18 21
99 18 22
99 18 23
99 18 24
99 18 25
99 18 26
99 18 27
99 18 28
99 18 29
99 18 30
99 18 31
99 18 32
99 18 33
99 18 34
99 18 35
99 18 36
99 18 37
99 18 38
99 18 39
99 19 0
99 19 1
99 19 2
99 19 3
99 19 4
99 19 5
99 19 6
99 19 7
99 19 8
99 19 9
99 19 10
99 19 11
99 19 12
99 19 13
99 19 14
99 19 15
99 19 16
99 19 17
99 19 18
99 19 19
99 19 20
99 19 21
99 19 22
99 19 23
99 19 24
99 19 25
99 19 26
99 19 27
99 19 28
99 19 29
99 19 30
99 19 31
99 19 32
99 19 33
99 19 34
99 19 35
99 19 36
99 19 37
99 19 38
99 19 39
99 20 0
99 20 1
99 20 2
99 20 3
99 20 4
99 20 5
99 20 6
99 20 7
99 20 8
99 20 9
99 20 10
99 20 11
99 20 12
99 20 13
99 20 14
99 20 15
99 20 16
99 20 17
99 20 18
99 20 19
99 20 20
99 20 21
99 20 22
99 20 23
99 20 24
99 20 25
99 20 26
99 20 27
99 20 28
99 20 29
99 20 30
99 20 31
99 20 32
99 20 33
99 20 34
99 20 35
99 20 36
99 20 37
99 20 38
99 20 39
99 21 0
99 21 1
99 21 2
99 21 3
99 21 4
99 21 5
99 21 6
99 21 7
99 21 8
99 21 9
99 21 10
99 21 11
99 21 12
99 21 13
99 21 14
99 21 15
99 21 16
99 21 17
99 21 18
99 21 19
99 21 20
99 21 21
99 21 22
99 21 23
99 21 24
99 21 25
99 21 26
99 21 27
99 21 28
99 21 29
99 21 30
99 21 31
99 21 32
99 21 33
99 21 34
99 21 35
99 21 36
99 21 37
99 21 38
99 21 39
99 22 0
99 22 1
99 22 2
99 22 3
99 22 4
99 22 5
99 22 6
99 22 7
99 22 8
99 22 9
99 22 10
99 22 11
99 22 12
99 22 13
99 22 14
99 22 15
99 22 16
99 22 17
99 22 18
99 22 19
99 22 20
99 22 21
99 22 22
99 22 23
99 22 24
99 22 25
99 22 26
99 22 27
99 22 28
99 22 29
99 22 30
99 22 31
99 22 32
99 22 33
99 22 34
99 22 35
99 22 36
99 22 37
99 22 38
99 22 39
99 23 0
99 23 1
99 23 2
99 23 3
99 23 4
99 23 5
99 23 6
99 23 7
99 23 8
99 23 9
99 23 10
99 23 11
99 23 12
99 23 13
99 23 14
99 23 15
99 23 16
99 23 17
99 23 18
99 23 19
99 23 20
99 23 21
99 23 22
99 23 23
99 23 24
99 23 25
99 23 26
99 23 27
99 23 28
99 23 29
99 23 30
99 23 31
99 23 32
99 23 33
99 23 34
99 23 35
99 23 36
99 23 37
99 23 38
99 23 39
99 24 0
99 24 1
99 24 2
99 24 3
99 24 4
99 24 5
99 24 6
99 24 7
99 24 8
99 24 9
99 24 10
99 24 11
99 24 12
99 24 13
99 24 14
99 24 15
99 24 16
99 24 17
99 24 18
99 24 19
99 24 20
99 24 21
99 24 22
99 24 23
99 24 24
99 24 25
99 24 26
99 24 27
99 24 28
99 24 29
99 24 30
99 24 31
99 24 32
99 24 33
99 24 34
99 24 35
99 24 36
99 24 37
99 24 38
99 24 39
99 25 0
99 25 1
99 25 2
99 25 3
99 25 4
99 25 5
99 25 6
99 25 7
99 25 8
99 25 9
99 25 10
99 25 11
99 25 12
99 25 13
99 25 14
99 25 15
99 25 16
99 25 17
99 25 18
99 25 19
99 25 20
99 25 21
99 25 22
99 25 23
99 25 24
99 25 25
99 25 26
99 25 27
99 25 28
99 25 29
99 25 30
99 25 31
99 25 32
99 25 33
99 25 34
99 25 35
99 25 36
99 25 37
99 25 38
99 25 39
99 26 0
99 26 1
99 26 2
99 26 3
99 26 4
99 26 5
99 26 6
99 26 7
99 26 8
99 26 9
99 26 10
99 26 11
99 26 12
99 26 13
99 26 14
99 26 15
99 26 16
99 26 17
99 26 18
99 26 19
99 26 20
99 26 21
99 26 22
99 26 23
99 26 24
99 26 25
99 26 26
99 26 27
99 26 28
99 26 29
99 26 30
99 26 31
99 26 32
99 26 33
99 26 34
99 26 35
99 26 36
99 26 37
99 26 38
99 26 39
99 27 0
99 27 1
99 27 2
99 27 3
99 27 4
99 27 5
99 27 6
99 27 7
99 27 8
99 27 9
99 27 10
99 27 11
99 27 12
99 27 13
99 27 14
99 27 15
99 27 16
99 27 17
99 27 18
99 27 19
99 27 20
99 27 21
99 27 22
99 27 23
99 27 24
99 27 25
99 27 26
99 27 27
99 27 28
99 27 29
99 27 30
99 27 31
99 27 32
99 27 33
99 27 34
99 27 35
99 27 36
99 27 37
99 27 38
99 27 39
99 28 0
99 28 1
99 28 2
99 28 3
99 28 4
99 28 5
99 28 6
99 28 7
99 28 8
99 28 9
99 28 10
99 28 11
99 28 12
99 28 13
99 28 14
99 28 15
99 28 16
99 28 17
99 28 18
99 28 19
99 28 20
99 28 21
99 28 22
99 28 23
99 28 24
99 28 25
99 28 26
99 28 27
99 28 28
99 28 29
99 28 30
99 28 31
99 28 32
99 28 33
99 28 34
99 28 35
99 28 36
99 28 37
99 28 38
99 28 39
99 29 0
99 29 1
99 29 2
99 29 3
99 29 4
99 29 5
99 29 6
99 29 7
99 29 8
99 29 9
99 29 10
99 29 11
99 29 12
99 29 13
99 29 14
99 29 15
99 29 16
99 29 17
99 29 18
99 29 19
99 29 20
99 29 21
99 29 22
99 29 23
99 29 24
99 29 25
99 29 26
99 29 27
99 29 28
99 29 29
99 29 30
99 29 31
99 29 32
99 29 33
99 29 34
99 29 35
99 29 36
99 29 37
99 29 38
99 29 39
99 30 0
99 30 1
99 30 2
99 30 3
99 30 4
99 30 5
99 30 6
99 30 7
99 30 8
99 30 9
99 30 10
99 30 11
99 30 12
99 30 13
99 30 14
99 30 15
99 30 16
99 30 17
99 30 18
99 30 19
99 30 20
99 30 21
99 30 22
99 30 23
99 30 24
99 30 25
99 30 26
99 30 27
99 30 28
99 30 29
99 30 30
99 30 31
99 30 32
99 30 33
99 30 34
99 30 35
99 30 36
99 30 37
99 30 38
99 30 39
99 31 0
99 31 1
99 31 2
99 31 3
99 31 4
99 31 5
99 31 6
99 31 7
99 31 8
99 31 9
99 31 10
99 31 11
99 31 12
99 31 13
99 31 14
99 31 15
99 31 16
99 31 17
99 31 18
99 31 19
99 31 20
99 31 21
99 31 22
99 31 23
99 31 24
99 31 25
99 31 26
99 31 27
99 31 28
99 31 29
99 31 30
99 31 31
99 31 32
99 31 33
99 31 34
99 31 35
99 31 36
99 31 37
99 31 38
99 31 39
99 32 0
99 32 1
99 32 2
99 32 3
99 32 4
99 32 5
99 32 6
99 32 7
99 32 8
99 32 9
99 32 10
99 32 11
99 32 12
99 32 13
99 32 14
99 32 15
99 32 16
99 32 17
99 32 18
99 32 19
99 32 20
99 32 21
99 32 22
99 32 23
99 32 24
99 32 25
99 32 26
99 32 27
99 32 28
99 32 29
99 32 30
99 32 31
99 32 32
99 32 33
99 32 34
99 32 35
99 32 36
99 32 37
99 32 38
99 32 39
99 33 0
99 33 1
99 33 2
99 33 3
99 33 4
99 33 5
99 33 6
99 33 7
99 33 8
99 33 9
99 33 10
99 33 11
99 33 12
99 33 13
99 33 14
99 33 15
99 33 16
99 33 17
99 33 18
99 33 19
99 33 20
99 33 21
99 33 22
99 33 23
99 33 24
99 33 25
99 33 26
99 33 27
99 33 28
99 33 29
99 33 30
99 33 31
99 33 32
99 33 33
99 33 34
99 33 35
99 33 36
99 33 37
99 33 38
99 33 39
99 34 0
99 34 1
99 34 2
99 34 3
99 34 4
99 34 5
99 34 6
99 34 7
99 34 8
99 34 9
99 34 10
99 34 11
99 34 12
99 34 13
99 34 14
99 34 15
99 34 16
99 34 17
99 34 18
99 34 19
99 34 20
99 34 21
99 34 22
99 34 23
99 34 24
99 34 25
99 34 26
99 34 27
99 34 28
99 34 29
99 34 30
99 34 31
99 34 32
99 34 33
99 34 34
99 34 35
99 34 36
99 34 37
99 34 38
99 34 39
99 35 0
99 35 1
99 35 2
99 35 3
99 35 4
99 35 5
99 35 6
99 35 7
99 35 8
99 35 9
99 35 10
99 35 11
99 35 12
99 35 13
99 35 14
99 35 15
99 35 16
99 35 17
99 35 18
99 35 19
99 35 20
99 35 21
99 35 22
99 35 23
99 35 24
99 35 25
99 35 26
99 35 27
99 35 28
99 35 29
99 35 30
99 35 31
99 35 32
99 35 33
99 35 34
99 35 35
99 35 36
99 35 37
99 35 38
99 35 39
99 36 0
99 36 1
99 36 2
99 36 3
99 36 4
99 36 5
99 36 6
99 36 7
99 36 8
99 36 9
99 36 10
99 36 11
99 36 12
99 36 13
99 36 14
99 36 15
99 36 16
99 36 17
99 36 18
99 36 19
99 36 20
99 36 21
99 36 22
99 36 23
99 36 24
99 36 25
99 36 26
99 36 27
99 36 28
99 36 29
99 36 30
99 36 31
99 36 32
99 36 33
99 36 34
99 36 35
99 36 36
99 36 37
99 36 38
99 36 39
99 37 0
99 37 1
99 37 2
99 37 3
99 37 4
99 37 5
99 37 6
99 37 7
99 37 8
99 37 9
99 37 10
99 37 11
99 37 12
99 37 13
99 37 14
99 37 15
99 37 16
99 37 17
99 37 18
99 37 19
99 37 20
99 37 21
99 37 22
99 37 23
99 37 24
99 37 25
99 37 26
99 37 27
99 37 28
99 37 29
99 37 30
99 37 31
99 37 32
99 37 33
99 37 34
99 37 35
99 37 36
99 37 37
99 37 38
99 37 39
99 38 0
99 38 1
99 38 2
99 38 3
99 38 4
99 38 5
99 38 6
99 38 7
99 38 8
99 38 9
99 38 10
99 38 11
99 38 12
99 38 13
99 38 14
99 38 15
99 38 16
99 38 17
99 38 18
99 38 19
99 38 20
99 38 21
99 38 22
99 38 23
99 38 24
99 38 25
99 38 26
99 38 27
99 38 28
99 38 29
99 38 30
99 38 31
99 38 32
99 38 33
99 38 34
99 38 35
99 38 36
99 38 37
99 38 38
99 38 39
99 39 0
99 39 1
99 39 2
99 39 3
99 39 4
99 39 5
99 39 6
99 39 7
99 39 8
99 39 9
99 39 10
99 39 11
99 39 12
99 39 13
99 39 14
99 39 15
99 39 16
99 39 17
99 39 18
99 39 19
99 39 20
99 39 21
99 39 22
99 39 23
99 39 24
99 39 25
99 39 26
99 39 27
99 39 28
99 39 29
99 39 30
99 39 31
99 39 32
99 39 33
99 39 34
99 39 35
99 39 36
99 39 37
99 39 38
99 39 39
99 40 0
99 40 1
99 40 2
99 40 3
99 40 4
99 40 5
99 40 6
99 40 7
99 40 8
99 40 9
99 40 10
99 40 11
99 40 12
99 40 13
99 40 14
99 40 15
99 40 16
99 40 17
99 40 18
99 40 19
99 40 20
99 40 21
99 40 22
99 40 23
99 40 24
99 40 25
99 40 26
99 40 27
99 40 28
99 40 29
99 40 30
99 40 31
99 40 32
99 40 33
99 40 34
99 40 35
99 40 36
99 40 37
99 40 38
99 40 39
99 41 0
99 41 1
99 41 2
99 41 3
99 41 4
99 41 5
99 41 6
99 41 7
99 41 8
99 41 9
99 41 10
99 41 11
99 41 12
99 41 13
99 41 14
99 41 15
99 41 16
99 41 17
99 41 18
99 41 19
99 41 20
99 41 21
99 41 22
99 41 23
99 41 24
99 41 25
99 41 26
99 41 27
99 41 28
99 41 29
99 41 30
99 41 31
99 41 32
99 41 33
99 41 34
99 41 35
99 41 36
99 41 37
99 41 38
99 41 39
99 42 0
99 42 1
99 42 2
99 42 3
99 42 4
99 42 5
99 42 6
99 42 7
99 42 8
99 42 9
99 42 10
99 42 11
99 42 12
99 42 13
99 42 14
99 42 15
99 42 16
99 42 17
99 42 18
99 42 19
99 42 20
99 42 21
99 42 22
99 42 23
99 42 24
99 42 25
99 42 26
99 42 27
99 42 28
99 42 29
99 42 30
99 42 31
99 42 32
99 42 33
99 42 34
99 42 35
99 42 36
99 42 37
99 42 38
99 42 39
99 43 0
99 43 1
99 43 2
99 43 3
99 43 4
99 43 5
99 43 6
99 43 7
99 43 8
99 43 9
99 43 10
99 43 11
99 43 12
99 43 13
99 43 14
99 43 15
99 43 16
99 43 17
99 43 18
99 43 19
99 43 20
99 43 21
99 43 22
99 43 23
99 43 24
99 43 25
99 43 26
99 43 27
99 43 28
99 43 29
99 43 30
99 43 31
99 43 32
99 43 33
99 43 34
99 43 35
99 43 36
99 43 37
99 43 38
99 43 39
99 44 0
99 44 1
99 44 2
99 44 3
99 44 4
99 44 5
99 44 6
99 44 7
99 44 8
99 44 9
99 44 10
99 44 11
99 44 12
99 44 13
99 44 14
99 44 15
99 44 16
99 44 17
99 44 18
99 44 19
99 44 20
99 44 21
99 44 22
99 44 23
99 44 24
99 44 25
99 44 26
99 44 27
99 44 28
99 44 29
99 44 30
99 44 31
99 44 32
99 44 33
99 44 34
99 44 35
99 44 36
99 44 37
99 44 38
99 44 39
99 45 0
99 45 1
99 45 2
99 45 3
99 45 4
99 45 5
99 45 6
99 45 7
99 45 8
99 45 9
99 45 10
99 45 11
99 45 12
99 45 13
99 45 14
99 45 15
99 45 16
99 45 17
99 45 18
99 45 19
99 45 20
99 45 21
99 45 22
99 45 23
99 45 24
99 45 25
99 45 26
99 45 27
99 45 28
99 45 29
99 45 30
99 45 31
99 45 32
99 45 33
99 45 34
99 45 35
99 45 36
99 45 37
99 45 38
99 45 39
99 46 0
99 46 1
99 46 2
99 46 3
99 46 4
99 46 5
99 46 6
99 46 7
99 46 8
99 46 9
99 46 10
99 46 11
99 46 12
99 46 13
99 46 14
99 46 15
99 46 16
99 46 17
99 46 18
99 46 19
99 46 20
99 46 21
99 46 22
99 46 23
99 46 24
99 46 25
99 46 26
99 46 27
99 46 28
99 46 29
99 46 30
99 46 31
99 46 32
99 46 33
99 46 34
99 46 35
99 46 36
99 46 37
99 46 38
99 46 39
99 47 0
99 47 1
99 47 2
99 47 3
99 47 4
99 47 5
99 47 6
99 47 7
99 47 8
99 47 9
99 47 10
99 47 11
99 47 12
99 47 13
99 47 14
99 47 15
99 47 16
99 47 17
99 47 18
99 47 19
99 47 20
99 47 21
99 47 22
99 47 23
99 47 24
99 47 25
99 47 26
99 47 27
99 47 28
99 47 29
99 47 30
99 47 31
99 47 32
99 47 33
99 47 34
99 47 35
99 47 36
99 47 37
99 47 38
99 47 39
99 48 0
99 48 1
99 48 2
99 48 3
99 48 4
99 48 5
99 48 6
99 48 7
99 48 8
99 48 9
99 48 10
99 48 11
99 48 12
99 48 13
99 48 14
99 48 15
99 48 16
99 48 17
99 48 18
99 48 19
99 48 20
99 48 21
99 48 22
99 48 23
99 48 24
99 48 25
99 48 26
99 48 27
99 48 28
99 48 29
99 48 30
99 48 31
99 48 32
99 48 33
99 48 34
99 48 35
99 48 36
99 48 37
99 48 38
99 48 39
99 49 0
99 49 1
99 49 2
99 49 3
99 49 4
99 49 5
99 49 6
99 49 7
99 49 8
99 49 9
99 49 10
99 49 11
99 49 12
99 49 13
99 49 14
99 49 15
99 49 16
99 49 17
99 49 18
99 49 19
99 49 20
99 49 21
99 49 22
99 49 23
99 49 24
99 49 25
99 49 26
99 49 27
99 49 28
99 49 29
99 49 30
99 49 31
99 49 32
99 49 33
99 49 34
99 49 35
99 49 36
99 49 37
99 49 38
99 49 39
99 50 0
99 50 1
99 50 2
99 50 3
99 50 4
99 50 5
99 50 6
99 50 7
99 50 8
99 50 9
99 50 10
99 50 11
99 50 12
99 50 13
99 50 14
99 50 15
99 50 16
99 50 17
99 50 18
99 50 19
99 50 20
99 50 21
99 50 22
99 50 23
99 50 24
99 50 25
99 50 26
99 50 27
99 50 28
99 50 29
99 50 30
99 50 31
99 50 32
99 50 33
99 50 34
99 50 35
99 50 36
99 50 37
99 50 38
99 50 39
99 51 0
99 51 1
99 51 2
99 51 3
99 51 4
99 51 5
99 51 6
99 51 7
99 51 8
99 51 9
99 51 10
99 51 11
99 51 12
99 51 13
99 51 14
99 51 15
99 51 16
99 51 17
99 51 18
99 51 19
99 51 20
99 51 21
99 51 22
99 51 23
99 51 24
99 51 25
99 51 26
99 51 27
99 51 28
99 51 29
99 51 30
99 51 31
99 51 32
99 51 33
99 51 34
99 51 35
99 51 36
99 51 37
99 51 38
99 51 39
99 52 0
99 52 1
99 52 2
99 52 3
99 52 4
99 52 5
99 52 6
99 52 7
99 52 8
99 52 9
99 52 10
99 52 11
99 52 12
99 52 13
99 52 14
99 52 15
99 52 16
99 52 17
99 52 18
99 52 19
99 52 20
99 52 21
99 52 22
99 52 23
99 52 24
99 52 25
99 52 26
99 52 27
99 52 28
99 52 29
99 52 30
99 52 31
99 52 32
99 52 33
99 52 34
99 52 35
99 52 36
99 52 37
99 52 38
99 52 39
99 53 0
99 53 1
99 53 2
99 53 3
99 53 4
99 53 5
99 53 6
99 53 7
99 53 8
99 53 9
99 53 10
99 53 11
99 53 12
99 53 13
99 53 14
99 53 15
99 53 16
99 53 17
99 53 18
99 53 19
99 53 20
99 53 21
99 53 22
99 53 23
99 53 24
99 53 25
99 53 26
99 53 27
99 53 28
99 53 29
99 53 30
99 53 31
99 53 32
99 53 33
99 53 34
99 53 35
99 53 36
99 53 37
99 53 38
99 53 39
99 54 0
99 54 1
99 54 2
99 54 3
99 54 4
99 54 5
99 54 6
99 54 7
99 54 8
99 54 9
99 54 10
99 54 11
99 54 12
99 54 13
99 54 14
99 54 15
99 54 16
99 54 17
99 54 18
99 54 19
99 54 20
99 54 21
99 54 22
99 54 23
99 54 24
99 54 25
99 54 26
99 54 27
99 54 28
99 54 29
99 54 30
99 54 31
99 54 32
99 54 33
99 54 34
99 54 35
99 54 36
99 54 37
99 54 38
99 54 39
99 55 0
99 55 1
99 55 2
99 55 3
99 55 4
99 55 5
99 55 6
99 55 7
99 55 8
99 55 9
99 55 10
99 55 11
99 55 12
99 55 13
99 55 14
99 55 15
99 55 16
99 55 17
99 55 18
99 55 19
99 55 20
99 55 21
99 55 22
99 55 23
99 55 24
99 55 25
99 55 26
99 55 27
99 55 28
99 55 29
99 55 30
99 55 31
99 55 32
99 55 33
99 55 34
99 55 35
99 55 36
99 55 37
99 55 38
99 55 39
99 56 0
99 56 1
99 56 2
99 56 3
99 56 4
99 56 5
99 56 6
99 56 7
99 56 8
99 56 9
99 56 10
99 56 11
99 56 12
99 56 13
99 56 14
99 56 15
99 56 16
99 56 17
99 56 18
99 56 19
99 56 20
99 56 21
99 56 22
99 56 23
99 56 24
99 56 25
99 56 26
99 56 27
99 56 28
99 56 29
99 56 30
99 56 31
99 56 32
99 56 33
99 56 34
99 56 35
99 56 36
99 56 37
99 56 38
99 56 39
99 57 0
99 57 1
99 57 2
99 57 3
99 57 4
99 57 5
99 57 6
99 57 7
99 57 8
99 57 9
99 57 10
99 57 11
99 57 12
99 57 13
99 57 14
99 57 15
99 57 16
99 57 17
99 57 18
99 57 19
99 57 20
99 57 21
99 57 22
99 57 23
99 57 24
99 57 25
99 57 26
99 57 27
99 57 28
99 57 29
99 57 30
99 57 31
99 57 32
99 57 33
99 57 34
99 57 35
99 57 36
99 57 37
99 57 38
99 57 39
99 58 0
99 58 1
99 58 2
99 58 3
99 58 4
99 58 5
99 58 6
99 58 7
99 58 8
99 58 9
99 58 10
99 58 11
99 58 12
99 58 13
99 58 14
99 58 15
99 58 16
99 58 17
99 58 18
99 58 19
99 58 20
99 58 21
99 58 22
99 58 23
99 58 24
99 58 25
99 58 26
99 58 27
99 58 28
99 58 29
99 58 30
99 58 31
99 58 32
99 58 33
99 58 34
99 58 35
99 58 36
99 58 37
99 58 38
99 58 39
99 59 0
99 59 1
99 59 2
99 59 3
99 59 4
99 59 5
99 59 6
99 59 7
99 59 8
99 59 9
99 59 10
99 59 11
99 59 12
99 59 13
99 59 14
99 59 15
99 59 16
99 59 17
99 59 18
99 59 19
99 59 20
99 59 21
99 59 22
99 59 23
99 59 24
99 59 25
99 59 26
99 59 27
99 59 28
99 59 29
99 59 30
99 59 31
99 59 32
99 59 33
99 59 34
99 59 35
99 59 36
99 59 37
99 59 38
99 59 39
99 60 0
99 60 1
99 60 2
99 60 3
99 60 4
99 60 5
99 60 6
99 60 7
99 60 8
99 60 9
99 60 10
99 60 11
99 60 12
99 60 13
99 60 14
99 60 15
99 60 16
99 60 17
99 60 18
99 60 19
99 60 20
99 60 21
99 60 22
99 60 23
99 60 24
99 60 25
99 60 26
99 60 27
99 60 28
99 60 29
99 60 30
99 60 31
99 60 32
99 60 33
99 60 34
99 60 35
99 60 36
99 60 37
99 60 38
99 60 39
99 61 0
99 61 1
99 61 2
99 61 3
99 61 4
99 61 5
99 61 6
99 61 7
99 61 8
99 61 9
99 61 10
99 61 11
99 61 12
99 61 13
99 61 14
99 61 15
99 61 16
99 61 17
99 61 18
99 61 19
99 61 20
99 61 21
99 61 22
99 61 23
99 61 24
99 61 25
99 61 26
99 61 27
99 61 28
99 61 29
99 61 30
99 61 31
99 61 32
99 61 33
99 61 34
99 61 35
99 61 36
99 61 37
99 61 38
99 61 39
99 62 0
99 62 1
99 62 2
99 62 3
99 62 4
99 62 5
99 62 6
99 62 7
99 62 8
99 62 9
99 62 10
99 62 11
99 62 12
99 62 13
99 62 14
99 62 15
99 62 16
99 62 17
99 62 18
99 62 19
99 62 20
99 62 21
99 62 22
99 62 23
99 62 24
99 62 25
99 62 26
99 62 27
99 62 28
99 62 29
99 62 30
99 62 31
99 62 32
99 62 33
99 62 34
99 62 35
99 62 36
99 62 37
99 62 38
99 62 39
99 63 0
99 63 1
99 63 2
99 63 3
99 63 4
99 63 5
99 63 6
99 63 7
99 63 8
99 63 9
99 63 10
99 63 11
99 63 12
99 63 13
99 63 14
99 63 15
99 63 16
99 63 17
99 63 18
99 63 19
99 63 20
99 63 21
99 63 22
99 63 23
99 63 24
99 63 25
99 63 26
99 63 27
99 63 28
99 63 29
99 63 30
99 63 31
99 63 32
99 63 33
99 63 34
99 63 35
99 63 36
99 63 37
99 63 38
99 63 39
99 64 0
99 64 1
99 64 2
99 64 3
99 64 4
99 64 5
99 64 6
99 64 7
99 64 8
99 64 9
99 64 10
99 64 11
99 64 12
99 64 13
99 64 14
99 64 15
99 64 16
99 64 17
99 64 18
99 64 19
99 64 20
99 64 21
99 64 22
99 64 23
99 64 24
99 64 25
99 64 26
99 64 27
99 64 28
99 64 29
99 64 30
99 64 31
99 64 32
99 64 33
99 64 34
99 64 35
99 64 36
99 64 37
99 64 38
99 64 39
99 65 0
99 65 1
99 65 2
99 65 3
99 65 4
99 65 5
99 65 6
99 65 7
99 65 8
99 65 9
99 65 10
99 65 11
99 65 12
99 65 13
99 65 14
99 65 15
99 65 16
99 65 17
99 65 18
99 65 19
99 65 20
99 65 21
99 65 22
99 65 23
99 65 24
99 65 25
99 65 26
99 65 27
99 65 28
99 65 29
99 65 30
99 65 31
99 65 32
99 65 33
99 65 34
99 65 35
99 65 36
99 65 37
99 65 38
99 65 39
99 66 0
99 66 1
99 66 2
99 66 3
99 66 4
99 66 5
99 66 6
99 66 7
99 66 8
99 66 9
99 66 10
99 66 11
99 66 12
99 66 13
99 66 14
99 66 15
99 66 16
99 66 17
99 66 18
99 66 19
99 66 20
99 66 21
99 66 22
99 66 23
99 66 24
99 66 25
99 66 26
99 66 27
99 66 28
99 66 29
99 66 30
99 66 31
99 66 32
99 66 33
99 66 34
99 66 35
99 66 36
99 66 37
99 66 38
99 66 39
99 67 0
99 67 1
99 67 2
99 67 3
99 67 4
99 67 5
99 67 6
99 67 7
99 67 8
99 67 9
99 67 10
99 67 11
99 67 12
99 67 13
99 67 14
99 67 15
99 67 16
99 67 17
99 67 18
99 67 19
99 67 20
99 67 21
99 67 22
99 67 23
99 67 24
99 67 25
99 67 26
99 67 27
99 67 28
99 67 29
99 67 30
99 67 31
99 67 32
99 67 33
99 67 34
99 67 35
99 67 36
99 67 37
99 67 38
99 67 39
99 68 0
99 68 1
99 68 2
99 68 3
99 68 4
99 68 5
99 68 6
99 68 7
99 68 8
99 68 9
99 68 10
99 68 11
99 68 12
99 68 13
99 68 14
99 68 15
99 68 16
99 68 17
99 68 18
99 68 19
99 68 20
99 68 21
99 68 22
99 68 23
99 68 24
99 68 25
99 68 26
99 68 27
99 68 28
99 68 29
99 68 30
99 68 31
99 68 32
99 68 33
99 68 34
99 68 35
99 68 36
99 68 37
99 68 38
99 68 39
99 69 0
99 69 1
99 69 2
99 69 3
99 69 4
99 69 5
99 69 6
99 69 7
99 69 8
99 69 9
99 69 10
99 69 11
99 69 12
99 69 13
99 69 14
99 69 15
99 69 16
99 69 17
99 69 18
99 69 19
99 69 20
99 69 21
99 69 22
99 69 23
99 69 24
99 69 25
99 69 26
99 69 27
99 69 28
99 69 29
99 69 30
99 69 31
99 69 32
99 69 33
99 69 34
99 69 35
99 69 36
99 69 37
99 69 38
99 69 39
99 70 0
99 70 1
99 70 2
99 70 3
99 70 4
99 70 5
99 70 6
99 70 7
99 70 8
99 70 9
99 70 10
99 70 11
99 70 12
99 70 13
99 70 14
99 70 15
99 70 16
99 70 17
99 70 18
99 70 19
99 70 20
99 70 21
99 70 22
99 70 23
99 70 24
99 70 25
99 70 26
99 70 27
99 70 28
99 70 29
99 70 30
99 70 31
99 70 32
99 70 33
99 70 34
99 70 35
99 70 36
99 70 37
99 70 38
99 70 39
99 71 0
99 71 1
99 71 2
99 71 3
99 71 4
99 71 5
99 71 6
99 71 7
99 71 8
99 71 9
99 71 10
99 71 11
99 71 12
99 71 13
99 71 14
99 71 15
99 71 16
99 71 17
99 71 18
99 71 19
99 71 20
99 71 21
99 71 22
99 71 23
99 71 24
99 71 25
99 71 26
99 71 27
99 71 28
99 71 29
99 71 30
99 71 31
99 71 32
99 71 33
99 71 34
99 71 35
99 71 36
99 71 37
99 71 38
99 71 39
99 72 0
99 72 1
99 72 2
99 72 3
99 72 4
99 72 5
99 72 6
99 72 7
99 72 8
99 72 9
99 72 10
99 72 11
99 72 12
99 72 13
99 72 14
99 72 15
99 72 16
99 72 17
99 72 18
99 72 19
99 72 20
99 72 21
99 72 22
99 72 23
99 72 24
99 72 25
99 72 26
99 72 27
99 72 28
99 72 29
99 72 30
99 72 31
99 72 32
99 72 33
99 72 34
99 72 35
99 72 36
99 72 37
99 72 38
99 72 39
99 73 0
99 73 1
99 73 2
99 73 3
99 73 4
99 73 5
99 73 6
99 73 7
99 73 8
99 73 9
99 73 10
99 73 11
99 73 12
99 73 13
99 73 14
99 73 15
99 73 16
99 73 17
99 73 18
99 73 19
99 73 20
99 73 21
99 73 22
99 73 23
99 73 24
99 73 25
99 73 26
99 73 27
99 73 28
99 73 29
99 73 30
99 73 31
99 73 32
99 73 33
99 73 34
99 73 35
99 73 36
99 73 37
99 73 38
99 73 39
99 74 0
99 74 1
99 74 2
99 74 3
99 74 4
99 74 5
99 74 6
99 74 7
99 74 8
99 74 9
99 74 10
99 74 11
99 74 12
99 74 13
99 74 14
99 74 15
99 74 16
99 74 17
99 74 18
99 74 19
99 74 20
99 74 21
99 74 22
99 74 23
99 74 24
99 74 25
99 74 26
99 74 27
99 74 28
99 74 29
99 74 30
99 74 31
99 74 32
99 74 33
99 74 34
99 74 35
99 74 36
99 74 37
99 74 38
99 74 39
99 75 0
99 75 1
99 75 2
99 75 3
99 75 4
99 75 5
99 75 6
99 75 7
99 75 8
99 75 9
99 75 10
99 75 11
99 75 12
99 75 13
99 75 14
99 75 15
99 75 16
99 75 17
99 75 18
99 75 19
99 75 20
99 75 21
99 75 22
99 75 23
99 75 24
99 75 25
99 75 26
99 75 27
99 75 28
99 75 29
99 75 30
99 75 31
99 75 32
99 75 33
99 75 34
99 75 35
99 75 36
99 75 37
99 75 38
99 75 39
99 76 0
99 76 1
99 76 2
99 76 3
99 76 4
99 76 5
99 76 6
99 76 7
99 76 8
99 76 9
99 76 10
99 76 11
99 76 12
99 76 13
99 76 14
99 76 15
99 76 16
99 76 17
99 76 18
99 76 19
99 76 20
99 76 21
99 76 22
99 76 23
99 76 24
99 76 25
99 76 26
99 76 27
99 76 28
99 76 29
99 76 30
99 76 31
99 76 32
99 76 33
99 76 34
99 76 35
99 76 36
99 76 37
99 76 38
99 76 39
99 77 0
99 77 1
99 77 2
99 77 3
99 77 4
99 77 5
99 77 6
99 77 7
99 77 8
99 77 9
99 77 10
99 77 11
99 77 12
99 77 13
99 77 14
99 77 15
99 77 16
99 77 17
99 77 18
99 77 19
99 77 20
99 77 21
99 77 22
99 77 23
99 77 24
99 77 25
99 77 26
99 77 27
99 77 28
99 77 29
99 77 30
99 77 31
99 77 32
99 77 33
99 77 34
99 77 35
99 77 36
99 77 37
99 77 38
99 77 39
99 78 0
99 78 1
99 78 2
99 78 3
99 78 4
99 78 5
99 78 6
99 78 7
99 78 8
99 78 9
99 78 10
99 78 11
99 78 12
99 78 13
99 78 14
99 78 15
99 78 16
99 78 17
99 78 18
99 78 19
99 78 20
99 78 21
99 78 22
99 78 23
99 78 24
99 78 25
99 78 26
99 78 27
99 78 28
99 78 29
99 78 30
99 78 31
99 78 32
99 78 33
99 78 34
99 78 35
99 78 36
99 78 37
99 78 38
99 78 39
99 79 0
99 79 1
99 79 2
99 79 3
99 79 4
99 79 5
99 79 6
99 79 7
99 79 8
99 79 9
99 79 10
99 79 11
99 79 12
99 79 13
99 79 14
99 79 15
99 79 16
99 79 17
99 79 18
99 79 19
99 79 20
99 79 21
99 79 22
99 79 23
99 79 24
99 79 25
99 79 26
99 79 27
99 79 28
99 79 29
99 79 30
99 79 31
99 79 32
99 79 33
99 79 34
99 79 35
99 79 36
99 79 37
99 79 38
99 79 39
99 80 0
99 80 1
99 80 2
99 80 3
99 80 4
99 80 5
99 80 6
99 80 7
99 80 8
99 80 9
99 80 10
99 80 11
99 80 12
99 80 13
99 80 14
99 80 15
99 80 16
99 80 17
99 80 18
99 80 19
99 80 20
99 80 21
99 80 22
99 80 23
99 80 24
99 80 25
99 80 26
99 80 27
99 80 28
99 80 29
99 80 30
99 80 31
99 80 32
99 80 33
99 80 34
99 80 35
99 80 36
99 80 37
99 80 38
99 80 39
99 81 0
99 81 1
99 81 2
99 81 3
99 81 4
99 81 5
99 81 6
99 81 7
99 81 8
99 81 9
99 81 10
99 81 11
99 81 12
99 81 13
99 81 14
99 81 15
99 81 16
99 81 17
99 81 18
99 81 19
99 81 20
99 81 21
99 81 22
99 81 23
99 81 24
99 81 25
99 81 26
99 81 27
99 81 28
99 81 29
99 81 30
99 81 31
99 81 32
99 81 33
99 81 34
99 81 35
99 81 36
99 81 37
99 81 38
99 81 39
99 82 0
99 82 1
99 82 2
99 82 3
99 82 4
99 82 5
99 82 6
99 82 7
99 82 8
99 82 9
99 82 10
99 82 11
99 82 12
99 82 13
99 82 14
99 82 15
99 82 16
99 82 17
99 82 18
99 82 19
99 82 20
99 82 21
99 82 22
99 82 23
99 82 24
99 82 25
99 82 26
99 82 27
99 82 28
99 82 29
99 82 30
99 82 31
99 82 32
99 82 33
99 82 34
99 82 35
99 82 36
99 82 37
99 82 38
99 82 39
99 83 0
99 83 1
99 83 2
99 83 3
99 83 4
99 83 5
99 83 6
99 83 7
99 83 8
99 83 9
99 83 10
99 83 11
99 83 12
99 83 13
99 83 14
99 83 15
99 83 16
99 83 17
99 83 18
99 83 19
99 83 20
99 83 21
99 83 22
99 83 23
99 83 24
99 83 25
99 83 26
99 83 27
99 83 28
99 83 29
99 83 30
99 83 31
99 83 32
99 83 33
99 83 34
99 83 35
99 83 36
99 83 37
99 83 38
99 83 39
99 84 0
99 84 1
99 84 2
99 84 3
99 84 4
99 84 5
99 84 6
99 84 7
99 84 8
99 84 9
99 84 10
99 84 11
99 84 12
99 84 13
99 84 14
99 84 15
99 84 16
99 84 17
99 84 18
99 84 19
99 84 20
99 84 21
99 84 22
99 84 23
99 84 24
99 84 25
99 84 26
99 84 27
99 84 28
99 84 29
99 84 30
99 84 31
99 84 32
99 84 33
99 84 34
99 84 35
99 84 36
99 84 37
99 84 38
99 84 39
99 85 0
99 85 1
99 85 2
99 85 3
99 85 4
99 85 5
99 85 6
99 85 7
99 85 8
99 85 9
99 85 10
99 85 11
99 85 12
99 85 13
99 85 14
99 85 15
99 85 16
99 85 17
99 85 18
99 85 19
99 85 20
99 85 21
99 85 22
99 85 23
99 85 24
99 85 25
99 85 26
99 85 27
99 85 28
99 85 29
99 85 30
99 85 31
99 85 32
99 85 33
99 85 34
99 85 35
99 85 36
99 85 37
99 85 38
99 85 39
99 86 0
99 86 1
99 86 2
99 86 3
99 86 4
99 86 5
99 86 6
99 86 7
99 86 8
99 86 9
99 86 10
99 86 11
99 86 12
99 86 13
99 86 14
99 86 15
99 86 16
99 86 17
99 86 18
99 86 19
99 86 20
99 86 21
99 86 22
99 86 23
99 86 24
99 86 25
99 86 26
99 86 27
99 86 28
99 86 29
99 86 30
99 86 31
99 86 32
99 86 33
99 86 34
99 86 35
99 86 36
99 86 37
99 86 38
99 86 39
99 87 0
99 87 1
99 87 2
99 87 3
99 87 4
99 87 5
99 87 6
99 87 7
99 87 8
99 87 9
99 87 10
99 87 11
99 87 12
99 87 13
99 87 14
99 87 15
99 87 16
99 87 17
99 87 18
99 87 19
99 87 20
99 87 21
99 87 22
99 87 23
99 87 24
99 87 25
99 87 26
99 87 27
99 87 28
99 87 29
99 87 30
99 87 31
99 87 32
99 87 33
99 87 34
99 87 35
99 87 36
99 87 37
99 87 38
99 87 39
99 88 0
99 88 1
99 88 2
99 88 3
99 88 4
99 88 5
99 88 6
99 88 7
99 88 8
99 88 9
99 88 10
99 88 11
99 88 12
99 88 13
99 88 14
99 88 15
99 88 16
99 88 17
99 88 18
99 88 19
99 88 20
99 88 21
99 88 22
99 88 23
99 88 24
99 88 25
99 88 26
99 88 27
99 88 28
99 88 29
99 88 30
99 88 31
99 88 32
99 88 33
99 88 34
99 88 35
99 88 36
99 88 37
99 88 38
99 88 39
99 89 0
99 89 1
99 89 2
99 89 3
99 89 4
99 89 5
99 89 6
99 89 7
99 89 8
99 89 9
99 89 10
99 89 11
99 89 12
99 89 13
99 89 14
99 89 15
99 89 16
99 89 17
99 89 18
99 89 19
99 89 20
99 89 21
99 89 22
99 89 23
99 89 24
99 89 25
99 89 26
99 89 27
99 89 28
99 89 29
99 89 30
99 89 31
99 89 32
99 89 33
99 89 34
99 89 35
99 89 36
99 89 37
99 89 38
99 89 39
99 90 0
99 90 1
99 90 2
99 90 3
99 90 4
99 90 5
99 90 6
99 90 7
99 90 8
99 90 9
99 90 10
99 90 11
99 90 12
99 90 13
99 90 14
99 90 15
99 90 16
99 90 17
99 90 18
99 90 19
99 90 20
99 90 21
99 90 22
99 90 23
99 90 24
99 90 25
99 90 26
99 90 27
99 90 28
99 90 29
99 90 30
99 90 31
99 90 32
99 90 33
99 90 34
99 90 35
99 90 36
99 90 37
99 90 38
99 90 39
99 91 0
99 91 1
99 91 2
99 91 3
99 91 4
99 91 5
99 91 6
99 91 7
99 91 8
99 91 9
99 91 10
99 91 11
99 91 12
99 91 13
99 91 14
99 91 15
99 91 16
99 91 17
99 91 18
99 91 19
99 91 20
99 91 21
99 91 22
99 91 23
99 91 24
99 91 25
99 91 26
99 91 27
99 91 28
99 91 29
99 91 30
99 91 31
99 91 32
99 91 33
99 91 34
99 91 35
99 91 36
99 91 37
99 91 38
99 91 39
99 92 0
99 92 1
99 92 2
99 92 3
99 92 4
99 92 5
99 92 6
99 92 7
99 92 8
99 92 9
99 92 10
99 92 11
99 92 12
99 92 13
99 92 14
99 92 15
99 92 16
99 92 17
99 92 18
99 92 19
99 92 20
99 92 21
99 92 22
99 92 23
99 92 24
99 92 25
99 92 26
99 92 27
99 92 28
99 92 29
99 92 30
99 92 31
99 92 32
99 92 33
99 92 34
99 92 35
99 92 36
99 92 37
99 92 38
99 92 39
99 93 0
99 93 1
99 93 2
99 93 3
99 93 4
99 93 5
99 93 6
99 93 7
99 93 8
99 93 9
99 93 10
99 93 11
99 93 12
99 93 13
99 93 14
99 93 15
99 93 16
99 93 17
99 93 18
99 93 19
99 93 20
99 93 21
99 93 22
99 93 23
99 93 24
99 93 25
99 93 26
99 93 27
99 93 28
99 93 29
99 93 30
99 93 31
99 93 32
99 93 33
99 93 34
99 93 35
99 93 36
99 93 37
99 93 38
99 93 39
99 94 0
99 94 1
99 94 2
99 94 3
99 94 4
99 94 5
99 94 6
99 94 7
99 94 8
99 94 9
99 94 10
99 94 11
99 94 12
99 94 13
99 94 14
99 94 15
99 94 16
99 94 17
99 94 18
99 94 19
99 94 20
99 94 21
99 94 22
99 94 23
99 94 24
99 94 25
99 94 26
99 94 27
99 94 28
99 94 29
99 94 30
99 94 31
99 94 32
99 94 33
99 94 34
99 94 35
99 94 36
99 94 37
99 94 38
99 94 39
99 95 0
99 95 1
99 95 2
99 95 3
99 95 4
99 95 5
99 95 6
99 95 7
99 95 8
99 95 9
99 95 10
99 95 11
99 95 12
99 95 13
99 95 14
99 95 15
99 95 16
99 95 17
99 95 18
99 95 19
99 95 20
99 95 21
99 95 22
99 95 23
99 95 24
99 95 25
99 95 26
99 95 27
99 95 28
99 95 29
99 95 30
99 95 31
99 95 32
99 95 33
99 95 34
99 95 35
99 95 36
99 95 37
99 95 38
99 95 39
99 96 0
99 96 1
99 96 2
99 96 3
99 96 4
99 96 5
99 96 6
99 96 7
99 96 8
99 96 9
99 96 10
99 96 11
99 96 12
99 96 13
99 96 14
99 96 15
99 96 16
99 96 17
99 96 18
99 96 19
99 96 20
99 96 21
99 96 22
99 96 23
99 96 24
99 96 25
99 96 26
99 96 27
99 96 28
99 96 29
99 96 30
99 96 31
99 96 32
99 96 33
99 96 34
99 96 35
99 96 36
99 96 37
99 96 38
99 96 39
99 97 0
99 97 1
99 97 2
99 97 3
99 97 4
99 97 5
99 97 6
99 97 7
99 97 8
99 97 9
99 97 10
99 97 11
99 97 12
99 97 13
99 97 14
99 97 15
99 97 16
99 97 17
99 97 18
99 97 19
99 97 20
99 97 21
99 97 22
99 97 23
99 97 24
99 97 25
99 97 26
99 97 27
99 97 28
99 97 29
99 97 30
99 97 31
99 97 32
99 97 33
99 97 34
99 97 35
99 97 36
99 97 37
99 97 38
99 97 39
99 98 0
99 98 1
99 98 2
99 98 3
99 98 4
99 98 5
99 98 6
99 98 7
99 98 8
99 98 9
99 98 10
99 98 11
99 98 12
99 98 13
99 98 14
99 98 15
99 98 16
99 98 17
99 98 18
99 98 19
99 98 20
99 98 21
99 98 22
99 98 23
99 98 24
99 98 25
99 98 26
99 98 27
99 98 28
99 98 29
99 98 30
99 98 31
99 98 32
99 98 33
99 98 34
99 98 35
99 98 36
99 98 37
99 98 38
99 98 39
99 99 0
99 99 1
99 99 2
99 99 3
99 99 4
99 99 5
99 99 6
99 99 7
99 99 8
99 99 9
99 99 10
99 99 11
99 99 12
99 99 13
99 99 14
99 99 15
99 99 16
99 99 17
99 99 18
99 99 19
99 99 20
99 99 21
99 99 22
99 99 23
99 99 24
99 99 25
99 99 26
99 99 27
99 99 28
99 99 29
99 99 30
99 99 31
99 99 32
99 99 33
99 99 34
99 99 35
99 99 36
99 99 37
99 99 38
99 99 39
